file_id,neighborhood,date,count,type,x,y
zuubN1KFegx8Wxe09/gGJwvReL5yRk3gVGUCmg==,Golden Hill,2025-01-01,5,2,6286135.560410695,1842683.3351150632
zuubN1KFegx8Wxe09/gGJwvReL5yRk3gVGUCmg==,Golden Hill,2025-01-01,2,2,6285656.260887334,1842715.9241365583
zuubN1KFegx8Wxe09/gGJwvReL5yRk3gVGUCmg==,Golden Hill,2025-01-01,2,1,6285769.3760087285,1842503.6159449029
zuubN1KFegx8Wxe09/gGJwvReL5yRk3gVGUCmg==,Golden Hill,2025-01-01,4,2,6285717.767457229,1842274.50155465
zuubN1KFegx8Wxe09/gGJwvReL5yRk3gVGUCmg==,Golden Hill,2025-01-01,1,1,6285772.509908706,1842009.006667684
zuubN1KFegx8Wxe09/gGJwvReL5yRk3gVGUCmg==,Golden Hill,2025-01-01,1,2,6285750.545084156,1841783.249340107
ZIRws5IWs72qwj6mVV92G/kvSMcMjR+ggQsbGQ==,Golden Hill,2025-02-20,6,2,6285389.026221818,1842576.4012027315
ZIRws5IWs72qwj6mVV92G/kvSMcMjR+ggQsbGQ==,Golden Hill,2025-02-20,7,2,6285700.228608827,1842527.7229234502
ZIRws5IWs72qwj6mVV92G/kvSMcMjR+ggQsbGQ==,Golden Hill,2025-02-20,4,2,6285394.51247872,1842281.0572571836
ZIRws5IWs72qwj6mVV92G/kvSMcMjR+ggQsbGQ==,Golden Hill,2025-02-20,9,2,6285706.378113453,1842113.487472583
ZIRws5IWs72qwj6mVV92G/kvSMcMjR+ggQsbGQ==,Golden Hill,2025-02-20,1,2,6285766.943672102,1842266.3712717595
ZIRws5IWs72qwj6mVV92G/kvSMcMjR+ggQsbGQ==,Golden Hill,2025-02-20,2,1,6285714.428614622,1842734.6931066008
ZIRws5IWs72qwj6mVV92G/kvSMcMjR+ggQsbGQ==,Golden Hill,2025-02-20,5,1,6285418.658034102,1842081.429621991
ZIRws5IWs72qwj6mVV92G/kvSMcMjR+ggQsbGQ==,Golden Hill,2025-02-20,3,1,6285687.996951117,1841967.9134341904
ZIRws5IWs72qwj6mVV92G/kvSMcMjR+ggQsbGQ==,Golden Hill,2025-02-20,6,2,6285761.640856586,1841840.7285528674
ZIRws5IWs72qwj6mVV92G/kvSMcMjR+ggQsbGQ==,Golden Hill,2025-02-20,4,2,6285803.217076034,1841268.954413625
ZIRws5IWs72qwj6mVV92G/kvSMcMjR+ggQsbGQ==,Golden Hill,2025-02-20,4,2,6285420.210761114,1841114.9895272143
ZIRws5IWs72qwj6mVV92G/kvSMcMjR+ggQsbGQ==,Golden Hill,2025-02-20,6,2,6285445.468861065,1840715.9309798733
ZIRws5IWs72qwj6mVV92G/kvSMcMjR+ggQsbGQ==,Golden Hill,2025-02-20,3,2,6285435.321641284,1840470.5759110586
ZIRws5IWs72qwj6mVV92G/kvSMcMjR+ggQsbGQ==,Golden Hill,2025-02-20,8,2,6285692.331039554,1840502.8960590423
ZIRws5IWs72qwj6mVV92G/kvSMcMjR+ggQsbGQ==,Golden Hill,2025-02-20,5,1,6285861.496526559,1840455.4309051987
aSpgRb18YNGzI8DRtHh1aRd8WSEfKr00RmzeVA==,Golden Hill,2025-03-20,5,2,6285438.412656859,1842571.2704382404
aSpgRb18YNGzI8DRtHh1aRd8WSEfKr00RmzeVA==,Golden Hill,2025-03-20,1,2,6285874.364985949,1842561.0288659246
aSpgRb18YNGzI8DRtHh1aRd8WSEfKr00RmzeVA==,Golden Hill,2025-03-20,1,1,6285493.072233885,1842145.894256991
aSpgRb18YNGzI8DRtHh1aRd8WSEfKr00RmzeVA==,Golden Hill,2025-03-20,3,2,6285729.298708961,1841920.965892374
aSpgRb18YNGzI8DRtHh1aRd8WSEfKr00RmzeVA==,Golden Hill,2025-03-20,2,2,6285979.971900137,1841913.5348210752
aSpgRb18YNGzI8DRtHh1aRd8WSEfKr00RmzeVA==,Golden Hill,2025-03-20,1,2,6285736.741601241,1841467.2770833753
aSpgRb18YNGzI8DRtHh1aRd8WSEfKr00RmzeVA==,Golden Hill,2025-03-20,2,2,6285932.891184976,1841536.8738336926
f6LtfVta80FzzCaXhNZC9iqKiwt4iOgJKTFI2w==,Golden Hill,2025-04-24,15,2,6285403.153647941,1842560.0946814094
f6LtfVta80FzzCaXhNZC9iqKiwt4iOgJKTFI2w==,Golden Hill,2025-04-24,4,2,6285755.719662177,1842404.2053773499
f6LtfVta80FzzCaXhNZC9iqKiwt4iOgJKTFI2w==,Golden Hill,2025-04-24,8,2,6285731.231213372,1842143.3362008636
f6LtfVta80FzzCaXhNZC9iqKiwt4iOgJKTFI2w==,Golden Hill,2025-04-24,4,2,6285433.215588696,1842266.6023550562
f6LtfVta80FzzCaXhNZC9iqKiwt4iOgJKTFI2w==,Golden Hill,2025-04-24,6,2,6285758.502858041,1841610.7088476007
f6LtfVta80FzzCaXhNZC9iqKiwt4iOgJKTFI2w==,Golden Hill,2025-04-24,5,2,6285788.602924767,1841306.3467057717
f6LtfVta80FzzCaXhNZC9iqKiwt4iOgJKTFI2w==,Golden Hill,2025-04-24,2,1,6285789.263774926,1841117.9365708542
k02DNmH5YLUkFFLMTsQdfOJWP1kVrhgEFQVXTw==,Golden Hill,2025-05-22,2,2,6285668.874696768,1842542.6956588284
k02DNmH5YLUkFFLMTsQdfOJWP1kVrhgEFQVXTw==,Golden Hill,2025-05-22,3,2,6285749.061702648,1841899.4764239697
k02DNmH5YLUkFFLMTsQdfOJWP1kVrhgEFQVXTw==,Golden Hill,2025-05-22,5,2,6285747.394714643,1841535.9341282258
zudQE5tdGTEE0L+y1lGKKdmluAh2/JeWPWJD0w==,Golden Hill,2025-06-18,6,2,6285752.373730017,1842558.860584416
zudQE5tdGTEE0L+y1lGKKdmluAh2/JeWPWJD0w==,Golden Hill,2025-06-18,4,1,6285722.990774712,1842311.615475151
zudQE5tdGTEE0L+y1lGKKdmluAh2/JeWPWJD0w==,Golden Hill,2025-06-18,2,2,6285798.083326709,1841305.5549666442
zudQE5tdGTEE0L+y1lGKKdmluAh2/JeWPWJD0w==,Golden Hill,2025-06-18,10,2,6285779.254947658,1840774.127613279
X1ufVO4JbKjdbVk4Q8UTh6NT5k3ZEj8TsOPgiQ==,Sherman Heights,2025-01-01,3,2,6286103.186853414,1840323.1669551316
X1ufVO4JbKjdbVk4Q8UTh6NT5k3ZEj8TsOPgiQ==,Sherman Heights,2025-01-01,1,1,6285651.101589973,1839962.5655829185
X1ufVO4JbKjdbVk4Q8UTh6NT5k3ZEj8TsOPgiQ==,Sherman Heights,2025-01-01,4,2,6285758.213653244,1839958.4906057417
X1ufVO4JbKjdbVk4Q8UTh6NT5k3ZEj8TsOPgiQ==,Sherman Heights,2025-01-01,2,3,6285695.8903164035,1839401.8436836018
X1ufVO4JbKjdbVk4Q8UTh6NT5k3ZEj8TsOPgiQ==,Sherman Heights,2025-01-01,5,2,6285649.13831245,1839257.8922897857
X1ufVO4JbKjdbVk4Q8UTh6NT5k3ZEj8TsOPgiQ==,Sherman Heights,2025-01-01,1,1,6285637.711150873,1839145.035646681
X1ufVO4JbKjdbVk4Q8UTh6NT5k3ZEj8TsOPgiQ==,Sherman Heights,2025-01-01,2,3,6285754.779179799,1839161.5572724817
X1ufVO4JbKjdbVk4Q8UTh6NT5k3ZEj8TsOPgiQ==,Sherman Heights,2025-01-01,1,1,6285769.225419685,1838797.8411281807
TYyiKgwzyGUCbBkRJkXL28ymteSRW/W6i+Qj/A==,Sherman Heights,2025-02-20,15,2,6285705.067884431,1840021.576031078
TYyiKgwzyGUCbBkRJkXL28ymteSRW/W6i+Qj/A==,Sherman Heights,2025-02-20,3,2,6286135.363035473,1840314.6443522088
TYyiKgwzyGUCbBkRJkXL28ymteSRW/W6i+Qj/A==,Sherman Heights,2025-02-20,1,3,6286280.212368608,1840314.8476505151
TYyiKgwzyGUCbBkRJkXL28ymteSRW/W6i+Qj/A==,Sherman Heights,2025-02-20,2,2,6286466.447225496,1840315.109034052
TYyiKgwzyGUCbBkRJkXL28ymteSRW/W6i+Qj/A==,Sherman Heights,2025-02-20,3,2,6285739.15273863,1839776.9087635572
TYyiKgwzyGUCbBkRJkXL28ymteSRW/W6i+Qj/A==,Sherman Heights,2025-02-20,1,1,6285913.021325282,1839681.6542128315
TYyiKgwzyGUCbBkRJkXL28ymteSRW/W6i+Qj/A==,Sherman Heights,2025-02-20,1,1,6285731.852069075,1839532.1834108063
TYyiKgwzyGUCbBkRJkXL28ymteSRW/W6i+Qj/A==,Sherman Heights,2025-02-20,9,2,6285751.630484595,1839371.0573197326
TYyiKgwzyGUCbBkRJkXL28ymteSRW/W6i+Qj/A==,Sherman Heights,2025-02-20,1,1,6285644.1946259765,1839191.8466980571
TYyiKgwzyGUCbBkRJkXL28ymteSRW/W6i+Qj/A==,Sherman Heights,2025-02-20,1,1,6285732.505379682,1839126.3153712014
TYyiKgwzyGUCbBkRJkXL28ymteSRW/W6i+Qj/A==,Sherman Heights,2025-02-20,8,2,6285675.662018134,1839006.8623681432
TYyiKgwzyGUCbBkRJkXL28ymteSRW/W6i+Qj/A==,Sherman Heights,2025-02-20,1,3,6285799.784724712,1839001.067915179
TYyiKgwzyGUCbBkRJkXL28ymteSRW/W6i+Qj/A==,Sherman Heights,2025-02-20,3,3,6285766.166925382,1838807.0392454916
TYyiKgwzyGUCbBkRJkXL28ymteSRW/W6i+Qj/A==,Sherman Heights,2025-02-20,3,2,6285797.668182219,1838628.0236242325
TYyiKgwzyGUCbBkRJkXL28ymteSRW/W6i+Qj/A==,Sherman Heights,2025-02-20,1,1,6285784.895535825,1838460.8831861084
CZQxoDYVL0ziOUahsooEqQs2946E4PA5caaC0g==,Sherman Heights,2025-03-01,1,2,6285820.382506737,1840175.1769166475
CZQxoDYVL0ziOUahsooEqQs2946E4PA5caaC0g==,Sherman Heights,2025-03-01,13,2,6285670.007207709,1839320.3447997312
CZQxoDYVL0ziOUahsooEqQs2946E4PA5caaC0g==,Sherman Heights,2025-03-01,4,2,6285661.421290626,1838986.2015367874
CZQxoDYVL0ziOUahsooEqQs2946E4PA5caaC0g==,Sherman Heights,2025-03-01,1,1,6285787.12798514,1838960.3734647213
CZQxoDYVL0ziOUahsooEqQs2946E4PA5caaC0g==,Sherman Heights,2025-03-01,2,3,6285735.361028289,1838804.7582156144
CZQxoDYVL0ziOUahsooEqQs2946E4PA5caaC0g==,Sherman Heights,2025-03-01,10,1,6285609.527076941,1838190.5727518348
CZQxoDYVL0ziOUahsooEqQs2946E4PA5caaC0g==,Sherman Heights,2025-03-01,7,1,6285867.12012863,1838204.0340105153
CZQxoDYVL0ziOUahsooEqQs2946E4PA5caaC0g==,Sherman Heights,2025-03-01,15,2,6285613.90838103,1838054.6287223394
CZQxoDYVL0ziOUahsooEqQs2946E4PA5caaC0g==,Sherman Heights,2025-03-01,1,2,6285860.180596152,1838053.961072924
2p59oNprCfVaTdrbqc5N2c/PP/J1/VXUfMr4Pw==,Sherman Heights,2025-04-24,2,2,6286128.595675665,1840329.3795571607
2p59oNprCfVaTdrbqc5N2c/PP/J1/VXUfMr4Pw==,Sherman Heights,2025-04-24,1,1,6285660.503439408,1840130.0102296208
2p59oNprCfVaTdrbqc5N2c/PP/J1/VXUfMr4Pw==,Sherman Heights,2025-04-24,2,1,6285755.609482096,1839977.4662856152
2p59oNprCfVaTdrbqc5N2c/PP/J1/VXUfMr4Pw==,Sherman Heights,2025-04-24,1,1,6285634.937713588,1839781.8826203865
2p59oNprCfVaTdrbqc5N2c/PP/J1/VXUfMr4Pw==,Sherman Heights,2025-04-24,3,2,6285758.21777954,1839785.0515597165
2p59oNprCfVaTdrbqc5N2c/PP/J1/VXUfMr4Pw==,Sherman Heights,2025-04-24,7,2,6285791.616932588,1839564.4242163254
2p59oNprCfVaTdrbqc5N2c/PP/J1/VXUfMr4Pw==,Sherman Heights,2025-04-24,3,2,6285648.551038651,1839388.5870706304
2p59oNprCfVaTdrbqc5N2c/PP/J1/VXUfMr4Pw==,Sherman Heights,2025-04-24,8,2,6285794.233764926,1839380.4987154976
2p59oNprCfVaTdrbqc5N2c/PP/J1/VXUfMr4Pw==,Sherman Heights,2025-04-24,2,2,6285662.326526685,1839156.5867972174
2p59oNprCfVaTdrbqc5N2c/PP/J1/VXUfMr4Pw==,Sherman Heights,2025-04-24,1,3,6285791.201567789,1839151.2819295512
2p59oNprCfVaTdrbqc5N2c/PP/J1/VXUfMr4Pw==,Sherman Heights,2025-04-24,15,2,6285757.233421865,1838805.9609348956
2p59oNprCfVaTdrbqc5N2c/PP/J1/VXUfMr4Pw==,Sherman Heights,2025-04-24,1,2,6285668.3397116,1839564.0850186858
2p59oNprCfVaTdrbqc5N2c/PP/J1/VXUfMr4Pw==,Sherman Heights,2025-04-24,13,2,6285689.664130423,1838480.355623624
2p59oNprCfVaTdrbqc5N2c/PP/J1/VXUfMr4Pw==,Sherman Heights,2025-04-24,1,1,6285890.921072918,1838014.0032954186
2p59oNprCfVaTdrbqc5N2c/PP/J1/VXUfMr4Pw==,Sherman Heights,2025-04-24,3,1,6285711.802209058,1838205.9323519694
vNTREci5FPsHHOx23EEIlj7QC4e+Kg8oH/WN3g==,Sherman Heights,2025-05-01,4,2,6286341.352162825,1840293.950007849
vNTREci5FPsHHOx23EEIlj7QC4e+Kg8oH/WN3g==,Sherman Heights,2025-05-01,2,2,6287245.390091911,1840291.864318337
vNTREci5FPsHHOx23EEIlj7QC4e+Kg8oH/WN3g==,Sherman Heights,2025-05-01,4,2,6285688.694654205,1839966.260118702
vNTREci5FPsHHOx23EEIlj7QC4e+Kg8oH/WN3g==,Sherman Heights,2025-05-01,1,1,6285806.33805446,1839952.9258051147
vNTREci5FPsHHOx23EEIlj7QC4e+Kg8oH/WN3g==,Sherman Heights,2025-05-01,2,3,6285808.2419163035,1839678.0565774897
vNTREci5FPsHHOx23EEIlj7QC4e+Kg8oH/WN3g==,Sherman Heights,2025-05-01,4,2,6285778.319859606,1839553.1551470596
vNTREci5FPsHHOx23EEIlj7QC4e+Kg8oH/WN3g==,Sherman Heights,2025-05-01,3,1,6285655.27534029,1839538.1127029043
vNTREci5FPsHHOx23EEIlj7QC4e+Kg8oH/WN3g==,Sherman Heights,2025-05-01,6,2,6285782.21769308,1839394.4876198985
vNTREci5FPsHHOx23EEIlj7QC4e+Kg8oH/WN3g==,Sherman Heights,2025-05-01,1,3,6285791.909194449,1839207.5227829283
vNTREci5FPsHHOx23EEIlj7QC4e+Kg8oH/WN3g==,Sherman Heights,2025-05-01,4,2,6285660.684486773,1839161.25001567
vNTREci5FPsHHOx23EEIlj7QC4e+Kg8oH/WN3g==,Sherman Heights,2025-05-01,2,3,6285818.432131136,1839015.0097111033
vNTREci5FPsHHOx23EEIlj7QC4e+Kg8oH/WN3g==,Sherman Heights,2025-05-01,10,2,6285690.2416495,1838934.7523652972
vNTREci5FPsHHOx23EEIlj7QC4e+Kg8oH/WN3g==,Sherman Heights,2025-05-01,8,2,6285812.862392521,1838606.8968387821
vNTREci5FPsHHOx23EEIlj7QC4e+Kg8oH/WN3g==,Sherman Heights,2025-05-01,20,2,6285708.062484325,1838382.2795165863
nM7RQomgUjfG7TPpQOZErpLm/0b7Q/zGutHHzg==,Sherman Heights,2025-06-18,12,2,6285686.36601643,1840252.0762185242
nM7RQomgUjfG7TPpQOZErpLm/0b7Q/zGutHHzg==,Sherman Heights,2025-06-18,12,2,6285686.36601643,1840252.0762185242
nM7RQomgUjfG7TPpQOZErpLm/0b7Q/zGutHHzg==,Sherman Heights,2025-06-18,3,2,6285664.8781914525,1839945.9213841974
nM7RQomgUjfG7TPpQOZErpLm/0b7Q/zGutHHzg==,Sherman Heights,2025-06-18,12,2,6285686.36601643,1840252.0762185242
nM7RQomgUjfG7TPpQOZErpLm/0b7Q/zGutHHzg==,Sherman Heights,2025-06-18,2,1,6285785.376158576,1839928.780683415
nM7RQomgUjfG7TPpQOZErpLm/0b7Q/zGutHHzg==,Sherman Heights,2025-06-18,5,2,6285669.577168722,1839795.6621864215
nM7RQomgUjfG7TPpQOZErpLm/0b7Q/zGutHHzg==,Sherman Heights,2025-06-18,2,3,6285780.9396830555,1839659.462117993
nM7RQomgUjfG7TPpQOZErpLm/0b7Q/zGutHHzg==,Sherman Heights,2025-06-18,1,3,6285690.399945718,1839529.1511845237
nM7RQomgUjfG7TPpQOZErpLm/0b7Q/zGutHHzg==,Sherman Heights,2025-06-18,6,2,6285695.1676303735,1839390.231844009
nM7RQomgUjfG7TPpQOZErpLm/0b7Q/zGutHHzg==,Sherman Heights,2025-06-18,2,2,6285717.901886411,1838976.299653183
nM7RQomgUjfG7TPpQOZErpLm/0b7Q/zGutHHzg==,Sherman Heights,2025-06-18,6,2,6285802.476408862,1838584.9801971677
XTwiH+zeEShu17QxUWn+cQEQjhm6aVcwNJYuXQ==,east_village_south,2025-01-01,2,1,6282117.729077911,1839446.6123141553
XTwiH+zeEShu17QxUWn+cQEQjhm6aVcwNJYuXQ==,east_village_south,2025-01-01,3,1,6282332.217639498,1839719.4735280855
XTwiH+zeEShu17QxUWn+cQEQjhm6aVcwNJYuXQ==,east_village_south,2025-01-01,1,1,6282498.784323886,1839708.1280077405
XTwiH+zeEShu17QxUWn+cQEQjhm6aVcwNJYuXQ==,east_village_south,2025-01-01,1,1,6282407.801714006,1839182.948810923
XTwiH+zeEShu17QxUWn+cQEQjhm6aVcwNJYuXQ==,east_village_south,2025-01-01,2,2,6282206.547905075,1839336.0460212068
XTwiH+zeEShu17QxUWn+cQEQjhm6aVcwNJYuXQ==,east_village_south,2025-01-01,1,1,6283447.852284142,1839729.2493989384
XTwiH+zeEShu17QxUWn+cQEQjhm6aVcwNJYuXQ==,east_village_south,2025-01-01,1,1,6283336.246269356,1839315.0454220446
XTwiH+zeEShu17QxUWn+cQEQjhm6aVcwNJYuXQ==,east_village_south,2025-01-01,1,1,6282994.282345436,1839186.4655829084
XTwiH+zeEShu17QxUWn+cQEQjhm6aVcwNJYuXQ==,east_village_south,2025-01-01,1,1,6283065.217593016,1838591.2774663083
XTwiH+zeEShu17QxUWn+cQEQjhm6aVcwNJYuXQ==,east_village_south,2025-01-01,1,1,6283231.656886848,1838589.1894225865
XTwiH+zeEShu17QxUWn+cQEQjhm6aVcwNJYuXQ==,east_village_south,2025-01-01,1,1,6283609.921549021,1838458.7562012249
XTwiH+zeEShu17QxUWn+cQEQjhm6aVcwNJYuXQ==,east_village_south,2025-01-01,9,1,6283457.396424145,1838837.4294605043
XTwiH+zeEShu17QxUWn+cQEQjhm6aVcwNJYuXQ==,east_village_south,2025-01-01,14,1,6283599.720152846,1839001.8451393656
XTwiH+zeEShu17QxUWn+cQEQjhm6aVcwNJYuXQ==,east_village_south,2025-01-01,1,2,6283587.906999697,1838869.0728557066
XTwiH+zeEShu17QxUWn+cQEQjhm6aVcwNJYuXQ==,east_village_south,2025-01-01,1,2,6283463.24438129,1839007.1989364976
XTwiH+zeEShu17QxUWn+cQEQjhm6aVcwNJYuXQ==,east_village_south,2025-01-01,5,1,6283738.019998969,1839656.923436328
XTwiH+zeEShu17QxUWn+cQEQjhm6aVcwNJYuXQ==,east_village_south,2025-01-01,2,1,6284420.918570668,1839790.6337358807
XTwiH+zeEShu17QxUWn+cQEQjhm6aVcwNJYuXQ==,east_village_south,2025-01-01,1,1,6284289.123937861,1839654.0559152046
XTwiH+zeEShu17QxUWn+cQEQjhm6aVcwNJYuXQ==,east_village_south,2025-01-01,1,1,6284168.5701290695,1839295.3477268121
XTwiH+zeEShu17QxUWn+cQEQjhm6aVcwNJYuXQ==,east_village_south,2025-01-01,1,1,6284096.575150258,1839174.5588895793
XTwiH+zeEShu17QxUWn+cQEQjhm6aVcwNJYuXQ==,east_village_south,2025-01-01,2,1,6284291.152035061,1839308.4270975313
XTwiH+zeEShu17QxUWn+cQEQjhm6aVcwNJYuXQ==,east_village_south,2025-01-01,1,1,6284586.7652319735,1839038.6246573746
XTwiH+zeEShu17QxUWn+cQEQjhm6aVcwNJYuXQ==,east_village_south,2025-01-01,1,1,6284439.877603385,1838809.373927994
XTwiH+zeEShu17QxUWn+cQEQjhm6aVcwNJYuXQ==,east_village_south,2025-01-01,3,1,6284068.544646449,1838634.3267778733
XTwiH+zeEShu17QxUWn+cQEQjhm6aVcwNJYuXQ==,east_village_south,2025-01-01,1,1,6284302.649496924,1838274.6591842102
XTwiH+zeEShu17QxUWn+cQEQjhm6aVcwNJYuXQ==,east_village_south,2025-01-01,6,1,6284148.820011401,1838153.3796346071
XTwiH+zeEShu17QxUWn+cQEQjhm6aVcwNJYuXQ==,east_village_south,2025-01-01,2,1,6283787.251807023,1838061.7152024102
XTwiH+zeEShu17QxUWn+cQEQjhm6aVcwNJYuXQ==,east_village_south,2025-01-01,10,1,6283809.998387861,1837796.4487054355
XTwiH+zeEShu17QxUWn+cQEQjhm6aVcwNJYuXQ==,east_village_south,2025-01-01,3,1,6283991.605452816,1837683.3527276318
XTwiH+zeEShu17QxUWn+cQEQjhm6aVcwNJYuXQ==,east_village_south,2025-01-01,1,2,6284089.76439735,1837687.0274080168
XTwiH+zeEShu17QxUWn+cQEQjhm6aVcwNJYuXQ==,east_village_south,2025-01-01,4,1,6284288.17315053,1837740.6805089815
XTwiH+zeEShu17QxUWn+cQEQjhm6aVcwNJYuXQ==,east_village_south,2025-01-01,13,1,6284419.713002225,1837895.7732829037
XTwiH+zeEShu17QxUWn+cQEQjhm6aVcwNJYuXQ==,east_village_south,2025-01-01,1,3,6284633.289526529,1837838.4184497865
XTwiH+zeEShu17QxUWn+cQEQjhm6aVcwNJYuXQ==,east_village_south,2025-01-01,1,3,6284312.743805936,1838135.8461061013
XTwiH+zeEShu17QxUWn+cQEQjhm6aVcwNJYuXQ==,east_village_south,2025-01-01,3,1,6284769.89268864,1837823.8071760314
XTwiH+zeEShu17QxUWn+cQEQjhm6aVcwNJYuXQ==,east_village_south,2025-01-01,5,1,6285193.128941835,1837795.4842678665
XTwiH+zeEShu17QxUWn+cQEQjhm6aVcwNJYuXQ==,east_village_south,2025-01-01,30,1,6285177.928858888,1838107.0872191938
XTwiH+zeEShu17QxUWn+cQEQjhm6aVcwNJYuXQ==,east_village_south,2025-01-01,6,1,6285333.032249971,1838135.792002566
XTwiH+zeEShu17QxUWn+cQEQjhm6aVcwNJYuXQ==,east_village_south,2025-01-01,24,2,6285197.033728817,1838304.7109104511
XTwiH+zeEShu17QxUWn+cQEQjhm6aVcwNJYuXQ==,east_village_south,2025-01-01,2,2,6285489.854485193,1838436.0821477063
XTwiH+zeEShu17QxUWn+cQEQjhm6aVcwNJYuXQ==,east_village_south,2025-01-01,9,2,6285319.965494654,1838490.6128685465
XTwiH+zeEShu17QxUWn+cQEQjhm6aVcwNJYuXQ==,east_village_south,2025-01-01,3,2,6285488.675658366,1838719.9944545592
XTwiH+zeEShu17QxUWn+cQEQjhm6aVcwNJYuXQ==,east_village_south,2025-01-01,1,2,6285198.158083694,1838619.4978297933
XTwiH+zeEShu17QxUWn+cQEQjhm6aVcwNJYuXQ==,east_village_south,2025-01-01,2,1,6285075.236469552,1838631.1050634023
XTwiH+zeEShu17QxUWn+cQEQjhm6aVcwNJYuXQ==,east_village_south,2025-01-01,6,1,6284783.3600622825,1838629.354855949
XTwiH+zeEShu17QxUWn+cQEQjhm6aVcwNJYuXQ==,east_village_south,2025-01-01,4,1,6285051.440309179,1838377.9037982484
XTwiH+zeEShu17QxUWn+cQEQjhm6aVcwNJYuXQ==,east_village_south,2025-01-01,1,1,6284907.120795101,1838358.521919815
XTwiH+zeEShu17QxUWn+cQEQjhm6aVcwNJYuXQ==,east_village_south,2025-01-01,3,2,6284918.657007012,1838907.91336567
XTwiH+zeEShu17QxUWn+cQEQjhm6aVcwNJYuXQ==,east_village_south,2025-01-01,5,1,6284781.9689178625,1838928.696290507
XTwiH+zeEShu17QxUWn+cQEQjhm6aVcwNJYuXQ==,east_village_south,2025-01-01,5,1,6285371.899246,1838879.770385374
XTwiH+zeEShu17QxUWn+cQEQjhm6aVcwNJYuXQ==,east_village_south,2025-01-01,7,1,6285202.34996361,1838909.6145018863
XTwiH+zeEShu17QxUWn+cQEQjhm6aVcwNJYuXQ==,east_village_south,2025-01-01,3,1,6285102.577405366,1839023.20119206
XTwiH+zeEShu17QxUWn+cQEQjhm6aVcwNJYuXQ==,east_village_south,2025-01-01,12,2,6285345.65035324,1839003.056193304
XTwiH+zeEShu17QxUWn+cQEQjhm6aVcwNJYuXQ==,east_village_south,2025-01-01,2,1,6285117.160838924,1839152.904007257
XTwiH+zeEShu17QxUWn+cQEQjhm6aVcwNJYuXQ==,east_village_south,2025-01-01,2,1,6284855.290417449,1839151.3337276727
XTwiH+zeEShu17QxUWn+cQEQjhm6aVcwNJYuXQ==,east_village_south,2025-01-01,1,1,6285206.75416112,1839184.302046274
XTwiH+zeEShu17QxUWn+cQEQjhm6aVcwNJYuXQ==,east_village_south,2025-01-01,1,1,6285041.174289358,1839322.18277088
XTwiH+zeEShu17QxUWn+cQEQjhm6aVcwNJYuXQ==,east_village_south,2025-01-01,1,1,6285119.261854731,1839396.7169391555
XTwiH+zeEShu17QxUWn+cQEQjhm6aVcwNJYuXQ==,east_village_south,2025-01-01,1,1,6284936.975373477,1839559.1861256156
XTwiH+zeEShu17QxUWn+cQEQjhm6aVcwNJYuXQ==,east_village_south,2025-01-01,4,1,6284764.61334716,1839595.1855361306
XTwiH+zeEShu17QxUWn+cQEQjhm6aVcwNJYuXQ==,east_village_south,2025-01-01,2,1,6284792.029058315,1839783.600822002
XTwiH+zeEShu17QxUWn+cQEQjhm6aVcwNJYuXQ==,east_village_south,2025-01-01,3,1,6285209.035182697,1839613.280867713
XTwiH+zeEShu17QxUWn+cQEQjhm6aVcwNJYuXQ==,east_village_south,2025-01-01,3,1,6285125.491983543,1839538.7139852794
XTwiH+zeEShu17QxUWn+cQEQjhm6aVcwNJYuXQ==,east_village_south,2025-01-01,5,2,6284915.545161718,1839728.7920308188
8zx0EGqrxkKvvL+SPk9gcmFhCxRYieHw/FaXIg==,east_village_south,2025-02-19,1,1,6282336.101549536,1839731.0059793836
8zx0EGqrxkKvvL+SPk9gcmFhCxRYieHw/FaXIg==,east_village_south,2025-02-19,2,1,6282118.683007307,1839418.4903842267
8zx0EGqrxkKvvL+SPk9gcmFhCxRYieHw/FaXIg==,east_village_south,2025-02-19,2,1,6282742.958970401,1839791.877253158
8zx0EGqrxkKvvL+SPk9gcmFhCxRYieHw/FaXIg==,east_village_south,2025-02-19,2,1,6282908.140819196,1839793.7668612138
8zx0EGqrxkKvvL+SPk9gcmFhCxRYieHw/FaXIg==,east_village_south,2025-02-19,1,2,6282348.197120795,1839597.0027859388
8zx0EGqrxkKvvL+SPk9gcmFhCxRYieHw/FaXIg==,east_village_south,2025-02-19,1,2,6282356.852885514,1839405.143003196
8zx0EGqrxkKvvL+SPk9gcmFhCxRYieHw/FaXIg==,east_village_south,2025-02-19,3,2,6282191.094522642,1839276.6193924441
8zx0EGqrxkKvvL+SPk9gcmFhCxRYieHw/FaXIg==,east_village_south,2025-02-19,1,1,6282141.4081568895,1838828.4718190532
8zx0EGqrxkKvvL+SPk9gcmFhCxRYieHw/FaXIg==,east_village_south,2025-02-19,8,1,6282806.590999945,1837721.551306036
8zx0EGqrxkKvvL+SPk9gcmFhCxRYieHw/FaXIg==,east_village_south,2025-02-19,1,1,6283163.089516082,1837884.2616300613
8zx0EGqrxkKvvL+SPk9gcmFhCxRYieHw/FaXIg==,east_village_south,2025-02-19,1,1,6283262.986540087,1838198.0071239367
8zx0EGqrxkKvvL+SPk9gcmFhCxRYieHw/FaXIg==,east_village_south,2025-02-19,2,1,6283580.315772064,1838129.5570148176
8zx0EGqrxkKvvL+SPk9gcmFhCxRYieHw/FaXIg==,east_village_south,2025-02-19,3,1,6283607.782002817,1837883.2260735983
8zx0EGqrxkKvvL+SPk9gcmFhCxRYieHw/FaXIg==,east_village_south,2025-02-19,1,1,6283121.092689205,1838427.4441515547
8zx0EGqrxkKvvL+SPk9gcmFhCxRYieHw/FaXIg==,east_village_south,2025-02-19,1,1,6283521.399933603,1838444.964533988
8zx0EGqrxkKvvL+SPk9gcmFhCxRYieHw/FaXIg==,east_village_south,2025-02-19,2,1,6283601.6793718655,1838635.8935825655
8zx0EGqrxkKvvL+SPk9gcmFhCxRYieHw/FaXIg==,east_village_south,2025-02-19,2,1,6283462.484095141,1838760.3720531582
8zx0EGqrxkKvvL+SPk9gcmFhCxRYieHw/FaXIg==,east_village_south,2025-02-19,1,1,6283473.248254196,1839031.6309088457
8zx0EGqrxkKvvL+SPk9gcmFhCxRYieHw/FaXIg==,east_village_south,2025-02-19,16,1,6283584.021933983,1838943.6327464336
8zx0EGqrxkKvvL+SPk9gcmFhCxRYieHw/FaXIg==,east_village_south,2025-02-19,1,2,6283545.363276577,1838824.633858534
8zx0EGqrxkKvvL+SPk9gcmFhCxRYieHw/FaXIg==,east_village_south,2025-02-19,1,1,6284616.868388341,1839754.1747828638
8zx0EGqrxkKvvL+SPk9gcmFhCxRYieHw/FaXIg==,east_village_south,2025-02-19,1,2,6284619.286941376,1839587.708281672
8zx0EGqrxkKvvL+SPk9gcmFhCxRYieHw/FaXIg==,east_village_south,2025-02-19,4,1,6284149.596192416,1839679.462621251
8zx0EGqrxkKvvL+SPk9gcmFhCxRYieHw/FaXIg==,east_village_south,2025-02-19,3,1,6283798.906620362,1839397.2880422433
8zx0EGqrxkKvvL+SPk9gcmFhCxRYieHw/FaXIg==,east_village_south,2025-02-19,2,1,6284068.904958384,1839398.0807136048
8zx0EGqrxkKvvL+SPk9gcmFhCxRYieHw/FaXIg==,east_village_south,2025-02-19,1,1,6284367.440196157,1839387.7198773248
8zx0EGqrxkKvvL+SPk9gcmFhCxRYieHw/FaXIg==,east_village_south,2025-02-19,1,1,6284070.368145235,1839021.7635793742
8zx0EGqrxkKvvL+SPk9gcmFhCxRYieHw/FaXIg==,east_village_south,2025-02-19,1,1,6284346.718997756,1839022.4897697237
8zx0EGqrxkKvvL+SPk9gcmFhCxRYieHw/FaXIg==,east_village_south,2025-02-19,1,1,6284634.81951309,1838813.2323650108
8zx0EGqrxkKvvL+SPk9gcmFhCxRYieHw/FaXIg==,east_village_south,2025-02-19,1,1,6284012.470754194,1838863.1648765197
8zx0EGqrxkKvvL+SPk9gcmFhCxRYieHw/FaXIg==,east_village_south,2025-02-19,1,1,6283802.524810956,1838796.614577017
8zx0EGqrxkKvvL+SPk9gcmFhCxRYieHw/FaXIg==,east_village_south,2025-02-19,2,1,6283882.540699926,1838929.6537957909
8zx0EGqrxkKvvL+SPk9gcmFhCxRYieHw/FaXIg==,east_village_south,2025-02-19,2,1,6284409.305248389,1838815.5924409295
8zx0EGqrxkKvvL+SPk9gcmFhCxRYieHw/FaXIg==,east_village_south,2025-02-19,2,1,6284147.4520483315,1838510.7784415805
8zx0EGqrxkKvvL+SPk9gcmFhCxRYieHw/FaXIg==,east_village_south,2025-02-19,1,1,6283943.82567593,1838436.9254323405
8zx0EGqrxkKvvL+SPk9gcmFhCxRYieHw/FaXIg==,east_village_south,2025-02-19,1,1,6283773.8533304725,1838080.4938572422
8zx0EGqrxkKvvL+SPk9gcmFhCxRYieHw/FaXIg==,east_village_south,2025-02-19,1,3,6284127.587385129,1838333.690280842
8zx0EGqrxkKvvL+SPk9gcmFhCxRYieHw/FaXIg==,east_village_south,2025-02-19,6,1,6284152.25621074,1838170.6092104714
8zx0EGqrxkKvvL+SPk9gcmFhCxRYieHw/FaXIg==,east_village_south,2025-02-19,8,1,6284106.421447297,1837870.7710854467
8zx0EGqrxkKvvL+SPk9gcmFhCxRYieHw/FaXIg==,east_village_south,2025-02-19,6,1,6283826.383710774,1837757.9165903581
8zx0EGqrxkKvvL+SPk9gcmFhCxRYieHw/FaXIg==,east_village_south,2025-02-19,1,1,6284007.166824692,1837698.1320517182
8zx0EGqrxkKvvL+SPk9gcmFhCxRYieHw/FaXIg==,east_village_south,2025-02-19,9,1,6284296.799220286,1837825.35928274
8zx0EGqrxkKvvL+SPk9gcmFhCxRYieHw/FaXIg==,east_village_south,2025-02-19,2,1,6284417.582161,1838540.5160278438
8zx0EGqrxkKvvL+SPk9gcmFhCxRYieHw/FaXIg==,east_village_south,2025-02-19,1,3,6284416.83812253,1837679.3715690062
8zx0EGqrxkKvvL+SPk9gcmFhCxRYieHw/FaXIg==,east_village_south,2025-02-19,2,1,6284515.285625428,1837674.7229989606
8zx0EGqrxkKvvL+SPk9gcmFhCxRYieHw/FaXIg==,east_village_south,2025-02-19,4,1,6284633.449545052,1837814.5995603893
8zx0EGqrxkKvvL+SPk9gcmFhCxRYieHw/FaXIg==,east_village_south,2025-02-19,12,1,6284516.240991612,1837884.5736319995
8zx0EGqrxkKvvL+SPk9gcmFhCxRYieHw/FaXIg==,east_village_south,2025-02-19,1,1,6284710.799803526,1838059.8335649138
8zx0EGqrxkKvvL+SPk9gcmFhCxRYieHw/FaXIg==,east_village_south,2025-02-19,1,3,6284776.331705779,1837802.2493945356
8zx0EGqrxkKvvL+SPk9gcmFhCxRYieHw/FaXIg==,east_village_south,2025-02-19,1,3,6284852.940731869,1837884.668252737
8zx0EGqrxkKvvL+SPk9gcmFhCxRYieHw/FaXIg==,east_village_south,2025-02-19,3,1,6285204.945244297,1837757.9626682492
8zx0EGqrxkKvvL+SPk9gcmFhCxRYieHw/FaXIg==,east_village_south,2025-02-19,1,1,6285055.67762541,1837763.143086389
8zx0EGqrxkKvvL+SPk9gcmFhCxRYieHw/FaXIg==,east_village_south,2025-02-19,5,1,6285129.933985789,1838026.5009032332
8zx0EGqrxkKvvL+SPk9gcmFhCxRYieHw/FaXIg==,east_village_south,2025-02-19,8,1,6285051.433505248,1838226.3282058313
8zx0EGqrxkKvvL+SPk9gcmFhCxRYieHw/FaXIg==,east_village_south,2025-02-19,8,1,6285359.250437308,1838161.5959325926
8zx0EGqrxkKvvL+SPk9gcmFhCxRYieHw/FaXIg==,east_village_south,2025-02-19,1,2,6285185.116330842,1838286.44004875
8zx0EGqrxkKvvL+SPk9gcmFhCxRYieHw/FaXIg==,east_village_south,2025-02-19,3,1,6284870.864525129,1838333.148231187
8zx0EGqrxkKvvL+SPk9gcmFhCxRYieHw/FaXIg==,east_village_south,2025-02-19,1,2,6284827.632310946,1838604.972175475
8zx0EGqrxkKvvL+SPk9gcmFhCxRYieHw/FaXIg==,east_village_south,2025-02-19,1,2,6285065.901020136,1838613.3334806208
8zx0EGqrxkKvvL+SPk9gcmFhCxRYieHw/FaXIg==,east_village_south,2025-02-19,26,1,6285189.050292306,1838452.84006893
8zx0EGqrxkKvvL+SPk9gcmFhCxRYieHw/FaXIg==,east_village_south,2025-02-19,7,2,6285338.877953438,1838570.6755391234
8zx0EGqrxkKvvL+SPk9gcmFhCxRYieHw/FaXIg==,east_village_south,2025-02-19,2,1,6284778.096997755,1838887.7169438628
8zx0EGqrxkKvvL+SPk9gcmFhCxRYieHw/FaXIg==,east_village_south,2025-02-19,3,2,6284917.96761954,1838911.5811621423
8zx0EGqrxkKvvL+SPk9gcmFhCxRYieHw/FaXIg==,east_village_south,2025-02-19,1,2,6285054.497265768,1838899.2974773005
8zx0EGqrxkKvvL+SPk9gcmFhCxRYieHw/FaXIg==,east_village_south,2025-02-19,2,2,6285197.313539172,1838872.474853996
8zx0EGqrxkKvvL+SPk9gcmFhCxRYieHw/FaXIg==,east_village_south,2025-02-19,4,1,6285120.655097589,1838779.2016527064
8zx0EGqrxkKvvL+SPk9gcmFhCxRYieHw/FaXIg==,east_village_south,2025-02-19,5,1,6285197.890053248,1838999.1088566917
8zx0EGqrxkKvvL+SPk9gcmFhCxRYieHw/FaXIg==,east_village_south,2025-02-19,1,1,6285105.844480341,1839014.5452888138
8zx0EGqrxkKvvL+SPk9gcmFhCxRYieHw/FaXIg==,east_village_south,2025-02-19,5,2,6285366.034025492,1838953.9297375262
8zx0EGqrxkKvvL+SPk9gcmFhCxRYieHw/FaXIg==,east_village_south,2025-02-19,2,1,6285334.650305106,1839037.4787729282
8zx0EGqrxkKvvL+SPk9gcmFhCxRYieHw/FaXIg==,east_village_south,2025-02-19,2,1,6284852.402773626,1839161.9291037952
8zx0EGqrxkKvvL+SPk9gcmFhCxRYieHw/FaXIg==,east_village_south,2025-02-19,1,1,6284919.7136336,1839295.1012845926
8zx0EGqrxkKvvL+SPk9gcmFhCxRYieHw/FaXIg==,east_village_south,2025-02-19,1,1,6285129.741935993,1839379.742155909
8zx0EGqrxkKvvL+SPk9gcmFhCxRYieHw/FaXIg==,east_village_south,2025-02-19,1,2,6285345.0685557155,1839232.7572269985
8zx0EGqrxkKvvL+SPk9gcmFhCxRYieHw/FaXIg==,east_village_south,2025-02-19,4,1,6285345.61212613,1839352.1550009688
8zx0EGqrxkKvvL+SPk9gcmFhCxRYieHw/FaXIg==,east_village_south,2025-02-19,1,2,6284778.083332011,1839582.4281420144
8zx0EGqrxkKvvL+SPk9gcmFhCxRYieHw/FaXIg==,east_village_south,2025-02-19,4,1,6284781.885518828,1839719.8832472926
8zx0EGqrxkKvvL+SPk9gcmFhCxRYieHw/FaXIg==,east_village_south,2025-02-19,3,1,6284905.528945921,1839667.9332664842
8zx0EGqrxkKvvL+SPk9gcmFhCxRYieHw/FaXIg==,east_village_south,2025-02-19,2,1,6285063.99589994,1839590.2908395717
8zx0EGqrxkKvvL+SPk9gcmFhCxRYieHw/FaXIg==,east_village_south,2025-02-19,3,2,6285080.536059417,1839734.8492115517
pIdIolnDuWpXzB0JbsGOgGB5xAhrANKowRUPfw==,east_village_south,2025-03-19,1,1,6285341.134774127,1839734.5588643388
pIdIolnDuWpXzB0JbsGOgGB5xAhrANKowRUPfw==,east_village_south,2025-03-19,2,1,6285441.758152888,1839567.4674441898
pIdIolnDuWpXzB0JbsGOgGB5xAhrANKowRUPfw==,east_village_south,2025-03-19,3,2,6285076.773534445,1839739.165221403
pIdIolnDuWpXzB0JbsGOgGB5xAhrANKowRUPfw==,east_village_south,2025-03-19,5,1,6285072.316412963,1839580.7938622232
pIdIolnDuWpXzB0JbsGOgGB5xAhrANKowRUPfw==,east_village_south,2025-03-19,2,2,6284911.1371245505,1839697.272278179
pIdIolnDuWpXzB0JbsGOgGB5xAhrANKowRUPfw==,east_village_south,2025-03-19,1,2,6284778.735393505,1839675.467501732
pIdIolnDuWpXzB0JbsGOgGB5xAhrANKowRUPfw==,east_village_south,2025-03-19,1,2,6284632.16599498,1839746.9122764654
pIdIolnDuWpXzB0JbsGOgGB5xAhrANKowRUPfw==,east_village_south,2025-03-19,1,1,6284849.570420822,1839536.4514797968
pIdIolnDuWpXzB0JbsGOgGB5xAhrANKowRUPfw==,east_village_south,2025-03-19,7,1,6284636.531664598,1839567.7199209754
pIdIolnDuWpXzB0JbsGOgGB5xAhrANKowRUPfw==,east_village_south,2025-03-19,4,1,6285361.06126316,1839286.4209407133
pIdIolnDuWpXzB0JbsGOgGB5xAhrANKowRUPfw==,east_village_south,2025-03-19,1,1,6285201.780523722,1839282.3072368084
pIdIolnDuWpXzB0JbsGOgGB5xAhrANKowRUPfw==,east_village_south,2025-03-19,2,1,6284778.043782657,1839272.4679092625
pIdIolnDuWpXzB0JbsGOgGB5xAhrANKowRUPfw==,east_village_south,2025-03-19,3,1,6284297.671269069,1839311.83904604
pIdIolnDuWpXzB0JbsGOgGB5xAhrANKowRUPfw==,east_village_south,2025-03-19,2,1,6285334.469850682,1839007.8762214058
pIdIolnDuWpXzB0JbsGOgGB5xAhrANKowRUPfw==,east_village_south,2025-03-19,8,1,6285378.71015544,1838917.5472141278
pIdIolnDuWpXzB0JbsGOgGB5xAhrANKowRUPfw==,east_village_south,2025-03-19,1,2,6285285.551313237,1838915.725914525
pIdIolnDuWpXzB0JbsGOgGB5xAhrANKowRUPfw==,east_village_south,2025-03-19,2,2,6285173.483396239,1838817.7868648071
pIdIolnDuWpXzB0JbsGOgGB5xAhrANKowRUPfw==,east_village_south,2025-03-19,1,1,6285045.949421769,1838999.1253639294
pIdIolnDuWpXzB0JbsGOgGB5xAhrANKowRUPfw==,east_village_south,2025-03-19,1,2,6284868.707226982,1839002.2137169612
pIdIolnDuWpXzB0JbsGOgGB5xAhrANKowRUPfw==,east_village_south,2025-03-19,5,1,6284921.770322841,1838891.063713373
pIdIolnDuWpXzB0JbsGOgGB5xAhrANKowRUPfw==,east_village_south,2025-03-19,1,1,6284787.59639208,1839003.6270310604
pIdIolnDuWpXzB0JbsGOgGB5xAhrANKowRUPfw==,east_village_south,2025-03-19,3,1,6284785.732740501,1838800.4314105248
pIdIolnDuWpXzB0JbsGOgGB5xAhrANKowRUPfw==,east_village_south,2025-03-19,1,3,6284872.788610766,1838792.0254193554
pIdIolnDuWpXzB0JbsGOgGB5xAhrANKowRUPfw==,east_village_south,2025-03-19,1,1,6284601.215533044,1838993.0964447183
pIdIolnDuWpXzB0JbsGOgGB5xAhrANKowRUPfw==,east_village_south,2025-03-19,2,2,6284596.568887673,1838814.061124128
pIdIolnDuWpXzB0JbsGOgGB5xAhrANKowRUPfw==,east_village_south,2025-03-19,1,2,6284380.304915248,1838821.2739552944
pIdIolnDuWpXzB0JbsGOgGB5xAhrANKowRUPfw==,east_village_south,2025-03-19,2,1,6284308.30115728,1838832.862215199
pIdIolnDuWpXzB0JbsGOgGB5xAhrANKowRUPfw==,east_village_south,2025-03-19,3,1,6284516.503744243,1838601.8944920197
pIdIolnDuWpXzB0JbsGOgGB5xAhrANKowRUPfw==,east_village_south,2025-03-19,5,1,6285060.088812014,1838575.2000852162
pIdIolnDuWpXzB0JbsGOgGB5xAhrANKowRUPfw==,east_village_south,2025-03-19,3,2,6285190.56371685,1838386.9212539904
pIdIolnDuWpXzB0JbsGOgGB5xAhrANKowRUPfw==,east_village_south,2025-03-19,7,2,6285349.879353683,1838067.2472174987
pIdIolnDuWpXzB0JbsGOgGB5xAhrANKowRUPfw==,east_village_south,2025-03-19,10,1,6285197.206983221,1838128.4647014602
pIdIolnDuWpXzB0JbsGOgGB5xAhrANKowRUPfw==,east_village_south,2025-03-19,1,2,6285392.792991215,1837832.2704803478
pIdIolnDuWpXzB0JbsGOgGB5xAhrANKowRUPfw==,east_village_south,2025-03-19,2,1,6285332.647716658,1837826.4293925439
pIdIolnDuWpXzB0JbsGOgGB5xAhrANKowRUPfw==,east_village_south,2025-03-19,2,1,6285056.617517455,1837869.129058727
pIdIolnDuWpXzB0JbsGOgGB5xAhrANKowRUPfw==,east_village_south,2025-03-19,1,2,6285148.165406597,1837695.306686341
pIdIolnDuWpXzB0JbsGOgGB5xAhrANKowRUPfw==,east_village_south,2025-03-19,4,1,6284822.170978477,1837859.4359918511
pIdIolnDuWpXzB0JbsGOgGB5xAhrANKowRUPfw==,east_village_south,2025-03-19,9,1,6284362.321802826,1837843.3368167682
pIdIolnDuWpXzB0JbsGOgGB5xAhrANKowRUPfw==,east_village_south,2025-03-19,8,1,6284091.711381465,1839787.3303125761
pIdIolnDuWpXzB0JbsGOgGB5xAhrANKowRUPfw==,east_village_south,2025-03-19,2,1,6284165.740037668,1839668.9259070845
pIdIolnDuWpXzB0JbsGOgGB5xAhrANKowRUPfw==,east_village_south,2025-03-19,3,1,6284021.7325217305,1839692.1024268935
pIdIolnDuWpXzB0JbsGOgGB5xAhrANKowRUPfw==,east_village_south,2025-03-19,6,1,6284092.757072938,1839573.7503663686
pIdIolnDuWpXzB0JbsGOgGB5xAhrANKowRUPfw==,east_village_south,2025-03-19,4,1,6283797.0563933,1839764.9081707594
pIdIolnDuWpXzB0JbsGOgGB5xAhrANKowRUPfw==,east_village_south,2025-03-19,2,1,6283739.002501687,1839331.90719054
pIdIolnDuWpXzB0JbsGOgGB5xAhrANKowRUPfw==,east_village_south,2025-03-19,1,1,6284156.320397665,1839297.0792916303
pIdIolnDuWpXzB0JbsGOgGB5xAhrANKowRUPfw==,east_village_south,2025-03-19,1,1,6284083.944212078,1838612.8761607842
pIdIolnDuWpXzB0JbsGOgGB5xAhrANKowRUPfw==,east_village_south,2025-03-19,1,1,6283816.64204203,1838624.4228499518
pIdIolnDuWpXzB0JbsGOgGB5xAhrANKowRUPfw==,east_village_south,2025-03-19,1,1,6283722.503993065,1838515.8377497287
pIdIolnDuWpXzB0JbsGOgGB5xAhrANKowRUPfw==,east_village_south,2025-03-19,5,1,6283559.131939602,1839703.6075453241
pIdIolnDuWpXzB0JbsGOgGB5xAhrANKowRUPfw==,east_village_south,2025-03-19,1,1,6283597.430519078,1839293.0394811514
pIdIolnDuWpXzB0JbsGOgGB5xAhrANKowRUPfw==,east_village_south,2025-03-19,1,1,6283228.87322397,1839402.7977191
pIdIolnDuWpXzB0JbsGOgGB5xAhrANKowRUPfw==,east_village_south,2025-03-19,1,1,6283280.957113066,1839184.8839148912
pIdIolnDuWpXzB0JbsGOgGB5xAhrANKowRUPfw==,east_village_south,2025-03-19,1,1,6283323.04948041,1838860.3633449618
pIdIolnDuWpXzB0JbsGOgGB5xAhrANKowRUPfw==,east_village_south,2025-03-19,1,1,6283249.024134288,1838651.5360164884
pIdIolnDuWpXzB0JbsGOgGB5xAhrANKowRUPfw==,east_village_south,2025-03-19,3,1,6283577.9910800895,1838483.9103724433
pIdIolnDuWpXzB0JbsGOgGB5xAhrANKowRUPfw==,east_village_south,2025-03-19,1,1,6283592.635867373,1838115.0889908243
pIdIolnDuWpXzB0JbsGOgGB5xAhrANKowRUPfw==,east_village_south,2025-03-19,1,1,6283547.409735692,1838753.1176654117
pIdIolnDuWpXzB0JbsGOgGB5xAhrANKowRUPfw==,east_village_south,2025-03-19,3,1,6283463.231621163,1838747.6953373407
pIdIolnDuWpXzB0JbsGOgGB5xAhrANKowRUPfw==,east_village_south,2025-03-19,1,2,6283596.707320916,1838886.5958951132
pIdIolnDuWpXzB0JbsGOgGB5xAhrANKowRUPfw==,east_village_south,2025-03-19,23,1,6283594.840359256,1839010.6320085423
pIdIolnDuWpXzB0JbsGOgGB5xAhrANKowRUPfw==,east_village_south,2025-03-19,1,1,6282745.461707991,1839766.0089412408
pIdIolnDuWpXzB0JbsGOgGB5xAhrANKowRUPfw==,east_village_south,2025-03-19,1,1,6282753.178943069,1839624.6481700365
pIdIolnDuWpXzB0JbsGOgGB5xAhrANKowRUPfw==,east_village_south,2025-03-19,1,1,6282409.2230596,1839795.9795324833
pIdIolnDuWpXzB0JbsGOgGB5xAhrANKowRUPfw==,east_village_south,2025-03-19,1,1,6282123.833084944,1839800.952304314
pIdIolnDuWpXzB0JbsGOgGB5xAhrANKowRUPfw==,east_village_south,2025-03-19,3,1,6282326.596033582,1839632.0811552992
pIdIolnDuWpXzB0JbsGOgGB5xAhrANKowRUPfw==,east_village_south,2025-03-19,1,1,6282199.637250942,1839220.948070723
pIdIolnDuWpXzB0JbsGOgGB5xAhrANKowRUPfw==,east_village_south,2025-03-19,2,2,6282191.856841234,1839355.4208547906
pIdIolnDuWpXzB0JbsGOgGB5xAhrANKowRUPfw==,east_village_south,2025-03-19,2,2,6282476.548584882,1839601.91195842
pIdIolnDuWpXzB0JbsGOgGB5xAhrANKowRUPfw==,east_village_south,2025-03-19,1,3,6282330.172020327,1839366.7889605989
pIdIolnDuWpXzB0JbsGOgGB5xAhrANKowRUPfw==,east_village_south,2025-03-19,1,1,6282186.521895095,1838446.1542077656
pIdIolnDuWpXzB0JbsGOgGB5xAhrANKowRUPfw==,east_village_south,2025-03-19,35,1,6285369.072714313,1838194.36090973
Fs/mfb+6TrQx01Nr7a+o+2ykMIudTDZ9IF3v4A==,east_village_south,2025-04-23,7,2,6285365.341860905,1839699.9265179478
Fs/mfb+6TrQx01Nr7a+o+2ykMIudTDZ9IF3v4A==,east_village_south,2025-04-23,2,2,6285065.578390038,1839728.0304830691
Fs/mfb+6TrQx01Nr7a+o+2ykMIudTDZ9IF3v4A==,east_village_south,2025-04-23,2,2,6284783.833795537,1839759.32124444
Fs/mfb+6TrQx01Nr7a+o+2ykMIudTDZ9IF3v4A==,east_village_south,2025-04-23,1,2,6284921.147930241,1839661.3555427326
Fs/mfb+6TrQx01Nr7a+o+2ykMIudTDZ9IF3v4A==,east_village_south,2025-04-23,1,1,6284891.923766335,1839775.0103077425
Fs/mfb+6TrQx01Nr7a+o+2ykMIudTDZ9IF3v4A==,east_village_south,2025-04-23,2,1,6284779.763310082,1839601.5032111288
Fs/mfb+6TrQx01Nr7a+o+2ykMIudTDZ9IF3v4A==,east_village_south,2025-04-23,2,1,6285055.742248978,1839604.6112310225
Fs/mfb+6TrQx01Nr7a+o+2ykMIudTDZ9IF3v4A==,east_village_south,2025-04-23,1,1,6285172.364266157,1839551.543551453
Fs/mfb+6TrQx01Nr7a+o+2ykMIudTDZ9IF3v4A==,east_village_south,2025-04-23,2,1,6284866.392678991,1839548.8437281346
Fs/mfb+6TrQx01Nr7a+o+2ykMIudTDZ9IF3v4A==,east_village_south,2025-04-23,1,1,6284291.255741757,1839663.0642424317
Fs/mfb+6TrQx01Nr7a+o+2ykMIudTDZ9IF3v4A==,east_village_south,2025-04-23,3,1,6283797.490030324,1839391.7898164792
Fs/mfb+6TrQx01Nr7a+o+2ykMIudTDZ9IF3v4A==,east_village_south,2025-04-23,4,1,6284082.5599133205,1839408.5022341802
Fs/mfb+6TrQx01Nr7a+o+2ykMIudTDZ9IF3v4A==,east_village_south,2025-04-23,2,1,6284024.712247623,1839282.30438246
Fs/mfb+6TrQx01Nr7a+o+2ykMIudTDZ9IF3v4A==,east_village_south,2025-04-23,1,1,6284850.255272013,1839380.8938308686
Fs/mfb+6TrQx01Nr7a+o+2ykMIudTDZ9IF3v4A==,east_village_south,2025-04-23,1,1,6285367.707555385,1839164.497464216
Fs/mfb+6TrQx01Nr7a+o+2ykMIudTDZ9IF3v4A==,east_village_south,2025-04-23,1,2,6285136.810738514,1839174.5040062387
Fs/mfb+6TrQx01Nr7a+o+2ykMIudTDZ9IF3v4A==,east_village_south,2025-04-23,2,3,6284315.501211415,1839257.7545905062
Fs/mfb+6TrQx01Nr7a+o+2ykMIudTDZ9IF3v4A==,east_village_south,2025-04-23,1,1,6283798.020830225,1839027.987292154
Fs/mfb+6TrQx01Nr7a+o+2ykMIudTDZ9IF3v4A==,east_village_south,2025-04-23,1,1,6284340.911051321,1839024.0306483295
Fs/mfb+6TrQx01Nr7a+o+2ykMIudTDZ9IF3v4A==,east_village_south,2025-04-23,1,1,6284154.234722491,1838920.1783270545
Fs/mfb+6TrQx01Nr7a+o+2ykMIudTDZ9IF3v4A==,east_village_south,2025-04-23,1,2,6284880.685570565,1839002.956253188
Fs/mfb+6TrQx01Nr7a+o+2ykMIudTDZ9IF3v4A==,east_village_south,2025-04-23,3,1,6285075.730933941,1839014.029832226
Fs/mfb+6TrQx01Nr7a+o+2ykMIudTDZ9IF3v4A==,east_village_south,2025-04-23,1,2,6285150.689267212,1839009.577626592
Fs/mfb+6TrQx01Nr7a+o+2ykMIudTDZ9IF3v4A==,east_village_south,2025-04-23,5,1,6285206.976676776,1838905.8506272489
Fs/mfb+6TrQx01Nr7a+o+2ykMIudTDZ9IF3v4A==,east_village_south,2025-04-23,1,1,6285050.991618366,1838904.5415352474
Fs/mfb+6TrQx01Nr7a+o+2ykMIudTDZ9IF3v4A==,east_village_south,2025-04-23,3,1,6285128.297169125,1838803.9605124963
Fs/mfb+6TrQx01Nr7a+o+2ykMIudTDZ9IF3v4A==,east_village_south,2025-04-23,2,1,6284921.999943399,1838902.8650663276
Fs/mfb+6TrQx01Nr7a+o+2ykMIudTDZ9IF3v4A==,east_village_south,2025-04-23,3,1,6284781.011209125,1838901.3518760384
Fs/mfb+6TrQx01Nr7a+o+2ykMIudTDZ9IF3v4A==,east_village_south,2025-04-23,1,1,6284849.342252807,1838804.3250264549
Fs/mfb+6TrQx01Nr7a+o+2ykMIudTDZ9IF3v4A==,east_village_south,2025-04-23,1,3,6284585.406948029,1838807.9171563208
Fs/mfb+6TrQx01Nr7a+o+2ykMIudTDZ9IF3v4A==,east_village_south,2025-04-23,1,1,6283711.8291115975,1838703.1173940431
Fs/mfb+6TrQx01Nr7a+o+2ykMIudTDZ9IF3v4A==,east_village_south,2025-04-23,1,1,6283975.205518656,1838617.164123498
Fs/mfb+6TrQx01Nr7a+o+2ykMIudTDZ9IF3v4A==,east_village_south,2025-04-23,2,1,6284883.5868753595,1838546.4566259407
Fs/mfb+6TrQx01Nr7a+o+2ykMIudTDZ9IF3v4A==,east_village_south,2025-04-23,1,2,6285045.4773138035,1838533.9572218473
Fs/mfb+6TrQx01Nr7a+o+2ykMIudTDZ9IF3v4A==,east_village_south,2025-04-23,4,2,6285189.95434841,1838607.4955905736
Fs/mfb+6TrQx01Nr7a+o+2ykMIudTDZ9IF3v4A==,east_village_south,2025-04-23,6,2,6285351.868074259,1838598.4279006752
Fs/mfb+6TrQx01Nr7a+o+2ykMIudTDZ9IF3v4A==,east_village_south,2025-04-23,1,1,6285317.967952368,1838465.0400633044
Fs/mfb+6TrQx01Nr7a+o+2ykMIudTDZ9IF3v4A==,east_village_south,2025-04-23,34,1,6285203.483566032,1838391.0934980023
Fs/mfb+6TrQx01Nr7a+o+2ykMIudTDZ9IF3v4A==,east_village_south,2025-04-23,11,1,6285055.844254765,1838293.5739495687
Fs/mfb+6TrQx01Nr7a+o+2ykMIudTDZ9IF3v4A==,east_village_south,2025-04-23,6,2,6285370.1150142625,1838193.199888065
Fs/mfb+6TrQx01Nr7a+o+2ykMIudTDZ9IF3v4A==,east_village_south,2025-04-23,10,1,6285353.90774507,1838014.954848214
Fs/mfb+6TrQx01Nr7a+o+2ykMIudTDZ9IF3v4A==,east_village_south,2025-04-23,13,1,6285123.080790414,1838035.2565328213
Fs/mfb+6TrQx01Nr7a+o+2ykMIudTDZ9IF3v4A==,east_village_south,2025-04-23,12,1,6284135.232964704,1838330.1275838062
Fs/mfb+6TrQx01Nr7a+o+2ykMIudTDZ9IF3v4A==,east_village_south,2025-04-23,1,1,6284356.736101209,1838261.9043594417
Fs/mfb+6TrQx01Nr7a+o+2ykMIudTDZ9IF3v4A==,east_village_south,2025-04-23,2,1,6284301.7014011,1838108.211974504
Fs/mfb+6TrQx01Nr7a+o+2ykMIudTDZ9IF3v4A==,east_village_south,2025-04-23,21,1,6283837.206428383,1837730.1462119317
Fs/mfb+6TrQx01Nr7a+o+2ykMIudTDZ9IF3v4A==,east_village_south,2025-04-23,19,1,6284344.571219653,1837795.3136878975
Fs/mfb+6TrQx01Nr7a+o+2ykMIudTDZ9IF3v4A==,east_village_south,2025-04-23,18,1,6284560.937460488,1837854.1455280625
Fs/mfb+6TrQx01Nr7a+o+2ykMIudTDZ9IF3v4A==,east_village_south,2025-04-23,3,2,6284864.026219852,1837874.044742013
Fs/mfb+6TrQx01Nr7a+o+2ykMIudTDZ9IF3v4A==,east_village_south,2025-04-23,4,1,6284782.044711109,1837727.5831623834
Fs/mfb+6TrQx01Nr7a+o+2ykMIudTDZ9IF3v4A==,east_village_south,2025-04-23,2,1,6284910.989811266,1837722.396202913
Fs/mfb+6TrQx01Nr7a+o+2ykMIudTDZ9IF3v4A==,east_village_south,2025-04-23,1,3,6285055.513420682,1837802.7980000293
Fs/mfb+6TrQx01Nr7a+o+2ykMIudTDZ9IF3v4A==,east_village_south,2025-04-23,1,3,6285150.418674518,1837643.6329180184
Fs/mfb+6TrQx01Nr7a+o+2ykMIudTDZ9IF3v4A==,east_village_south,2025-04-23,1,1,6282050.339167873,1839624.9222427336
Fs/mfb+6TrQx01Nr7a+o+2ykMIudTDZ9IF3v4A==,east_village_south,2025-04-23,1,2,6282333.085120787,1839741.1951917466
Fs/mfb+6TrQx01Nr7a+o+2ykMIudTDZ9IF3v4A==,east_village_south,2025-04-23,5,1,6282344.220546111,1839614.0584879022
Fs/mfb+6TrQx01Nr7a+o+2ykMIudTDZ9IF3v4A==,east_village_south,2025-04-23,1,1,6282491.603695924,1839673.829180191
Fs/mfb+6TrQx01Nr7a+o+2ykMIudTDZ9IF3v4A==,east_village_south,2025-04-23,1,1,6282893.784631604,1839709.539916417
Fs/mfb+6TrQx01Nr7a+o+2ykMIudTDZ9IF3v4A==,east_village_south,2025-04-23,1,1,6282984.321474134,1839790.6764673695
Fs/mfb+6TrQx01Nr7a+o+2ykMIudTDZ9IF3v4A==,east_village_south,2025-04-23,1,1,6283043.678010741,1839697.2037909538
Fs/mfb+6TrQx01Nr7a+o+2ykMIudTDZ9IF3v4A==,east_village_south,2025-04-23,1,1,6283246.88282202,1839584.6132
Fs/mfb+6TrQx01Nr7a+o+2ykMIudTDZ9IF3v4A==,east_village_south,2025-04-23,2,1,6282131.570669244,1839218.8370173145
Fs/mfb+6TrQx01Nr7a+o+2ykMIudTDZ9IF3v4A==,east_village_south,2025-04-23,2,1,6283510.068119426,1839028.4742650853
Fs/mfb+6TrQx01Nr7a+o+2ykMIudTDZ9IF3v4A==,east_village_south,2025-04-23,19,1,6283605.322684336,1838920.784895999
Fs/mfb+6TrQx01Nr7a+o+2ykMIudTDZ9IF3v4A==,east_village_south,2025-04-23,9,1,6283466.448293501,1838788.825746643
Fs/mfb+6TrQx01Nr7a+o+2ykMIudTDZ9IF3v4A==,east_village_south,2025-04-23,2,1,6283295.62992279,1838811.742752294
Fs/mfb+6TrQx01Nr7a+o+2ykMIudTDZ9IF3v4A==,east_village_south,2025-04-23,1,1,6282163.737902342,1838212.8141026378
Fs/mfb+6TrQx01Nr7a+o+2ykMIudTDZ9IF3v4A==,east_village_south,2025-04-23,2,1,6283300.412696973,1838190.4800240304
Fs/mfb+6TrQx01Nr7a+o+2ykMIudTDZ9IF3v4A==,east_village_south,2025-04-23,3,1,6283547.185948955,1837867.9425723196
iMkt5Rep7Bt1DtgiLIfuJhU4B+RGtAHHCPoE7g==,east_village_south,2025-05-21,3,1,6284155.458546643,1839683.4051280676
iMkt5Rep7Bt1DtgiLIfuJhU4B+RGtAHHCPoE7g==,east_village_south,2025-05-21,4,1,6284078.315388401,1839566.81923071
iMkt5Rep7Bt1DtgiLIfuJhU4B+RGtAHHCPoE7g==,east_village_south,2025-05-21,1,1,6284351.734828442,1839560.378653356
iMkt5Rep7Bt1DtgiLIfuJhU4B+RGtAHHCPoE7g==,east_village_south,2025-05-21,6,1,6284623.628707703,1839738.917627884
iMkt5Rep7Bt1DtgiLIfuJhU4B+RGtAHHCPoE7g==,east_village_south,2025-05-21,1,2,6284600.924603986,1839577.8808173812
iMkt5Rep7Bt1DtgiLIfuJhU4B+RGtAHHCPoE7g==,east_village_south,2025-05-21,1,2,6284789.413088219,1839670.65479751
iMkt5Rep7Bt1DtgiLIfuJhU4B+RGtAHHCPoE7g==,east_village_south,2025-05-21,2,1,6284859.52186027,1839547.43885334
iMkt5Rep7Bt1DtgiLIfuJhU4B+RGtAHHCPoE7g==,east_village_south,2025-05-21,3,2,6285116.113286638,1839760.2107445507
iMkt5Rep7Bt1DtgiLIfuJhU4B+RGtAHHCPoE7g==,east_village_south,2025-05-21,2,1,6285054.300832413,1839605.9663832532
iMkt5Rep7Bt1DtgiLIfuJhU4B+RGtAHHCPoE7g==,east_village_south,2025-05-21,1,1,6285201.185498073,1839643.8684507827
iMkt5Rep7Bt1DtgiLIfuJhU4B+RGtAHHCPoE7g==,east_village_south,2025-05-21,1,1,6285123.929335329,1839540.9847424536
iMkt5Rep7Bt1DtgiLIfuJhU4B+RGtAHHCPoE7g==,east_village_south,2025-05-21,5,1,6285338.888691997,1839702.310268322
iMkt5Rep7Bt1DtgiLIfuJhU4B+RGtAHHCPoE7g==,east_village_south,2025-05-21,1,2,6285345.772453545,1839596.127325708
iMkt5Rep7Bt1DtgiLIfuJhU4B+RGtAHHCPoE7g==,east_village_south,2025-05-21,5,1,6285326.919871923,1839332.3286086705
iMkt5Rep7Bt1DtgiLIfuJhU4B+RGtAHHCPoE7g==,east_village_south,2025-05-21,4,1,6285355.28356977,1839171.3684881865
iMkt5Rep7Bt1DtgiLIfuJhU4B+RGtAHHCPoE7g==,east_village_south,2025-05-21,1,1,6285130.069198594,1839160.7535080963
iMkt5Rep7Bt1DtgiLIfuJhU4B+RGtAHHCPoE7g==,east_village_south,2025-05-21,1,1,6284638.865289328,1839348.4232852887
iMkt5Rep7Bt1DtgiLIfuJhU4B+RGtAHHCPoE7g==,east_village_south,2025-05-21,1,1,6284146.154701388,1839354.5345466787
iMkt5Rep7Bt1DtgiLIfuJhU4B+RGtAHHCPoE7g==,east_village_south,2025-05-21,1,1,6284084.455251667,1839186.587996353
iMkt5Rep7Bt1DtgiLIfuJhU4B+RGtAHHCPoE7g==,east_village_south,2025-05-21,1,1,6283812.476619029,1839018.3256635962
iMkt5Rep7Bt1DtgiLIfuJhU4B+RGtAHHCPoE7g==,east_village_south,2025-05-21,5,1,6283744.204170141,1838918.8810360567
iMkt5Rep7Bt1DtgiLIfuJhU4B+RGtAHHCPoE7g==,east_village_south,2025-05-21,1,1,6283886.126150792,1838830.0288327194
iMkt5Rep7Bt1DtgiLIfuJhU4B+RGtAHHCPoE7g==,east_village_south,2025-05-21,1,1,6284602.69505588,1838998.958819759
iMkt5Rep7Bt1DtgiLIfuJhU4B+RGtAHHCPoE7g==,east_village_south,2025-05-21,1,2,6284607.08334936,1838831.1115153402
iMkt5Rep7Bt1DtgiLIfuJhU4B+RGtAHHCPoE7g==,east_village_south,2025-05-21,1,2,6284910.203659168,1838865.8226168472
iMkt5Rep7Bt1DtgiLIfuJhU4B+RGtAHHCPoE7g==,east_village_south,2025-05-21,4,1,6284912.388364854,1838965.1679984797
iMkt5Rep7Bt1DtgiLIfuJhU4B+RGtAHHCPoE7g==,east_village_south,2025-05-21,2,1,6285059.35778389,1838992.793424238
iMkt5Rep7Bt1DtgiLIfuJhU4B+RGtAHHCPoE7g==,east_village_south,2025-05-21,6,2,6285209.726707012,1838972.465699575
iMkt5Rep7Bt1DtgiLIfuJhU4B+RGtAHHCPoE7g==,east_village_south,2025-05-21,5,2,6285069.641049523,1838838.6573312026
iMkt5Rep7Bt1DtgiLIfuJhU4B+RGtAHHCPoE7g==,east_village_south,2025-05-21,3,1,6285199.264565609,1838784.0425557257
iMkt5Rep7Bt1DtgiLIfuJhU4B+RGtAHHCPoE7g==,east_village_south,2025-05-21,4,1,6285294.685913946,1838869.8255948352
iMkt5Rep7Bt1DtgiLIfuJhU4B+RGtAHHCPoE7g==,east_village_south,2025-05-21,2,1,6283842.676640039,1838634.7049714029
iMkt5Rep7Bt1DtgiLIfuJhU4B+RGtAHHCPoE7g==,east_village_south,2025-05-21,3,1,6284347.290176786,1838642.3139437514
iMkt5Rep7Bt1DtgiLIfuJhU4B+RGtAHHCPoE7g==,east_village_south,2025-05-21,1,1,6284028.151766929,1838364.3619199272
iMkt5Rep7Bt1DtgiLIfuJhU4B+RGtAHHCPoE7g==,east_village_south,2025-05-21,1,3,6283738.26220883,1838182.3703310767
iMkt5Rep7Bt1DtgiLIfuJhU4B+RGtAHHCPoE7g==,east_village_south,2025-05-21,1,1,6284144.676417916,1838076.7873750816
iMkt5Rep7Bt1DtgiLIfuJhU4B+RGtAHHCPoE7g==,east_village_south,2025-05-21,6,1,6284293.745789262,1838214.0348242437
iMkt5Rep7Bt1DtgiLIfuJhU4B+RGtAHHCPoE7g==,east_village_south,2025-05-21,5,1,6284355.040354209,1838066.8265157414
iMkt5Rep7Bt1DtgiLIfuJhU4B+RGtAHHCPoE7g==,east_village_south,2025-05-21,3,1,6284905.881381031,1838297.168238641
iMkt5Rep7Bt1DtgiLIfuJhU4B+RGtAHHCPoE7g==,east_village_south,2025-05-21,2,1,6284740.897401047,1838632.628266244
iMkt5Rep7Bt1DtgiLIfuJhU4B+RGtAHHCPoE7g==,east_village_south,2025-05-21,2,1,6285110.47271869,1838622.906499316
iMkt5Rep7Bt1DtgiLIfuJhU4B+RGtAHHCPoE7g==,east_village_south,2025-05-21,7,1,6285057.756982825,1838458.3990297802
iMkt5Rep7Bt1DtgiLIfuJhU4B+RGtAHHCPoE7g==,east_village_south,2025-05-21,1,2,6285065.177515758,1838287.1306892817
iMkt5Rep7Bt1DtgiLIfuJhU4B+RGtAHHCPoE7g==,east_village_south,2025-05-21,31,1,6285229.916604629,1838345.6131074193
iMkt5Rep7Bt1DtgiLIfuJhU4B+RGtAHHCPoE7g==,east_village_south,2025-05-21,7,1,6285355.547342992,1838410.8879747621
iMkt5Rep7Bt1DtgiLIfuJhU4B+RGtAHHCPoE7g==,east_village_south,2025-05-21,5,2,6285297.190895105,1838201.8393685292
iMkt5Rep7Bt1DtgiLIfuJhU4B+RGtAHHCPoE7g==,east_village_south,2025-05-21,1,3,6285066.872583292,1838081.5978538578
iMkt5Rep7Bt1DtgiLIfuJhU4B+RGtAHHCPoE7g==,east_village_south,2025-05-21,7,1,6283856.4254251,1837696.1140453212
iMkt5Rep7Bt1DtgiLIfuJhU4B+RGtAHHCPoE7g==,east_village_south,2025-05-21,2,1,6284092.469202312,1837850.6200549186
iMkt5Rep7Bt1DtgiLIfuJhU4B+RGtAHHCPoE7g==,east_village_south,2025-05-21,10,1,6284048.87843593,1837672.4239298871
iMkt5Rep7Bt1DtgiLIfuJhU4B+RGtAHHCPoE7g==,east_village_south,2025-05-21,26,1,6284336.018265832,1837823.5810822465
iMkt5Rep7Bt1DtgiLIfuJhU4B+RGtAHHCPoE7g==,east_village_south,2025-05-21,3,1,6284639.308082394,1837837.738900211
iMkt5Rep7Bt1DtgiLIfuJhU4B+RGtAHHCPoE7g==,east_village_south,2025-05-21,2,1,6284789.366243135,1837855.0921953756
iMkt5Rep7Bt1DtgiLIfuJhU4B+RGtAHHCPoE7g==,east_village_south,2025-05-21,1,2,6284793.443774234,1837724.9259107846
iMkt5Rep7Bt1DtgiLIfuJhU4B+RGtAHHCPoE7g==,east_village_south,2025-05-21,2,1,6285121.358771051,1837667.1833257715
iMkt5Rep7Bt1DtgiLIfuJhU4B+RGtAHHCPoE7g==,east_village_south,2025-05-21,1,1,6285324.754192419,1837773.6820508162
iMkt5Rep7Bt1DtgiLIfuJhU4B+RGtAHHCPoE7g==,east_village_south,2025-05-21,5,1,6282331.952878555,1839690.943485044
iMkt5Rep7Bt1DtgiLIfuJhU4B+RGtAHHCPoE7g==,east_village_south,2025-05-21,1,1,6282190.727807026,1839331.0444865276
iMkt5Rep7Bt1DtgiLIfuJhU4B+RGtAHHCPoE7g==,east_village_south,2025-05-21,1,1,6282920.6404683255,1839338.991797195
iMkt5Rep7Bt1DtgiLIfuJhU4B+RGtAHHCPoE7g==,east_village_south,2025-05-21,1,1,6282975.78580099,1839208.9022026232
iMkt5Rep7Bt1DtgiLIfuJhU4B+RGtAHHCPoE7g==,east_village_south,2025-05-21,1,1,6283282.475121636,1839175.1068701663
iMkt5Rep7Bt1DtgiLIfuJhU4B+RGtAHHCPoE7g==,east_village_south,2025-05-21,6,1,6283578.777541165,1839672.2623402
iMkt5Rep7Bt1DtgiLIfuJhU4B+RGtAHHCPoE7g==,east_village_south,2025-05-21,27,1,6283587.488256858,1838980.3063054495
iMkt5Rep7Bt1DtgiLIfuJhU4B+RGtAHHCPoE7g==,east_village_south,2025-05-21,2,2,6283535.1115345,1838774.6922688289
iMkt5Rep7Bt1DtgiLIfuJhU4B+RGtAHHCPoE7g==,east_village_south,2025-05-21,1,1,6283484.401628549,1838366.9709440412
iMkt5Rep7Bt1DtgiLIfuJhU4B+RGtAHHCPoE7g==,east_village_south,2025-05-21,1,1,6282059.220978619,1838885.5203401172
iMkt5Rep7Bt1DtgiLIfuJhU4B+RGtAHHCPoE7g==,east_village_south,2025-05-21,1,1,6282496.277857708,1837978.3954153887
iMkt5Rep7Bt1DtgiLIfuJhU4B+RGtAHHCPoE7g==,east_village_south,2025-05-21,1,1,6282822.742678105,1837732.2432200592
CxYjleI7wC1G/F4dw/g0J1ia4dAD+zaTkLzy5A==,east_village_south,2025-06-17,2,2,6282340.448840384,1839748.4568631747
CxYjleI7wC1G/F4dw/g0J1ia4dAD+zaTkLzy5A==,east_village_south,2025-06-17,5,1,6282349.072540901,1839614.7653244184
CxYjleI7wC1G/F4dw/g0J1ia4dAD+zaTkLzy5A==,east_village_south,2025-06-17,1,1,6282349.010287362,1838535.6341621086
CxYjleI7wC1G/F4dw/g0J1ia4dAD+zaTkLzy5A==,east_village_south,2025-06-17,1,1,6282811.829260513,1837708.8902645626
CxYjleI7wC1G/F4dw/g0J1ia4dAD+zaTkLzy5A==,east_village_south,2025-06-17,1,1,6283311.383593124,1838193.8725623705
CxYjleI7wC1G/F4dw/g0J1ia4dAD+zaTkLzy5A==,east_village_south,2025-06-17,6,1,6283372.541093085,1838594.0919226054
CxYjleI7wC1G/F4dw/g0J1ia4dAD+zaTkLzy5A==,east_village_south,2025-06-17,1,2,6283511.004617541,1838740.0412519388
CxYjleI7wC1G/F4dw/g0J1ia4dAD+zaTkLzy5A==,east_village_south,2025-06-17,22,1,6283580.494080896,1838903.7974857297
CxYjleI7wC1G/F4dw/g0J1ia4dAD+zaTkLzy5A==,east_village_south,2025-06-17,3,1,6283795.479845727,1839576.5703421761
CxYjleI7wC1G/F4dw/g0J1ia4dAD+zaTkLzy5A==,east_village_south,2025-06-17,4,1,6283876.914906692,1839719.65429208
CxYjleI7wC1G/F4dw/g0J1ia4dAD+zaTkLzy5A==,east_village_south,2025-06-17,2,1,6284155.996904205,1839713.4858548646
CxYjleI7wC1G/F4dw/g0J1ia4dAD+zaTkLzy5A==,east_village_south,2025-06-17,1,1,6284309.134724549,1839742.8132602146
CxYjleI7wC1G/F4dw/g0J1ia4dAD+zaTkLzy5A==,east_village_south,2025-06-17,1,1,6284641.796869039,1839581.9565928946
CxYjleI7wC1G/F4dw/g0J1ia4dAD+zaTkLzy5A==,east_village_south,2025-06-17,3,1,6284768.256448459,1839728.0238885775
CxYjleI7wC1G/F4dw/g0J1ia4dAD+zaTkLzy5A==,east_village_south,2025-06-17,1,2,6284779.9005843755,1839601.154297413
CxYjleI7wC1G/F4dw/g0J1ia4dAD+zaTkLzy5A==,east_village_south,2025-06-17,1,1,6284873.397937801,1839764.6745985048
CxYjleI7wC1G/F4dw/g0J1ia4dAD+zaTkLzy5A==,east_village_south,2025-06-17,1,1,6284927.133677909,1839664.797881834
CxYjleI7wC1G/F4dw/g0J1ia4dAD+zaTkLzy5A==,east_village_south,2025-06-17,3,2,6285053.330693918,1839718.3707485977
CxYjleI7wC1G/F4dw/g0J1ia4dAD+zaTkLzy5A==,east_village_south,2025-06-17,2,1,6285058.953408176,1839584.7087014287
CxYjleI7wC1G/F4dw/g0J1ia4dAD+zaTkLzy5A==,east_village_south,2025-06-17,2,1,6285200.223427475,1839662.1141473828
CxYjleI7wC1G/F4dw/g0J1ia4dAD+zaTkLzy5A==,east_village_south,2025-06-17,1,1,6285142.844879436,1839535.922862728
CxYjleI7wC1G/F4dw/g0J1ia4dAD+zaTkLzy5A==,east_village_south,2025-06-17,3,1,6285338.28824453,1839667.6089735427
CxYjleI7wC1G/F4dw/g0J1ia4dAD+zaTkLzy5A==,east_village_south,2025-06-17,1,1,6283760.290693022,1838809.533561568
CxYjleI7wC1G/F4dw/g0J1ia4dAD+zaTkLzy5A==,east_village_south,2025-06-17,1,1,6284085.476636347,1839186.6033445767
CxYjleI7wC1G/F4dw/g0J1ia4dAD+zaTkLzy5A==,east_village_south,2025-06-17,2,1,6284160.870826512,1839316.0433992967
CxYjleI7wC1G/F4dw/g0J1ia4dAD+zaTkLzy5A==,east_village_south,2025-06-17,3,1,6284298.857847,1839294.13246874
CxYjleI7wC1G/F4dw/g0J1ia4dAD+zaTkLzy5A==,east_village_south,2025-06-17,1,1,6284634.987757145,1839297.680850133
CxYjleI7wC1G/F4dw/g0J1ia4dAD+zaTkLzy5A==,east_village_south,2025-06-17,1,1,6284854.332042032,1839391.4481127632
CxYjleI7wC1G/F4dw/g0J1ia4dAD+zaTkLzy5A==,east_village_south,2025-06-17,3,1,6285049.055788887,1839269.6309739482
CxYjleI7wC1G/F4dw/g0J1ia4dAD+zaTkLzy5A==,east_village_south,2025-06-17,1,1,6285132.820840727,1839176.3107805825
CxYjleI7wC1G/F4dw/g0J1ia4dAD+zaTkLzy5A==,east_village_south,2025-06-17,1,1,6284297.778419642,1838913.877594295
CxYjleI7wC1G/F4dw/g0J1ia4dAD+zaTkLzy5A==,east_village_south,2025-06-17,2,1,6284519.511042828,1838791.7950311934
CxYjleI7wC1G/F4dw/g0J1ia4dAD+zaTkLzy5A==,east_village_south,2025-06-17,1,1,6284772.138464545,1838981.158034871
CxYjleI7wC1G/F4dw/g0J1ia4dAD+zaTkLzy5A==,east_village_south,2025-06-17,2,1,6284834.575701736,1838774.9955361604
CxYjleI7wC1G/F4dw/g0J1ia4dAD+zaTkLzy5A==,east_village_south,2025-06-17,2,1,6284918.778359261,1838835.8327243268
CxYjleI7wC1G/F4dw/g0J1ia4dAD+zaTkLzy5A==,east_village_south,2025-06-17,1,2,6284928.092504304,1838945.3672764315
CxYjleI7wC1G/F4dw/g0J1ia4dAD+zaTkLzy5A==,east_village_south,2025-06-17,2,1,6285063.1757842405,1838957.7430333581
CxYjleI7wC1G/F4dw/g0J1ia4dAD+zaTkLzy5A==,east_village_south,2025-06-17,9,1,6285210.2046617875,1838949.4465063976
CxYjleI7wC1G/F4dw/g0J1ia4dAD+zaTkLzy5A==,east_village_south,2025-06-17,3,2,6285086.707170343,1838789.6468407689
CxYjleI7wC1G/F4dw/g0J1ia4dAD+zaTkLzy5A==,east_village_south,2025-06-17,4,1,6285173.716322712,1838781.940145556
CxYjleI7wC1G/F4dw/g0J1ia4dAD+zaTkLzy5A==,east_village_south,2025-06-17,17,2,6285348.415347404,1839006.3271264012
CxYjleI7wC1G/F4dw/g0J1ia4dAD+zaTkLzy5A==,east_village_south,2025-06-17,1,2,6285080.228693857,1838621.8455640536
CxYjleI7wC1G/F4dw/g0J1ia4dAD+zaTkLzy5A==,east_village_south,2025-06-17,6,1,6285176.260254144,1838620.9018332576
CxYjleI7wC1G/F4dw/g0J1ia4dAD+zaTkLzy5A==,east_village_south,2025-06-17,9,1,6285329.261930497,1838602.2691643534
CxYjleI7wC1G/F4dw/g0J1ia4dAD+zaTkLzy5A==,east_village_south,2025-06-17,5,2,6285313.868016371,1838465.3878387066
CxYjleI7wC1G/F4dw/g0J1ia4dAD+zaTkLzy5A==,east_village_south,2025-06-17,18,1,6285205.822786477,1838463.0238162624
CxYjleI7wC1G/F4dw/g0J1ia4dAD+zaTkLzy5A==,east_village_south,2025-06-17,1,3,6285064.82505516,1838481.538518817
CxYjleI7wC1G/F4dw/g0J1ia4dAD+zaTkLzy5A==,east_village_south,2025-06-17,1,2,6285049.363069038,1838320.677156043
CxYjleI7wC1G/F4dw/g0J1ia4dAD+zaTkLzy5A==,east_village_south,2025-06-17,3,2,6285196.32387459,1838288.4005919553
CxYjleI7wC1G/F4dw/g0J1ia4dAD+zaTkLzy5A==,east_village_south,2025-06-17,14,1,6285057.92842213,1838166.431299749
CxYjleI7wC1G/F4dw/g0J1ia4dAD+zaTkLzy5A==,east_village_south,2025-06-17,3,1,6285132.53492206,1838018.388067712
CxYjleI7wC1G/F4dw/g0J1ia4dAD+zaTkLzy5A==,east_village_south,2025-06-17,10,1,6284134.6846325835,1838548.9181439267
CxYjleI7wC1G/F4dw/g0J1ia4dAD+zaTkLzy5A==,east_village_south,2025-06-17,1,1,6283729.211127646,1838432.9993225865
CxYjleI7wC1G/F4dw/g0J1ia4dAD+zaTkLzy5A==,east_village_south,2025-06-17,1,1,6283752.450776625,1838162.1315423094
CxYjleI7wC1G/F4dw/g0J1ia4dAD+zaTkLzy5A==,east_village_south,2025-06-17,6,1,6283805.6127670575,1837860.1373698523
CxYjleI7wC1G/F4dw/g0J1ia4dAD+zaTkLzy5A==,east_village_south,2025-06-17,3,1,6284114.753250015,1837870.802614711
CxYjleI7wC1G/F4dw/g0J1ia4dAD+zaTkLzy5A==,east_village_south,2025-06-17,7,1,6284015.215025788,1837693.6384184356
CxYjleI7wC1G/F4dw/g0J1ia4dAD+zaTkLzy5A==,east_village_south,2025-06-17,1,1,6284114.130877485,1837651.556560977
CxYjleI7wC1G/F4dw/g0J1ia4dAD+zaTkLzy5A==,east_village_south,2025-06-17,9,1,6284297.307734131,1837690.8662092222
CxYjleI7wC1G/F4dw/g0J1ia4dAD+zaTkLzy5A==,east_village_south,2025-06-17,25,1,6284330.853434373,1837878.9563791887
CxYjleI7wC1G/F4dw/g0J1ia4dAD+zaTkLzy5A==,east_village_south,2025-06-17,5,1,6284636.876236221,1837848.5424805598
CxYjleI7wC1G/F4dw/g0J1ia4dAD+zaTkLzy5A==,east_village_south,2025-06-17,6,1,6284780.904127509,1837840.2754451865
CxYjleI7wC1G/F4dw/g0J1ia4dAD+zaTkLzy5A==,east_village_south,2025-06-17,1,1,6284918.6383091565,1837729.2958053001
0nrfX3EU5fkJh/JgHbkZUjOjntc0TQA+OlLIXA==,cortez,2025-01-01,2,1,6280792.634624742,1843806.801547146
0nrfX3EU5fkJh/JgHbkZUjOjntc0TQA+OlLIXA==,cortez,2025-01-01,1,1,6280804.797937878,1843504.1304957105
0nrfX3EU5fkJh/JgHbkZUjOjntc0TQA+OlLIXA==,cortez,2025-01-01,1,1,6280931.375493275,1843512.7961476245
0nrfX3EU5fkJh/JgHbkZUjOjntc0TQA+OlLIXA==,cortez,2025-01-01,2,1,6281077.688859279,1843486.0027956096
0nrfX3EU5fkJh/JgHbkZUjOjntc0TQA+OlLIXA==,cortez,2025-01-01,1,2,6281020.809000401,1843625.4745454234
0nrfX3EU5fkJh/JgHbkZUjOjntc0TQA+OlLIXA==,cortez,2025-01-01,3,1,6281290.716577429,1843625.1325206514
0nrfX3EU5fkJh/JgHbkZUjOjntc0TQA+OlLIXA==,cortez,2025-01-01,3,1,6281223.313665279,1843512.6338776194
0nrfX3EU5fkJh/JgHbkZUjOjntc0TQA+OlLIXA==,cortez,2025-01-01,1,1,6281566.066226058,1843629.923475907
0nrfX3EU5fkJh/JgHbkZUjOjntc0TQA+OlLIXA==,cortez,2025-01-01,7,1,6281502.368006856,1843443.6707028535
0nrfX3EU5fkJh/JgHbkZUjOjntc0TQA+OlLIXA==,cortez,2025-01-01,1,1,6281866.364236892,1843622.196551936
0nrfX3EU5fkJh/JgHbkZUjOjntc0TQA+OlLIXA==,cortez,2025-01-01,1,1,6281774.373636824,1843494.2315607842
0nrfX3EU5fkJh/JgHbkZUjOjntc0TQA+OlLIXA==,cortez,2025-01-01,5,1,6281602.292609966,1843383.4231032769
0nrfX3EU5fkJh/JgHbkZUjOjntc0TQA+OlLIXA==,cortez,2025-01-01,2,1,6282055.394877055,1843486.3473513923
0nrfX3EU5fkJh/JgHbkZUjOjntc0TQA+OlLIXA==,cortez,2025-01-01,6,1,6282073.097380579,1843822.3378343142
0nrfX3EU5fkJh/JgHbkZUjOjntc0TQA+OlLIXA==,cortez,2025-01-01,1,3,6281847.972342079,1843767.0709139276
0nrfX3EU5fkJh/JgHbkZUjOjntc0TQA+OlLIXA==,cortez,2025-01-01,2,1,6281921.571462976,1843826.1900616267
0nrfX3EU5fkJh/JgHbkZUjOjntc0TQA+OlLIXA==,cortez,2025-01-01,1,1,6281660.515553353,1843780.8071224152
0nrfX3EU5fkJh/JgHbkZUjOjntc0TQA+OlLIXA==,cortez,2025-01-01,2,1,6281000.320715218,1842864.5652029344
0nrfX3EU5fkJh/JgHbkZUjOjntc0TQA+OlLIXA==,cortez,2025-01-01,1,1,6282388.707654351,1842626.5532584619
0nrfX3EU5fkJh/JgHbkZUjOjntc0TQA+OlLIXA==,cortez,2025-01-01,1,1,6281074.60881176,1842656.5397111643
0nrfX3EU5fkJh/JgHbkZUjOjntc0TQA+OlLIXA==,cortez,2025-01-01,1,1,6280084.477587918,1842765.4981667153
0nrfX3EU5fkJh/JgHbkZUjOjntc0TQA+OlLIXA==,cortez,2025-01-01,1,1,6283366.970662202,1842797.3696683357
0nrfX3EU5fkJh/JgHbkZUjOjntc0TQA+OlLIXA==,cortez,2025-01-01,1,2,6283385.06745987,1842675.3914923545
X/Y0TNP6bqkJeD/6RouFeJgCfC8q/DQHnSBpdg==,cortez,2025-02-20,3,2,6280671.2865445865,1843840.6809243106
X/Y0TNP6bqkJeD/6RouFeJgCfC8q/DQHnSBpdg==,cortez,2025-02-20,1,1,6280538.220462342,1843939.1576003577
X/Y0TNP6bqkJeD/6RouFeJgCfC8q/DQHnSBpdg==,cortez,2025-02-20,1,1,6280375.436088526,1843780.6117565685
X/Y0TNP6bqkJeD/6RouFeJgCfC8q/DQHnSBpdg==,cortez,2025-02-20,2,1,6280433.303620516,1843386.987067352
X/Y0TNP6bqkJeD/6RouFeJgCfC8q/DQHnSBpdg==,cortez,2025-02-20,1,2,6280734.673666516,1843390.842891319
X/Y0TNP6bqkJeD/6RouFeJgCfC8q/DQHnSBpdg==,cortez,2025-02-20,3,1,6280800.415484057,1843493.87556621
X/Y0TNP6bqkJeD/6RouFeJgCfC8q/DQHnSBpdg==,cortez,2025-02-20,1,1,6280943.436020985,1843821.08332179
X/Y0TNP6bqkJeD/6RouFeJgCfC8q/DQHnSBpdg==,cortez,2025-02-20,1,1,6281086.603868162,1843551.0540815128
X/Y0TNP6bqkJeD/6RouFeJgCfC8q/DQHnSBpdg==,cortez,2025-02-20,7,1,6281509.344626065,1843527.4718033075
X/Y0TNP6bqkJeD/6RouFeJgCfC8q/DQHnSBpdg==,cortez,2025-02-20,1,2,6281282.880747592,1843395.970213322
X/Y0TNP6bqkJeD/6RouFeJgCfC8q/DQHnSBpdg==,cortez,2025-02-20,8,1,6281564.879778935,1843391.0884385766
X/Y0TNP6bqkJeD/6RouFeJgCfC8q/DQHnSBpdg==,cortez,2025-02-20,4,1,6282134.924168024,1843762.6867936677
X/Y0TNP6bqkJeD/6RouFeJgCfC8q/DQHnSBpdg==,cortez,2025-02-20,3,2,6282085.33044182,1843869.4634591292
X/Y0TNP6bqkJeD/6RouFeJgCfC8q/DQHnSBpdg==,cortez,2025-02-20,1,1,6282054.065415588,1843514.8832427717
X/Y0TNP6bqkJeD/6RouFeJgCfC8q/DQHnSBpdg==,cortez,2025-02-20,1,1,6280440.7158966,1843247.9756157605
X/Y0TNP6bqkJeD/6RouFeJgCfC8q/DQHnSBpdg==,cortez,2025-02-20,3,1,6280152.858021842,1842883.3206612598
X/Y0TNP6bqkJeD/6RouFeJgCfC8q/DQHnSBpdg==,cortez,2025-02-20,1,1,6281277.238401663,1843242.2648144204
X/Y0TNP6bqkJeD/6RouFeJgCfC8q/DQHnSBpdg==,cortez,2025-02-20,1,1,6281584.9717110535,1843243.1205836234
X/Y0TNP6bqkJeD/6RouFeJgCfC8q/DQHnSBpdg==,cortez,2025-02-20,1,1,6281503.110816672,1843134.2847233892
X/Y0TNP6bqkJeD/6RouFeJgCfC8q/DQHnSBpdg==,cortez,2025-02-20,1,1,6281556.443044417,1842858.9555484613
X/Y0TNP6bqkJeD/6RouFeJgCfC8q/DQHnSBpdg==,cortez,2025-02-20,2,1,6280986.034847594,1842868.7628588825
X/Y0TNP6bqkJeD/6RouFeJgCfC8q/DQHnSBpdg==,cortez,2025-02-20,1,1,6282139.278687287,1843026.4602266839
X/Y0TNP6bqkJeD/6RouFeJgCfC8q/DQHnSBpdg==,cortez,2025-02-20,1,1,6281306.184444787,1842641.874600545
X/Y0TNP6bqkJeD/6RouFeJgCfC8q/DQHnSBpdg==,cortez,2025-02-20,2,1,6282628.593777939,1842754.067896197
X/Y0TNP6bqkJeD/6RouFeJgCfC8q/DQHnSBpdg==,cortez,2025-02-20,1,1,6282139.455012033,1842633.2293858358
X/Y0TNP6bqkJeD/6RouFeJgCfC8q/DQHnSBpdg==,cortez,2025-02-20,5,1,6280714.751361135,1843751.6857827827
sgZPeP05jwSKOHxhbrxHidM4HZTvv5Crjn0MqA==,cortez,2025-03-20,2,2,6280438.626908402,1843417.2026364598
sgZPeP05jwSKOHxhbrxHidM4HZTvv5Crjn0MqA==,cortez,2025-03-20,1,2,6280652.761962096,1843559.9382525014
sgZPeP05jwSKOHxhbrxHidM4HZTvv5Crjn0MqA==,cortez,2025-03-20,1,2,6280952.818583378,1843779.912866856
sgZPeP05jwSKOHxhbrxHidM4HZTvv5Crjn0MqA==,cortez,2025-03-20,1,2,6281075.681147283,1843442.5144466562
sgZPeP05jwSKOHxhbrxHidM4HZTvv5Crjn0MqA==,cortez,2025-03-20,7,1,6281359.502811128,1843581.5472097527
sgZPeP05jwSKOHxhbrxHidM4HZTvv5Crjn0MqA==,cortez,2025-03-20,2,1,6281238.748725711,1843392.8257352181
sgZPeP05jwSKOHxhbrxHidM4HZTvv5Crjn0MqA==,cortez,2025-03-20,1,2,6281363.521992585,1843427.5849952141
sgZPeP05jwSKOHxhbrxHidM4HZTvv5Crjn0MqA==,cortez,2025-03-20,1,1,6280969.9729254795,1843245.2025927291
sgZPeP05jwSKOHxhbrxHidM4HZTvv5Crjn0MqA==,cortez,2025-03-20,2,1,6280531.159205301,1842850.731994202
sgZPeP05jwSKOHxhbrxHidM4HZTvv5Crjn0MqA==,cortez,2025-03-20,3,1,6280101.046723504,1842654.8323393231
sgZPeP05jwSKOHxhbrxHidM4HZTvv5Crjn0MqA==,cortez,2025-03-20,3,1,6281348.392215725,1842744.98042961
sgZPeP05jwSKOHxhbrxHidM4HZTvv5Crjn0MqA==,cortez,2025-03-20,1,1,6281490.611108351,1842723.5459661267
sgZPeP05jwSKOHxhbrxHidM4HZTvv5Crjn0MqA==,cortez,2025-03-20,1,2,6283183.954022479,1842835.8889350838
sgZPeP05jwSKOHxhbrxHidM4HZTvv5Crjn0MqA==,cortez,2025-03-20,1,1,6283047.6494295895,1842846.0531766282
sgZPeP05jwSKOHxhbrxHidM4HZTvv5Crjn0MqA==,cortez,2025-03-20,1,1,6282337.208247051,1842774.1216861897
sgZPeP05jwSKOHxhbrxHidM4HZTvv5Crjn0MqA==,cortez,2025-03-20,1,1,6282776.186188646,1843409.2495011445
Fm2Q9n7tPBpkEj1jUrO2gOFRwAjWp5Vh6AX0wA==,cortez,2025-04-24,2,2,6280510.052507565,1844006.7856457813
Fm2Q9n7tPBpkEj1jUrO2gOFRwAjWp5Vh6AX0wA==,cortez,2025-04-24,3,1,6281260.734523792,1843394.1663145488
Fm2Q9n7tPBpkEj1jUrO2gOFRwAjWp5Vh6AX0wA==,cortez,2025-04-24,4,1,6281500.230642498,1843451.445420094
Fm2Q9n7tPBpkEj1jUrO2gOFRwAjWp5Vh6AX0wA==,cortez,2025-04-24,3,1,6280787.755478934,1843845.349579342
Fm2Q9n7tPBpkEj1jUrO2gOFRwAjWp5Vh6AX0wA==,cortez,2025-04-24,6,1,6281085.824453399,1843526.9326506883
Fm2Q9n7tPBpkEj1jUrO2gOFRwAjWp5Vh6AX0wA==,cortez,2025-04-24,1,2,6281311.172482349,1843771.962455245
Fm2Q9n7tPBpkEj1jUrO2gOFRwAjWp5Vh6AX0wA==,cortez,2025-04-24,1,1,6281380.794057891,1843768.7139953102
Fm2Q9n7tPBpkEj1jUrO2gOFRwAjWp5Vh6AX0wA==,cortez,2025-04-24,2,2,6281349.068958658,1843494.4305519261
Fm2Q9n7tPBpkEj1jUrO2gOFRwAjWp5Vh6AX0wA==,cortez,2025-04-24,1,2,6281509.8900586,1843560.618101719
Fm2Q9n7tPBpkEj1jUrO2gOFRwAjWp5Vh6AX0wA==,cortez,2025-04-24,1,3,6281350.559524339,1843203.1282283675
Fm2Q9n7tPBpkEj1jUrO2gOFRwAjWp5Vh6AX0wA==,cortez,2025-04-24,2,1,6280396.519066377,1843147.641739842
Fm2Q9n7tPBpkEj1jUrO2gOFRwAjWp5Vh6AX0wA==,cortez,2025-04-24,2,2,6280109.405739169,1842673.3358757605
Fm2Q9n7tPBpkEj1jUrO2gOFRwAjWp5Vh6AX0wA==,cortez,2025-04-24,3,1,6280230.5420038095,1842678.1589245177
Fm2Q9n7tPBpkEj1jUrO2gOFRwAjWp5Vh6AX0wA==,cortez,2025-04-24,1,1,6280794.131576796,1842758.5625935532
Fm2Q9n7tPBpkEj1jUrO2gOFRwAjWp5Vh6AX0wA==,cortez,2025-04-24,1,1,6281022.699411114,1843039.9832919848
Fm2Q9n7tPBpkEj1jUrO2gOFRwAjWp5Vh6AX0wA==,cortez,2025-04-24,1,2,6281345.078405535,1842738.2154347717
Fm2Q9n7tPBpkEj1jUrO2gOFRwAjWp5Vh6AX0wA==,cortez,2025-04-24,1,1,6281257.896797126,1842856.4133423502
Fm2Q9n7tPBpkEj1jUrO2gOFRwAjWp5Vh6AX0wA==,cortez,2025-04-24,1,1,6281582.788362032,1843030.7809292714
Fm2Q9n7tPBpkEj1jUrO2gOFRwAjWp5Vh6AX0wA==,cortez,2025-04-24,1,1,6281563.706007048,1842857.2483137043
Fm2Q9n7tPBpkEj1jUrO2gOFRwAjWp5Vh6AX0wA==,cortez,2025-04-24,2,1,6281559.599412098,1842652.8096160172
Fm2Q9n7tPBpkEj1jUrO2gOFRwAjWp5Vh6AX0wA==,cortez,2025-04-24,1,1,6281644.8322802065,1842739.089333361
Fm2Q9n7tPBpkEj1jUrO2gOFRwAjWp5Vh6AX0wA==,cortez,2025-04-24,5,1,6281590.735515058,1843389.243983502
Fm2Q9n7tPBpkEj1jUrO2gOFRwAjWp5Vh6AX0wA==,cortez,2025-04-24,3,1,6281920.29091475,1842726.11495724
Fm2Q9n7tPBpkEj1jUrO2gOFRwAjWp5Vh6AX0wA==,cortez,2025-04-24,2,1,6282081.690624705,1843475.7163728199
Fm2Q9n7tPBpkEj1jUrO2gOFRwAjWp5Vh6AX0wA==,cortez,2025-04-24,4,1,6282150.038938394,1842657.416600779
Fm2Q9n7tPBpkEj1jUrO2gOFRwAjWp5Vh6AX0wA==,cortez,2025-04-24,1,1,6281789.588306531,1843777.2895938572
Fm2Q9n7tPBpkEj1jUrO2gOFRwAjWp5Vh6AX0wA==,cortez,2025-04-24,4,1,6282183.1555380905,1843769.157730111
Fm2Q9n7tPBpkEj1jUrO2gOFRwAjWp5Vh6AX0wA==,cortez,2025-04-24,6,2,6283173.363232676,1843219.419097884
dEhUTnMboQJcm5XhD8jSv8kXrqwxDe0JwPasTA==,cortez,2025-05-22,2,2,6280531.195567458,1843499.8404652176
dEhUTnMboQJcm5XhD8jSv8kXrqwxDe0JwPasTA==,cortez,2025-05-22,3,1,6280798.617857489,1843548.722187544
dEhUTnMboQJcm5XhD8jSv8kXrqwxDe0JwPasTA==,cortez,2025-05-22,1,3,6280794.414496971,1843858.2163879129
dEhUTnMboQJcm5XhD8jSv8kXrqwxDe0JwPasTA==,cortez,2025-05-22,1,2,6281073.6860056715,1843181.201333361
dEhUTnMboQJcm5XhD8jSv8kXrqwxDe0JwPasTA==,cortez,2025-05-22,2,1,6280955.681474387,1843023.169701949
dEhUTnMboQJcm5XhD8jSv8kXrqwxDe0JwPasTA==,cortez,2025-05-22,1,1,6280653.95297134,1843202.0659120958
dEhUTnMboQJcm5XhD8jSv8kXrqwxDe0JwPasTA==,cortez,2025-05-22,1,2,6281230.757669704,1843463.1903726577
dEhUTnMboQJcm5XhD8jSv8kXrqwxDe0JwPasTA==,cortez,2025-05-22,11,1,6281358.233723157,1843528.405927906
dEhUTnMboQJcm5XhD8jSv8kXrqwxDe0JwPasTA==,cortez,2025-05-22,1,2,6281652.178990031,1843802.4902903095
dEhUTnMboQJcm5XhD8jSv8kXrqwxDe0JwPasTA==,cortez,2025-05-22,5,1,6281519.878611607,1843402.4215467225
dEhUTnMboQJcm5XhD8jSv8kXrqwxDe0JwPasTA==,cortez,2025-05-22,1,2,6281614.210881444,1843385.908914095
dEhUTnMboQJcm5XhD8jSv8kXrqwxDe0JwPasTA==,cortez,2025-05-22,1,1,6281799.232140221,1843513.2521730403
dEhUTnMboQJcm5XhD8jSv8kXrqwxDe0JwPasTA==,cortez,2025-05-22,4,1,6281523.532460043,1843239.2393305188
dEhUTnMboQJcm5XhD8jSv8kXrqwxDe0JwPasTA==,cortez,2025-05-22,1,1,6281283.235496637,1843255.179804089
dEhUTnMboQJcm5XhD8jSv8kXrqwxDe0JwPasTA==,cortez,2025-05-22,3,1,6281226.303208633,1843029.857964208
dEhUTnMboQJcm5XhD8jSv8kXrqwxDe0JwPasTA==,cortez,2025-05-22,1,1,6281362.732974794,1843140.1283514483
dEhUTnMboQJcm5XhD8jSv8kXrqwxDe0JwPasTA==,cortez,2025-05-22,2,1,6281863.588368038,1843381.2589684788
dEhUTnMboQJcm5XhD8jSv8kXrqwxDe0JwPasTA==,cortez,2025-05-22,2,1,6281654.905415352,1843076.5577534905
dEhUTnMboQJcm5XhD8jSv8kXrqwxDe0JwPasTA==,cortez,2025-05-22,1,1,6281563.931102832,1843008.6715460033
dEhUTnMboQJcm5XhD8jSv8kXrqwxDe0JwPasTA==,cortez,2025-05-22,2,2,6281623.957159652,1843219.9368458488
dEhUTnMboQJcm5XhD8jSv8kXrqwxDe0JwPasTA==,cortez,2025-05-22,1,1,6281275.57102381,1842866.8545477097
dEhUTnMboQJcm5XhD8jSv8kXrqwxDe0JwPasTA==,cortez,2025-05-22,4,1,6280655.918533782,1842678.7191995054
dEhUTnMboQJcm5XhD8jSv8kXrqwxDe0JwPasTA==,cortez,2025-05-22,2,1,6280223.990072366,1842707.9771743282
dEhUTnMboQJcm5XhD8jSv8kXrqwxDe0JwPasTA==,cortez,2025-05-22,3,1,6280101.813883184,1842850.9986672753
dEhUTnMboQJcm5XhD8jSv8kXrqwxDe0JwPasTA==,cortez,2025-05-22,1,1,6281832.103688203,1842857.7811361041
dEhUTnMboQJcm5XhD8jSv8kXrqwxDe0JwPasTA==,cortez,2025-05-22,1,1,6282138.6248136,1843022.1791903053
dEhUTnMboQJcm5XhD8jSv8kXrqwxDe0JwPasTA==,cortez,2025-05-22,1,1,6281932.834846471,1842756.8815833419
dEhUTnMboQJcm5XhD8jSv8kXrqwxDe0JwPasTA==,cortez,2025-05-22,1,1,6281842.071884751,1842632.7215357912
dEhUTnMboQJcm5XhD8jSv8kXrqwxDe0JwPasTA==,cortez,2025-05-22,3,2,6283132.893045601,1843057.0276359203
dEhUTnMboQJcm5XhD8jSv8kXrqwxDe0JwPasTA==,cortez,2025-05-22,2,1,6283181.019566457,1843197.902955765
JR+UedQN2/qgO4ppB7qIts0v4bqw5WnRM81MsA==,cortez,2025-06-18,1,1,6280523.098029072,1843517.1564613334
JR+UedQN2/qgO4ppB7qIts0v4bqw5WnRM81MsA==,cortez,2025-06-18,2,1,6280435.473687237,1843248.0458445693
JR+UedQN2/qgO4ppB7qIts0v4bqw5WnRM81MsA==,cortez,2025-06-18,1,1,6280953.628092697,1843391.088764527
JR+UedQN2/qgO4ppB7qIts0v4bqw5WnRM81MsA==,cortez,2025-06-18,1,2,6281063.113803843,1843395.4282415272
JR+UedQN2/qgO4ppB7qIts0v4bqw5WnRM81MsA==,cortez,2025-06-18,1,1,6280718.124436867,1843239.0915275817
JR+UedQN2/qgO4ppB7qIts0v4bqw5WnRM81MsA==,cortez,2025-06-18,1,1,6281016.026554357,1843235.5856801493
JR+UedQN2/qgO4ppB7qIts0v4bqw5WnRM81MsA==,cortez,2025-06-18,1,1,6281016.975162612,1843010.4563333134
JR+UedQN2/qgO4ppB7qIts0v4bqw5WnRM81MsA==,cortez,2025-06-18,6,1,6281327.682489016,1843403.5705862262
JR+UedQN2/qgO4ppB7qIts0v4bqw5WnRM81MsA==,cortez,2025-06-18,2,1,6281228.806217051,1843559.5029580446
JR+UedQN2/qgO4ppB7qIts0v4bqw5WnRM81MsA==,cortez,2025-06-18,5,1,6281517.980983702,1843598.309477388
JR+UedQN2/qgO4ppB7qIts0v4bqw5WnRM81MsA==,cortez,2025-06-18,2,1,6281644.712275597,1843495.5148635483
JR+UedQN2/qgO4ppB7qIts0v4bqw5WnRM81MsA==,cortez,2025-06-18,1,2,6281510.672763205,1843466.1385512261
JR+UedQN2/qgO4ppB7qIts0v4bqw5WnRM81MsA==,cortez,2025-06-18,1,1,6281778.21040964,1843139.3826583556
JR+UedQN2/qgO4ppB7qIts0v4bqw5WnRM81MsA==,cortez,2025-06-18,1,1,6281861.174246766,1843234.081530089
JR+UedQN2/qgO4ppB7qIts0v4bqw5WnRM81MsA==,cortez,2025-06-18,1,1,6281871.16388725,1843000.40385241
JR+UedQN2/qgO4ppB7qIts0v4bqw5WnRM81MsA==,cortez,2025-06-18,2,2,6281582.922600687,1843389.310895497
JR+UedQN2/qgO4ppB7qIts0v4bqw5WnRM81MsA==,cortez,2025-06-18,1,2,6281859.833536772,1843417.0058320095
JR+UedQN2/qgO4ppB7qIts0v4bqw5WnRM81MsA==,cortez,2025-06-18,4,1,6281498.110379418,1842768.4200231973
JR+UedQN2/qgO4ppB7qIts0v4bqw5WnRM81MsA==,cortez,2025-06-18,2,1,6281647.061438163,1842766.667099481
JR+UedQN2/qgO4ppB7qIts0v4bqw5WnRM81MsA==,cortez,2025-06-18,1,1,6282063.568719374,1842767.3934071884
JR+UedQN2/qgO4ppB7qIts0v4bqw5WnRM81MsA==,cortez,2025-06-18,1,1,6282137.334683576,1842853.7585917988
JR+UedQN2/qgO4ppB7qIts0v4bqw5WnRM81MsA==,cortez,2025-06-18,1,1,6281867.713391955,1842628.999457154
JR+UedQN2/qgO4ppB7qIts0v4bqw5WnRM81MsA==,cortez,2025-06-18,1,1,6283006.218269555,1843116.488972202
0lBi/81U3Txq17mOHk99CfKdPslz+qBzvnUZsw==,Barrio Logan,2025-01-01,8,2,6284374.152597194,1837372.3834329648
0lBi/81U3Txq17mOHk99CfKdPslz+qBzvnUZsw==,Barrio Logan,2025-01-01,2,1,6284544.497339336,1837514.467109237
0lBi/81U3Txq17mOHk99CfKdPslz+qBzvnUZsw==,Barrio Logan,2025-01-01,2,1,6284561.7556569,1837149.0905425781
0lBi/81U3Txq17mOHk99CfKdPslz+qBzvnUZsw==,Barrio Logan,2025-01-01,2,2,6284762.246650097,1837538.1781343867
0lBi/81U3Txq17mOHk99CfKdPslz+qBzvnUZsw==,Barrio Logan,2025-01-01,1,1,6284734.209779293,1837343.8551703044
0lBi/81U3Txq17mOHk99CfKdPslz+qBzvnUZsw==,Barrio Logan,2025-01-01,2,3,6284907.832536943,1837482.6567152801
0lBi/81U3Txq17mOHk99CfKdPslz+qBzvnUZsw==,Barrio Logan,2025-01-01,1,2,6285279.351943065,1837520.0066324938
AbBMsOD3aeVzYb7i+LrbFK7qrnmBBGsI+UUoaQ==,Barrio Logan,2025-02-20,4,2,6284318.623477458,1837393.4461106004
AbBMsOD3aeVzYb7i+LrbFK7qrnmBBGsI+UUoaQ==,Barrio Logan,2025-02-20,3,2,6284593.74587076,1837524.481922353
AbBMsOD3aeVzYb7i+LrbFK7qrnmBBGsI+UUoaQ==,Barrio Logan,2025-02-20,5,1,6284531.444680204,1837249.882478388
AbBMsOD3aeVzYb7i+LrbFK7qrnmBBGsI+UUoaQ==,Barrio Logan,2025-02-20,8,1,6284739.553490895,1837373.943799872
AbBMsOD3aeVzYb7i+LrbFK7qrnmBBGsI+UUoaQ==,Barrio Logan,2025-02-20,6,2,6284957.158696664,1835934.491245586
ppmm0zSr1xYcdnS8b5Gt5WVcdHEKIrWss4ePxA==,Barrio Logan,2025-03-01,1,3,6284624.952319735,1837579.1875704813
ppmm0zSr1xYcdnS8b5Gt5WVcdHEKIrWss4ePxA==,Barrio Logan,2025-03-01,1,2,6284835.471571039,1837459.2389384373
ppmm0zSr1xYcdnS8b5Gt5WVcdHEKIrWss4ePxA==,Barrio Logan,2025-03-01,1,1,6284753.522501232,1837334.8499491855
ppmm0zSr1xYcdnS8b5Gt5WVcdHEKIrWss4ePxA==,Barrio Logan,2025-03-01,1,2,6284932.606799971,1836772.1709275064
ppmm0zSr1xYcdnS8b5Gt5WVcdHEKIrWss4ePxA==,Barrio Logan,2025-03-01,5,1,6285026.615963001,1836139.246119272
ppmm0zSr1xYcdnS8b5Gt5WVcdHEKIrWss4ePxA==,Barrio Logan,2025-03-01,3,2,6285173.937125002,1836049.5149919936
AXJP6FqH3pBEQnbqWgcy3Re1nLUXC950houarQ==,Barrio Logan,2025-04-24,3,2,6284449.625139128,1837320.974233201
AXJP6FqH3pBEQnbqWgcy3Re1nLUXC950houarQ==,Barrio Logan,2025-04-24,2,1,6284984.521275705,1837277.4598869088
AXJP6FqH3pBEQnbqWgcy3Re1nLUXC950houarQ==,Barrio Logan,2025-04-24,1,2,6285092.289928288,1836797.371635109
AXJP6FqH3pBEQnbqWgcy3Re1nLUXC950houarQ==,Barrio Logan,2025-04-24,1,2,6285259.224398039,1836453.6474682372
AXJP6FqH3pBEQnbqWgcy3Re1nLUXC950houarQ==,Barrio Logan,2025-04-24,3,1,6285478.1873478405,1836268.1553312365
MYwJ4e1IQjwM7Xuea6O+ma1zDHlme8arJZiCrg==,Barrio Logan,2025-05-22,2,2,6284924.894419279,1837220.030309409
MYwJ4e1IQjwM7Xuea6O+ma1zDHlme8arJZiCrg==,Barrio Logan,2025-05-22,2,1,6285317.2559359465,1836135.2803468984
MYwJ4e1IQjwM7Xuea6O+ma1zDHlme8arJZiCrg==,Barrio Logan,2025-05-22,1,2,6285819.329912778,1836178.5010666614
NKaAbx9JjXLGqKXeC5HK3Zn0g3RkwwIPhILGeQ==,Barrio Logan,2025-06-18,1,1,6285234.028904513,1836597.6855084475
NKaAbx9JjXLGqKXeC5HK3Zn0g3RkwwIPhILGeQ==,Barrio Logan,2025-06-18,1,2,6284822.360893403,1836007.8608011475
NKaAbx9JjXLGqKXeC5HK3Zn0g3RkwwIPhILGeQ==,Barrio Logan,2025-06-18,1,1,6284921.34615503,1835951.843749288
NKaAbx9JjXLGqKXeC5HK3Zn0g3RkwwIPhILGeQ==,Barrio Logan,2025-06-18,1,1,6285285.913947482,1837520.6382887627
BAY5MK9ibHOfZJ7zfy2DQ97Um9ZQJ4hm38GF/w==,City Center,2025-01-01,1,1,6280244.912536894,1842358.994003829
BAY5MK9ibHOfZJ7zfy2DQ97Um9ZQJ4hm38GF/w==,City Center,2025-01-01,1,1,6280386.4758307785,1842389.164472405
BAY5MK9ibHOfZJ7zfy2DQ97Um9ZQJ4hm38GF/w==,City Center,2025-01-01,2,1,6280469.878188586,1842264.2348641898
BAY5MK9ibHOfZJ7zfy2DQ97Um9ZQJ4hm38GF/w==,City Center,2025-01-01,1,2,6280445.119480748,1842097.6913992635
BAY5MK9ibHOfZJ7zfy2DQ97Um9ZQJ4hm38GF/w==,City Center,2025-01-01,4,1,6280445.040993034,1841896.293609449
BAY5MK9ibHOfZJ7zfy2DQ97Um9ZQJ4hm38GF/w==,City Center,2025-01-01,1,1,6280941.156523434,1842474.7404247888
BAY5MK9ibHOfZJ7zfy2DQ97Um9ZQJ4hm38GF/w==,City Center,2025-01-01,1,1,6281087.361422178,1842394.0286816824
BAY5MK9ibHOfZJ7zfy2DQ97Um9ZQJ4hm38GF/w==,City Center,2025-01-01,9,1,6281066.860505609,1842142.8695472556
BAY5MK9ibHOfZJ7zfy2DQ97Um9ZQJ4hm38GF/w==,City Center,2025-01-01,4,1,6281066.782017895,1841941.4717574408
BAY5MK9ibHOfZJ7zfy2DQ97Um9ZQJ4hm38GF/w==,City Center,2025-01-01,44,1,6280782.674573171,1841948.2564280874
BAY5MK9ibHOfZJ7zfy2DQ97Um9ZQJ4hm38GF/w==,City Center,2025-01-01,1,1,6281226.116887252,1842409.5856604045
BAY5MK9ibHOfZJ7zfy2DQ97Um9ZQJ4hm38GF/w==,City Center,2025-01-01,1,1,6281330.922530872,1842267.2917890032
BAY5MK9ibHOfZJ7zfy2DQ97Um9ZQJ4hm38GF/w==,City Center,2025-01-01,2,1,6281553.201487421,1842356.398444638
BAY5MK9ibHOfZJ7zfy2DQ97Um9ZQJ4hm38GF/w==,City Center,2025-01-01,1,1,6281791.310718116,1842395.995352692
BAY5MK9ibHOfZJ7zfy2DQ97Um9ZQJ4hm38GF/w==,City Center,2025-01-01,2,2,6281554.779387742,1842248.413771223
BAY5MK9ibHOfZJ7zfy2DQ97Um9ZQJ4hm38GF/w==,City Center,2025-01-01,1,1,6281217.32319562,1841977.5421346484
BAY5MK9ibHOfZJ7zfy2DQ97Um9ZQJ4hm38GF/w==,City Center,2025-01-01,1,1,6281523.850624873,1842090.5838875186
BAY5MK9ibHOfZJ7zfy2DQ97Um9ZQJ4hm38GF/w==,City Center,2025-01-01,1,1,6281569.173307824,1841883.6635846198
BAY5MK9ibHOfZJ7zfy2DQ97Um9ZQJ4hm38GF/w==,City Center,2025-01-01,1,1,6281858.974897882,1842107.5036834953
BAY5MK9ibHOfZJ7zfy2DQ97Um9ZQJ4hm38GF/w==,City Center,2025-01-01,2,1,6281785.154271477,1841990.2393355372
BAY5MK9ibHOfZJ7zfy2DQ97Um9ZQJ4hm38GF/w==,City Center,2025-01-01,1,1,6281939.270905197,1841988.3901182346
BAY5MK9ibHOfZJ7zfy2DQ97Um9ZQJ4hm38GF/w==,City Center,2025-01-01,3,1,6281853.280752548,1841876.8789139732
BAY5MK9ibHOfZJ7zfy2DQ97Um9ZQJ4hm38GF/w==,City Center,2025-01-01,1,1,6282050.453029426,1842030.0249413652
BAY5MK9ibHOfZJ7zfy2DQ97Um9ZQJ4hm38GF/w==,City Center,2025-01-01,2,1,6282143.430314439,1841870.1361761652
BAY5MK9ibHOfZJ7zfy2DQ97Um9ZQJ4hm38GF/w==,City Center,2025-01-01,3,1,6282415.325586965,1841872.023153902
BAY5MK9ibHOfZJ7zfy2DQ97Um9ZQJ4hm38GF/w==,City Center,2025-01-01,2,1,6282906.308173638,1841974.669839602
BAY5MK9ibHOfZJ7zfy2DQ97Um9ZQJ4hm38GF/w==,City Center,2025-01-01,1,1,6282968.129857617,1842086.013312509
BAY5MK9ibHOfZJ7zfy2DQ97Um9ZQJ4hm38GF/w==,City Center,2025-01-01,1,2,6283205.33671907,1842394.1336181762
BAY5MK9ibHOfZJ7zfy2DQ97Um9ZQJ4hm38GF/w==,City Center,2025-01-01,1,1,6283189.555895073,1842233.4900618817
BAY5MK9ibHOfZJ7zfy2DQ97Um9ZQJ4hm38GF/w==,City Center,2025-01-01,2,1,6283327.714316782,1842289.9061062203
BAY5MK9ibHOfZJ7zfy2DQ97Um9ZQJ4hm38GF/w==,City Center,2025-01-01,1,1,6283629.265777733,1842329.9433090796
BAY5MK9ibHOfZJ7zfy2DQ97Um9ZQJ4hm38GF/w==,City Center,2025-01-01,5,1,6283472.817224901,1842077.8406857844
BAY5MK9ibHOfZJ7zfy2DQ97Um9ZQJ4hm38GF/w==,City Center,2025-01-01,1,2,6283587.745388942,1842069.8818956572
BAY5MK9ibHOfZJ7zfy2DQ97Um9ZQJ4hm38GF/w==,City Center,2025-01-01,2,1,6283610.897158896,1841932.8589403084
BAY5MK9ibHOfZJ7zfy2DQ97Um9ZQJ4hm38GF/w==,City Center,2025-01-01,3,1,6283478.7382084,1841879.4033334954
BAY5MK9ibHOfZJ7zfy2DQ97Um9ZQJ4hm38GF/w==,City Center,2025-01-01,5,1,6283596.267775674,1841693.4157574677
BAY5MK9ibHOfZJ7zfy2DQ97Um9ZQJ4hm38GF/w==,City Center,2025-01-01,2,1,6281018.707760481,1841716.3904674223
BAY5MK9ibHOfZJ7zfy2DQ97Um9ZQJ4hm38GF/w==,City Center,2025-01-01,2,1,6281027.443376986,1841325.3318057985
BAY5MK9ibHOfZJ7zfy2DQ97Um9ZQJ4hm38GF/w==,City Center,2025-01-01,1,1,6281638.110062032,1841714.8515740049
BAY5MK9ibHOfZJ7zfy2DQ97Um9ZQJ4hm38GF/w==,City Center,2025-01-01,1,1,6281199.437290675,1841133.8846159447
BAY5MK9ibHOfZJ7zfy2DQ97Um9ZQJ4hm38GF/w==,City Center,2025-01-01,2,1,6281318.502112317,1840842.830871189
BAY5MK9ibHOfZJ7zfy2DQ97Um9ZQJ4hm38GF/w==,City Center,2025-01-01,9,1,6281781.421840057,1841625.3633504184
BAY5MK9ibHOfZJ7zfy2DQ97Um9ZQJ4hm38GF/w==,City Center,2025-01-01,5,1,6281873.880569419,1841707.7314406494
BAY5MK9ibHOfZJ7zfy2DQ97Um9ZQJ4hm38GF/w==,City Center,2025-01-01,2,1,6281918.47827114,1841550.4257174276
BAY5MK9ibHOfZJ7zfy2DQ97Um9ZQJ4hm38GF/w==,City Center,2025-01-01,2,1,6282427.167553964,1841475.1484493238
BAY5MK9ibHOfZJ7zfy2DQ97Um9ZQJ4hm38GF/w==,City Center,2025-01-01,3,1,6282195.19253654,1841222.521665546
BAY5MK9ibHOfZJ7zfy2DQ97Um9ZQJ4hm38GF/w==,City Center,2025-01-01,3,1,6283040.6915179705,1841669.1284035086
BAY5MK9ibHOfZJ7zfy2DQ97Um9ZQJ4hm38GF/w==,City Center,2025-01-01,4,1,6283245.739688065,1841696.8206622028
BAY5MK9ibHOfZJ7zfy2DQ97Um9ZQJ4hm38GF/w==,City Center,2025-01-01,2,1,6283467.257821626,1841631.2256030133
BAY5MK9ibHOfZJ7zfy2DQ97Um9ZQJ4hm38GF/w==,City Center,2025-01-01,1,1,6283334.757703493,1841601.1180336953
BAY5MK9ibHOfZJ7zfy2DQ97Um9ZQJ4hm38GF/w==,City Center,2025-01-01,9,1,6283481.26112392,1841499.9767577804
BAY5MK9ibHOfZJ7zfy2DQ97Um9ZQJ4hm38GF/w==,City Center,2025-01-01,1,2,6283257.745434687,1841495.5067380655
BAY5MK9ibHOfZJ7zfy2DQ97Um9ZQJ4hm38GF/w==,City Center,2025-01-01,2,1,6282946.576400573,1841493.3471968777
BAY5MK9ibHOfZJ7zfy2DQ97Um9ZQJ4hm38GF/w==,City Center,2025-01-01,2,2,6282979.431035597,1841312.6095704834
BAY5MK9ibHOfZJ7zfy2DQ97Um9ZQJ4hm38GF/w==,City Center,2025-01-01,1,1,6282902.461412745,1841204.079770167
BAY5MK9ibHOfZJ7zfy2DQ97Um9ZQJ4hm38GF/w==,City Center,2025-01-01,2,1,6283024.7537185475,1841105.6892675846
BAY5MK9ibHOfZJ7zfy2DQ97Um9ZQJ4hm38GF/w==,City Center,2025-01-01,1,1,6283199.847178534,1841115.6608339646
BAY5MK9ibHOfZJ7zfy2DQ97Um9ZQJ4hm38GF/w==,City Center,2025-01-01,1,1,6283624.323830412,1841220.7647631268
3wqAi0JcRniQMrz4C4Lv9rRfUnL7zZOBYE2W7g==,City Center,2025-02-20,3,2,6280441.748886231,1842078.0126138984
3wqAi0JcRniQMrz4C4Lv9rRfUnL7zZOBYE2W7g==,City Center,2025-02-20,21,1,6280808.500386861,1842208.2655100536
3wqAi0JcRniQMrz4C4Lv9rRfUnL7zZOBYE2W7g==,City Center,2025-02-20,20,1,6280950.228365778,1841895.7408115473
3wqAi0JcRniQMrz4C4Lv9rRfUnL7zZOBYE2W7g==,City Center,2025-02-20,2,1,6281080.5780213,1842373.5438527917
3wqAi0JcRniQMrz4C4Lv9rRfUnL7zZOBYE2W7g==,City Center,2025-02-20,2,1,6281228.400508281,1842389.3737180983
3wqAi0JcRniQMrz4C4Lv9rRfUnL7zZOBYE2W7g==,City Center,2025-02-20,2,1,6281290.594382345,1842248.5802147703
3wqAi0JcRniQMrz4C4Lv9rRfUnL7zZOBYE2W7g==,City Center,2025-02-20,1,1,6281376.088718068,1842388.1002039479
3wqAi0JcRniQMrz4C4Lv9rRfUnL7zZOBYE2W7g==,City Center,2025-02-20,1,1,6281502.999200911,1841979.917867543
3wqAi0JcRniQMrz4C4Lv9rRfUnL7zZOBYE2W7g==,City Center,2025-02-20,1,1,6281657.775569994,1842433.5639251887
3wqAi0JcRniQMrz4C4Lv9rRfUnL7zZOBYE2W7g==,City Center,2025-02-20,1,1,6281772.903221339,1842316.2603266186
3wqAi0JcRniQMrz4C4Lv9rRfUnL7zZOBYE2W7g==,City Center,2025-02-20,1,2,6282068.628761616,1842358.1820849061
3wqAi0JcRniQMrz4C4Lv9rRfUnL7zZOBYE2W7g==,City Center,2025-02-20,2,1,6281910.228584831,1841890.88364546
3wqAi0JcRniQMrz4C4Lv9rRfUnL7zZOBYE2W7g==,City Center,2025-02-20,4,1,6282147.357203307,1842083.8306129845
3wqAi0JcRniQMrz4C4Lv9rRfUnL7zZOBYE2W7g==,City Center,2025-02-20,1,1,6282061.648024075,1841916.9452166755
3wqAi0JcRniQMrz4C4Lv9rRfUnL7zZOBYE2W7g==,City Center,2025-02-20,1,1,6282173.742687369,1841861.2441059167
3wqAi0JcRniQMrz4C4Lv9rRfUnL7zZOBYE2W7g==,City Center,2025-02-20,3,1,6282402.415195698,1841872.9558947256
3wqAi0JcRniQMrz4C4Lv9rRfUnL7zZOBYE2W7g==,City Center,2025-02-20,1,1,6282491.399061929,1842009.024886246
3wqAi0JcRniQMrz4C4Lv9rRfUnL7zZOBYE2W7g==,City Center,2025-02-20,1,1,6282497.815835258,1842378.4275607564
3wqAi0JcRniQMrz4C4Lv9rRfUnL7zZOBYE2W7g==,City Center,2025-02-20,1,1,6283049.6735854745,1842346.301636443
3wqAi0JcRniQMrz4C4Lv9rRfUnL7zZOBYE2W7g==,City Center,2025-02-20,1,1,6283454.138535731,1842353.076661086
3wqAi0JcRniQMrz4C4Lv9rRfUnL7zZOBYE2W7g==,City Center,2025-02-20,1,1,6283619.354964376,1842344.810186325
3wqAi0JcRniQMrz4C4Lv9rRfUnL7zZOBYE2W7g==,City Center,2025-02-20,2,1,6283245.678113608,1842228.3006372666
3wqAi0JcRniQMrz4C4Lv9rRfUnL7zZOBYE2W7g==,City Center,2025-02-20,5,1,6282956.26024838,1842093.959986379
3wqAi0JcRniQMrz4C4Lv9rRfUnL7zZOBYE2W7g==,City Center,2025-02-20,3,1,6283241.087510112,1842091.5039233742
3wqAi0JcRniQMrz4C4Lv9rRfUnL7zZOBYE2W7g==,City Center,2025-02-20,2,1,6283324.406555299,1841953.9491653447
3wqAi0JcRniQMrz4C4Lv9rRfUnL7zZOBYE2W7g==,City Center,2025-02-20,1,1,6283612.91133561,1841971.9868359233
3wqAi0JcRniQMrz4C4Lv9rRfUnL7zZOBYE2W7g==,City Center,2025-02-20,1,1,6280456.992716276,1841332.1233389708
3wqAi0JcRniQMrz4C4Lv9rRfUnL7zZOBYE2W7g==,City Center,2025-02-20,1,1,6280724.184337393,1841322.9775330105
3wqAi0JcRniQMrz4C4Lv9rRfUnL7zZOBYE2W7g==,City Center,2025-02-20,1,1,6280651.600761596,1841036.2471934392
3wqAi0JcRniQMrz4C4Lv9rRfUnL7zZOBYE2W7g==,City Center,2025-02-20,1,1,6281077.942835258,1841142.039888341
3wqAi0JcRniQMrz4C4Lv9rRfUnL7zZOBYE2W7g==,City Center,2025-02-20,3,1,6281015.643215964,1841717.2895516478
3wqAi0JcRniQMrz4C4Lv9rRfUnL7zZOBYE2W7g==,City Center,2025-02-20,2,1,6281345.297265532,1841601.557001274
3wqAi0JcRniQMrz4C4Lv9rRfUnL7zZOBYE2W7g==,City Center,2025-02-20,3,1,6281560.817314989,1841729.6930574542
3wqAi0JcRniQMrz4C4Lv9rRfUnL7zZOBYE2W7g==,City Center,2025-02-20,1,1,6281493.039186196,1841607.1248389066
3wqAi0JcRniQMrz4C4Lv9rRfUnL7zZOBYE2W7g==,City Center,2025-02-20,1,1,6281647.733312439,1841602.3700053336
3wqAi0JcRniQMrz4C4Lv9rRfUnL7zZOBYE2W7g==,City Center,2025-02-20,10,1,6281788.523027525,1841618.260514171
3wqAi0JcRniQMrz4C4Lv9rRfUnL7zZOBYE2W7g==,City Center,2025-02-20,2,1,6281932.58742961,1841603.3346182203
3wqAi0JcRniQMrz4C4Lv9rRfUnL7zZOBYE2W7g==,City Center,2025-02-20,2,1,6281847.25422652,1841484.3386843915
3wqAi0JcRniQMrz4C4Lv9rRfUnL7zZOBYE2W7g==,City Center,2025-02-20,4,1,6282055.634082327,1841598.8526805367
3wqAi0JcRniQMrz4C4Lv9rRfUnL7zZOBYE2W7g==,City Center,2025-02-20,2,1,6282376.511433009,1841708.9757042946
3wqAi0JcRniQMrz4C4Lv9rRfUnL7zZOBYE2W7g==,City Center,2025-02-20,1,1,6282374.738974054,1841483.2110954595
3wqAi0JcRniQMrz4C4Lv9rRfUnL7zZOBYE2W7g==,City Center,2025-02-20,1,1,6282488.767228936,1841673.7986488845
3wqAi0JcRniQMrz4C4Lv9rRfUnL7zZOBYE2W7g==,City Center,2025-02-20,1,1,6282632.375088562,1841600.721262779
3wqAi0JcRniQMrz4C4Lv9rRfUnL7zZOBYE2W7g==,City Center,2025-02-20,1,2,6282476.794732842,1841492.5937919347
3wqAi0JcRniQMrz4C4Lv9rRfUnL7zZOBYE2W7g==,City Center,2025-02-20,1,2,6282471.855008643,1841311.3282914537
3wqAi0JcRniQMrz4C4Lv9rRfUnL7zZOBYE2W7g==,City Center,2025-02-20,1,1,6282347.89527101,1841199.507248828
3wqAi0JcRniQMrz4C4Lv9rRfUnL7zZOBYE2W7g==,City Center,2025-02-20,7,1,6282622.1733749,1841197.14215112
3wqAi0JcRniQMrz4C4Lv9rRfUnL7zZOBYE2W7g==,City Center,2025-02-20,1,2,6282635.37954465,1841087.5592355316
3wqAi0JcRniQMrz4C4Lv9rRfUnL7zZOBYE2W7g==,City Center,2025-02-20,2,1,6282895.459504081,1841516.3509089728
3wqAi0JcRniQMrz4C4Lv9rRfUnL7zZOBYE2W7g==,City Center,2025-02-20,10,1,6283032.974532167,1841563.0578225988
3wqAi0JcRniQMrz4C4Lv9rRfUnL7zZOBYE2W7g==,City Center,2025-02-20,3,2,6283019.902639611,1841689.7441176444
3wqAi0JcRniQMrz4C4Lv9rRfUnL7zZOBYE2W7g==,City Center,2025-02-20,4,1,6283238.079700976,1841708.3882235326
3wqAi0JcRniQMrz4C4Lv9rRfUnL7zZOBYE2W7g==,City Center,2025-02-20,3,1,6283177.280633201,1841578.9180096711
3wqAi0JcRniQMrz4C4Lv9rRfUnL7zZOBYE2W7g==,City Center,2025-02-20,3,1,6283455.128833915,1841583.3639419803
3wqAi0JcRniQMrz4C4Lv9rRfUnL7zZOBYE2W7g==,City Center,2025-02-20,6,1,6283542.286530314,1841486.8269728825
3wqAi0JcRniQMrz4C4Lv9rRfUnL7zZOBYE2W7g==,City Center,2025-02-20,3,1,6283579.59714836,1841312.0389629987
3wqAi0JcRniQMrz4C4Lv9rRfUnL7zZOBYE2W7g==,City Center,2025-02-20,2,1,6283521.535658809,1841083.3388265197
oU60GqOJuEvQcl4is9m0VuN7rvva1Xt8XsY4PQ==,City Center,2025-03-20,1,1,6280232.0505780615,1841880.343788109
oU60GqOJuEvQcl4is9m0VuN7rvva1Xt8XsY4PQ==,City Center,2025-03-20,1,1,6280373.025376447,1842095.4669390074
oU60GqOJuEvQcl4is9m0VuN7rvva1Xt8XsY4PQ==,City Center,2025-03-20,1,2,6280462.873701526,1842091.380937477
oU60GqOJuEvQcl4is9m0VuN7rvva1Xt8XsY4PQ==,City Center,2025-03-20,1,1,6280513.75292543,1842265.3609597385
oU60GqOJuEvQcl4is9m0VuN7rvva1Xt8XsY4PQ==,City Center,2025-03-20,2,1,6280676.772405032,1842250.886050401
oU60GqOJuEvQcl4is9m0VuN7rvva1Xt8XsY4PQ==,City Center,2025-03-20,31,1,6280834.6797869615,1841910.1469530365
oU60GqOJuEvQcl4is9m0VuN7rvva1Xt8XsY4PQ==,City Center,2025-03-20,1,2,6281038.6816842975,1842085.9003655538
oU60GqOJuEvQcl4is9m0VuN7rvva1Xt8XsY4PQ==,City Center,2025-03-20,1,1,6281376.418838172,1842370.2287670742
oU60GqOJuEvQcl4is9m0VuN7rvva1Xt8XsY4PQ==,City Center,2025-03-20,1,1,6281510.118773367,1842472.3424517678
oU60GqOJuEvQcl4is9m0VuN7rvva1Xt8XsY4PQ==,City Center,2025-03-20,1,1,6281538.767212254,1842232.989075855
oU60GqOJuEvQcl4is9m0VuN7rvva1Xt8XsY4PQ==,City Center,2025-03-20,1,2,6281545.989093429,1842336.3065855952
oU60GqOJuEvQcl4is9m0VuN7rvva1Xt8XsY4PQ==,City Center,2025-03-20,5,1,6281809.036275025,1842353.187809611
oU60GqOJuEvQcl4is9m0VuN7rvva1Xt8XsY4PQ==,City Center,2025-03-20,2,1,6281273.777356785,1841860.7361148123
oU60GqOJuEvQcl4is9m0VuN7rvva1Xt8XsY4PQ==,City Center,2025-03-20,2,1,6281503.682125327,1841903.7793521313
oU60GqOJuEvQcl4is9m0VuN7rvva1Xt8XsY4PQ==,City Center,2025-03-20,1,1,6281664.397554037,1842076.713947378
oU60GqOJuEvQcl4is9m0VuN7rvva1Xt8XsY4PQ==,City Center,2025-03-20,1,1,6281850.980532611,1842110.4770631173
oU60GqOJuEvQcl4is9m0VuN7rvva1Xt8XsY4PQ==,City Center,2025-03-20,2,1,6281852.949030742,1841861.6851675918
oU60GqOJuEvQcl4is9m0VuN7rvva1Xt8XsY4PQ==,City Center,2025-03-20,3,1,6282115.854926965,1841852.7211743693
oU60GqOJuEvQcl4is9m0VuN7rvva1Xt8XsY4PQ==,City Center,2025-03-20,4,1,6282196.742461468,1842036.1080366364
oU60GqOJuEvQcl4is9m0VuN7rvva1Xt8XsY4PQ==,City Center,2025-03-20,4,1,6282481.349322561,1842343.5578769443
oU60GqOJuEvQcl4is9m0VuN7rvva1Xt8XsY4PQ==,City Center,2025-03-20,1,1,6282349.564903483,1841982.9603402612
oU60GqOJuEvQcl4is9m0VuN7rvva1Xt8XsY4PQ==,City Center,2025-03-20,1,1,6282670.465940757,1842231.9099661114
oU60GqOJuEvQcl4is9m0VuN7rvva1Xt8XsY4PQ==,City Center,2025-03-20,1,1,6282739.619959245,1842095.5573038738
oU60GqOJuEvQcl4is9m0VuN7rvva1Xt8XsY4PQ==,City Center,2025-03-20,1,1,6282625.872582435,1841990.0228893866
oU60GqOJuEvQcl4is9m0VuN7rvva1Xt8XsY4PQ==,City Center,2025-03-20,1,1,6282913.807813371,1842297.4410500878
oU60GqOJuEvQcl4is9m0VuN7rvva1Xt8XsY4PQ==,City Center,2025-03-20,2,1,6283326.525673854,1842293.5127788826
oU60GqOJuEvQcl4is9m0VuN7rvva1Xt8XsY4PQ==,City Center,2025-03-20,1,1,6283172.113771398,1842055.9017813269
oU60GqOJuEvQcl4is9m0VuN7rvva1Xt8XsY4PQ==,City Center,2025-03-20,2,1,6282974.662649717,1841860.701096668
oU60GqOJuEvQcl4is9m0VuN7rvva1Xt8XsY4PQ==,City Center,2025-03-20,22,1,6283505.559382078,1841555.1817092334
oU60GqOJuEvQcl4is9m0VuN7rvva1Xt8XsY4PQ==,City Center,2025-03-20,2,1,6283511.032856768,1841338.6646556496
oU60GqOJuEvQcl4is9m0VuN7rvva1Xt8XsY4PQ==,City Center,2025-03-20,7,1,6283589.748128667,1841124.6813028774
oU60GqOJuEvQcl4is9m0VuN7rvva1Xt8XsY4PQ==,City Center,2025-03-20,4,2,6282940.0897222655,1841625.180285433
oU60GqOJuEvQcl4is9m0VuN7rvva1Xt8XsY4PQ==,City Center,2025-03-20,2,1,6283032.595311668,1841498.2978224144
oU60GqOJuEvQcl4is9m0VuN7rvva1Xt8XsY4PQ==,City Center,2025-03-20,2,1,6282918.282793366,1841289.3825389738
oU60GqOJuEvQcl4is9m0VuN7rvva1Xt8XsY4PQ==,City Center,2025-03-20,1,1,6282997.174671981,1841107.7057077498
oU60GqOJuEvQcl4is9m0VuN7rvva1Xt8XsY4PQ==,City Center,2025-03-20,4,1,6282751.934943922,1841303.8891279178
oU60GqOJuEvQcl4is9m0VuN7rvva1Xt8XsY4PQ==,City Center,2025-03-20,1,2,6282627.849244151,1841133.836709154
oU60GqOJuEvQcl4is9m0VuN7rvva1Xt8XsY4PQ==,City Center,2025-03-20,7,1,6282472.245913113,1841287.1663019345
oU60GqOJuEvQcl4is9m0VuN7rvva1Xt8XsY4PQ==,City Center,2025-03-20,2,1,6282344.920146858,1841133.2988235513
oU60GqOJuEvQcl4is9m0VuN7rvva1Xt8XsY4PQ==,City Center,2025-03-20,2,1,6282393.530641214,1841501.1496547065
oU60GqOJuEvQcl4is9m0VuN7rvva1Xt8XsY4PQ==,City Center,2025-03-20,1,1,6282487.254816955,1841597.1821903684
oU60GqOJuEvQcl4is9m0VuN7rvva1Xt8XsY4PQ==,City Center,2025-03-20,3,1,6282123.031989712,1841338.9524429382
oU60GqOJuEvQcl4is9m0VuN7rvva1Xt8XsY4PQ==,City Center,2025-03-20,4,1,6281635.209797918,1841608.5228217856
oU60GqOJuEvQcl4is9m0VuN7rvva1Xt8XsY4PQ==,City Center,2025-03-20,1,1,6281281.766810424,1841495.5773825014
oU60GqOJuEvQcl4is9m0VuN7rvva1Xt8XsY4PQ==,City Center,2025-03-20,1,1,6280646.736936676,1841627.6236213786
oU60GqOJuEvQcl4is9m0VuN7rvva1Xt8XsY4PQ==,City Center,2025-03-20,2,1,6280520.382507359,1841651.4420115089
oU60GqOJuEvQcl4is9m0VuN7rvva1Xt8XsY4PQ==,City Center,2025-03-20,2,1,6280456.507696172,1841535.7404464597
oU60GqOJuEvQcl4is9m0VuN7rvva1Xt8XsY4PQ==,City Center,2025-03-20,1,1,6280238.609517303,1841253.5022312603
oU60GqOJuEvQcl4is9m0VuN7rvva1Xt8XsY4PQ==,City Center,2025-03-20,1,1,6280771.554887568,1841322.7384937815
oU60GqOJuEvQcl4is9m0VuN7rvva1Xt8XsY4PQ==,City Center,2025-03-20,1,1,6280661.1358806,1841217.1723996878
oU60GqOJuEvQcl4is9m0VuN7rvva1Xt8XsY4PQ==,City Center,2025-03-20,4,1,6281354.981449876,1840884.2554942968
oU60GqOJuEvQcl4is9m0VuN7rvva1Xt8XsY4PQ==,City Center,2025-03-20,2,1,6281343.689450651,1840645.2822736618
uy6cpQCV87xiHT/6idHaLs/DssAUuFJjmXbM/Q==,City Center,2025-04-24,1,1,6280435.6051258,1842486.3591189412
uy6cpQCV87xiHT/6idHaLs/DssAUuFJjmXbM/Q==,City Center,2025-04-24,1,1,6280242.57844012,1842376.458921178
uy6cpQCV87xiHT/6idHaLs/DssAUuFJjmXbM/Q==,City Center,2025-04-24,1,1,6280432.538349825,1842255.9968346474
uy6cpQCV87xiHT/6idHaLs/DssAUuFJjmXbM/Q==,City Center,2025-04-24,2,1,6280519.046186392,1842323.947095145
uy6cpQCV87xiHT/6idHaLs/DssAUuFJjmXbM/Q==,City Center,2025-04-24,3,2,6280142.987189809,1842100.8804598618
uy6cpQCV87xiHT/6idHaLs/DssAUuFJjmXbM/Q==,City Center,2025-04-24,3,1,6280096.523641327,1841961.4617091815
uy6cpQCV87xiHT/6idHaLs/DssAUuFJjmXbM/Q==,City Center,2025-04-24,2,1,6280242.897543061,1842097.4198278747
uy6cpQCV87xiHT/6idHaLs/DssAUuFJjmXbM/Q==,City Center,2025-04-24,12,1,6280702.482941721,1842083.4477051063
uy6cpQCV87xiHT/6idHaLs/DssAUuFJjmXbM/Q==,City Center,2025-04-24,1,2,6280682.690848635,1841918.0142317698
uy6cpQCV87xiHT/6idHaLs/DssAUuFJjmXbM/Q==,City Center,2025-04-24,12,1,6280982.42932939,1841901.1430545691
uy6cpQCV87xiHT/6idHaLs/DssAUuFJjmXbM/Q==,City Center,2025-04-24,1,1,6281071.733075482,1842436.3143646063
uy6cpQCV87xiHT/6idHaLs/DssAUuFJjmXbM/Q==,City Center,2025-04-24,1,1,6281274.817214424,1842487.7894320765
uy6cpQCV87xiHT/6idHaLs/DssAUuFJjmXbM/Q==,City Center,2025-04-24,2,1,6281228.435296928,1842276.9885877606
uy6cpQCV87xiHT/6idHaLs/DssAUuFJjmXbM/Q==,City Center,2025-04-24,2,1,6281351.51991168,1842393.5292607208
uy6cpQCV87xiHT/6idHaLs/DssAUuFJjmXbM/Q==,City Center,2025-04-24,1,2,6281348.345531226,1842257.2615544011
uy6cpQCV87xiHT/6idHaLs/DssAUuFJjmXbM/Q==,City Center,2025-04-24,2,1,6281281.92662769,1842095.1735176558
uy6cpQCV87xiHT/6idHaLs/DssAUuFJjmXbM/Q==,City Center,2025-04-24,1,1,6281601.19375608,1842474.1052977978
uy6cpQCV87xiHT/6idHaLs/DssAUuFJjmXbM/Q==,City Center,2025-04-24,5,1,6281591.447984759,1842259.9806160275
uy6cpQCV87xiHT/6idHaLs/DssAUuFJjmXbM/Q==,City Center,2025-04-24,1,1,6281648.391983423,1841971.0852057568
uy6cpQCV87xiHT/6idHaLs/DssAUuFJjmXbM/Q==,City Center,2025-04-24,2,1,6281774.465453666,1842386.1256160266
uy6cpQCV87xiHT/6idHaLs/DssAUuFJjmXbM/Q==,City Center,2025-04-24,2,1,6281917.676106443,1842376.082106541
uy6cpQCV87xiHT/6idHaLs/DssAUuFJjmXbM/Q==,City Center,2025-04-24,1,1,6282919.954019418,1842477.7434929903
uy6cpQCV87xiHT/6idHaLs/DssAUuFJjmXbM/Q==,City Center,2025-04-24,1,1,6283216.343726251,1842477.1027186008
uy6cpQCV87xiHT/6idHaLs/DssAUuFJjmXbM/Q==,City Center,2025-04-24,1,2,6283316.350552485,1842389.281430499
uy6cpQCV87xiHT/6idHaLs/DssAUuFJjmXbM/Q==,City Center,2025-04-24,4,1,6283539.382625484,1842469.9150652739
uy6cpQCV87xiHT/6idHaLs/DssAUuFJjmXbM/Q==,City Center,2025-04-24,4,1,6283472.922906455,1842343.5180753465
uy6cpQCV87xiHT/6idHaLs/DssAUuFJjmXbM/Q==,City Center,2025-04-24,1,1,6283609.458274385,1842346.4675277644
uy6cpQCV87xiHT/6idHaLs/DssAUuFJjmXbM/Q==,City Center,2025-04-24,1,1,6283223.698032471,1841870.340523273
uy6cpQCV87xiHT/6idHaLs/DssAUuFJjmXbM/Q==,City Center,2025-04-24,1,2,6283316.9590743715,1841857.1603688512
uy6cpQCV87xiHT/6idHaLs/DssAUuFJjmXbM/Q==,City Center,2025-04-24,4,1,6283563.38803883,1841863.116871385
uy6cpQCV87xiHT/6idHaLs/DssAUuFJjmXbM/Q==,City Center,2025-04-24,2,1,6280126.88523658,1841620.709646692
uy6cpQCV87xiHT/6idHaLs/DssAUuFJjmXbM/Q==,City Center,2025-04-24,1,1,6280466.653163424,1841545.348541788
uy6cpQCV87xiHT/6idHaLs/DssAUuFJjmXbM/Q==,City Center,2025-04-24,1,1,6281036.143290111,1841524.649547276
uy6cpQCV87xiHT/6idHaLs/DssAUuFJjmXbM/Q==,City Center,2025-04-24,2,1,6280993.0767520415,1841326.8200657272
uy6cpQCV87xiHT/6idHaLs/DssAUuFJjmXbM/Q==,City Center,2025-04-24,2,1,6281296.126901725,1841326.1648919133
uy6cpQCV87xiHT/6idHaLs/DssAUuFJjmXbM/Q==,City Center,2025-04-24,5,1,6281502.277816641,1841608.0022436774
uy6cpQCV87xiHT/6idHaLs/DssAUuFJjmXbM/Q==,City Center,2025-04-24,2,1,6281638.842868566,1841584.994571137
uy6cpQCV87xiHT/6idHaLs/DssAUuFJjmXbM/Q==,City Center,2025-04-24,4,1,6281778.697326422,1841597.670745702
uy6cpQCV87xiHT/6idHaLs/DssAUuFJjmXbM/Q==,City Center,2025-04-24,1,1,6281928.56471155,1841590.8574774116
uy6cpQCV87xiHT/6idHaLs/DssAUuFJjmXbM/Q==,City Center,2025-04-24,2,1,6282058.402531636,1841626.2677354522
uy6cpQCV87xiHT/6idHaLs/DssAUuFJjmXbM/Q==,City Center,2025-04-24,2,1,6282145.162682156,1841473.582433803
uy6cpQCV87xiHT/6idHaLs/DssAUuFJjmXbM/Q==,City Center,2025-04-24,2,1,6282198.728222905,1841226.874551302
uy6cpQCV87xiHT/6idHaLs/DssAUuFJjmXbM/Q==,City Center,2025-04-24,1,1,6282405.079504783,1841333.5013095967
uy6cpQCV87xiHT/6idHaLs/DssAUuFJjmXbM/Q==,City Center,2025-04-24,4,1,6282625.015117813,1841209.7297850363
uy6cpQCV87xiHT/6idHaLs/DssAUuFJjmXbM/Q==,City Center,2025-04-24,1,1,6282617.909415046,1841599.1010588373
uy6cpQCV87xiHT/6idHaLs/DssAUuFJjmXbM/Q==,City Center,2025-04-24,1,1,6282764.4539997475,1841585.8057090195
uy6cpQCV87xiHT/6idHaLs/DssAUuFJjmXbM/Q==,City Center,2025-04-24,1,1,6283044.619306875,1841212.0672619138
uy6cpQCV87xiHT/6idHaLs/DssAUuFJjmXbM/Q==,City Center,2025-04-24,1,1,6282971.039043083,1841488.0201082665
uy6cpQCV87xiHT/6idHaLs/DssAUuFJjmXbM/Q==,City Center,2025-04-24,3,1,6283034.138856692,1841640.3814228647
uy6cpQCV87xiHT/6idHaLs/DssAUuFJjmXbM/Q==,City Center,2025-04-24,11,1,6283197.308575024,1841649.7625588244
uy6cpQCV87xiHT/6idHaLs/DssAUuFJjmXbM/Q==,City Center,2025-04-24,1,2,6283230.774051243,1841506.9263744305
uy6cpQCV87xiHT/6idHaLs/DssAUuFJjmXbM/Q==,City Center,2025-04-24,9,1,6283320.690029722,1841506.7319822002
uy6cpQCV87xiHT/6idHaLs/DssAUuFJjmXbM/Q==,City Center,2025-04-24,6,1,6283467.08619445,1841623.2222571746
uy6cpQCV87xiHT/6idHaLs/DssAUuFJjmXbM/Q==,City Center,2025-04-24,5,1,6283517.191646298,1841490.083996079
uy6cpQCV87xiHT/6idHaLs/DssAUuFJjmXbM/Q==,City Center,2025-04-24,2,1,6283277.604939156,1841325.1257037502
GfHLKIk0354AwmN06672P4NnieQexMQ0pJ57dg==,City Center,2025-05-22,4,1,6280226.8789483365,1842014.1408439882
GfHLKIk0354AwmN06672P4NnieQexMQ0pJ57dg==,City Center,2025-05-22,13,2,6280717.17596536,1842066.5843460772
GfHLKIk0354AwmN06672P4NnieQexMQ0pJ57dg==,City Center,2025-05-22,36,1,6280993.652593155,1842160.4243852473
GfHLKIk0354AwmN06672P4NnieQexMQ0pJ57dg==,City Center,2025-05-22,2,1,6281346.313851704,1842357.3582180077
GfHLKIk0354AwmN06672P4NnieQexMQ0pJ57dg==,City Center,2025-05-22,2,1,6281525.883238303,1842473.524839294
GfHLKIk0354AwmN06672P4NnieQexMQ0pJ57dg==,City Center,2025-05-22,1,2,6281639.512835035,1842444.797492101
GfHLKIk0354AwmN06672P4NnieQexMQ0pJ57dg==,City Center,2025-05-22,4,1,6281573.84180902,1842251.6496475507
GfHLKIk0354AwmN06672P4NnieQexMQ0pJ57dg==,City Center,2025-05-22,1,1,6281926.986842503,1842361.7265033827
GfHLKIk0354AwmN06672P4NnieQexMQ0pJ57dg==,City Center,2025-05-22,1,1,6281221.8076661285,1841942.1234372905
GfHLKIk0354AwmN06672P4NnieQexMQ0pJ57dg==,City Center,2025-05-22,1,1,6281595.9799090875,1841872.0921912019
GfHLKIk0354AwmN06672P4NnieQexMQ0pJ57dg==,City Center,2025-05-22,2,1,6281785.489537539,1842001.1463638134
GfHLKIk0354AwmN06672P4NnieQexMQ0pJ57dg==,City Center,2025-05-22,1,1,6282128.748081939,1842088.6848931056
GfHLKIk0354AwmN06672P4NnieQexMQ0pJ57dg==,City Center,2025-05-22,2,1,6282392.413021155,1842085.99071208
GfHLKIk0354AwmN06672P4NnieQexMQ0pJ57dg==,City Center,2025-05-22,1,1,6282617.952125964,1842337.3608245517
GfHLKIk0354AwmN06672P4NnieQexMQ0pJ57dg==,City Center,2025-05-22,2,1,6282687.332093141,1841864.6051793166
GfHLKIk0354AwmN06672P4NnieQexMQ0pJ57dg==,City Center,2025-05-22,2,1,6282958.894668931,1842241.528007759
GfHLKIk0354AwmN06672P4NnieQexMQ0pJ57dg==,City Center,2025-05-22,1,1,6283182.314865801,1842274.1405983604
GfHLKIk0354AwmN06672P4NnieQexMQ0pJ57dg==,City Center,2025-05-22,1,3,6283471.943616388,1842403.3932813692
GfHLKIk0354AwmN06672P4NnieQexMQ0pJ57dg==,City Center,2025-05-22,2,1,6283572.9407004425,1842245.9624632664
GfHLKIk0354AwmN06672P4NnieQexMQ0pJ57dg==,City Center,2025-05-22,2,1,6283520.385962041,1842094.6611126976
GfHLKIk0354AwmN06672P4NnieQexMQ0pJ57dg==,City Center,2025-05-22,3,1,6283514.96558521,1841869.4631236712
GfHLKIk0354AwmN06672P4NnieQexMQ0pJ57dg==,City Center,2025-05-22,1,1,6283619.74791309,1841631.615795796
GfHLKIk0354AwmN06672P4NnieQexMQ0pJ57dg==,City Center,2025-05-22,16,1,6283463.199220776,1841576.6170699594
GfHLKIk0354AwmN06672P4NnieQexMQ0pJ57dg==,City Center,2025-05-22,1,1,6283604.763563799,1841325.9748289443
GfHLKIk0354AwmN06672P4NnieQexMQ0pJ57dg==,City Center,2025-05-22,3,1,6283464.990979792,1841254.9245628167
GfHLKIk0354AwmN06672P4NnieQexMQ0pJ57dg==,City Center,2025-05-22,3,1,6283606.071547881,1841091.13929873
GfHLKIk0354AwmN06672P4NnieQexMQ0pJ57dg==,City Center,2025-05-22,1,2,6283312.120025762,1841138.8108776365
GfHLKIk0354AwmN06672P4NnieQexMQ0pJ57dg==,City Center,2025-05-22,2,1,6282899.03357443,1841604.451120365
GfHLKIk0354AwmN06672P4NnieQexMQ0pJ57dg==,City Center,2025-05-22,1,1,6282495.488545667,1841555.3965856917
GfHLKIk0354AwmN06672P4NnieQexMQ0pJ57dg==,City Center,2025-05-22,3,2,6282410.116211848,1841304.3043877762
GfHLKIk0354AwmN06672P4NnieQexMQ0pJ57dg==,City Center,2025-05-22,1,3,6282126.319942665,1841326.2604171508
GfHLKIk0354AwmN06672P4NnieQexMQ0pJ57dg==,City Center,2025-05-22,2,1,6282140.838434611,1841715.5414358599
GfHLKIk0354AwmN06672P4NnieQexMQ0pJ57dg==,City Center,2025-05-22,3,1,6281787.944247392,1841560.427629028
GfHLKIk0354AwmN06672P4NnieQexMQ0pJ57dg==,City Center,2025-05-22,1,1,6281363.981207218,1841582.1057438466
GfHLKIk0354AwmN06672P4NnieQexMQ0pJ57dg==,City Center,2025-05-22,1,1,6280719.111065098,1841719.156438363
GfHLKIk0354AwmN06672P4NnieQexMQ0pJ57dg==,City Center,2025-05-22,1,1,6280455.410290702,1841728.2844695314
GfHLKIk0354AwmN06672P4NnieQexMQ0pJ57dg==,City Center,2025-05-22,2,1,6280483.040437961,1841561.0573019232
GfHLKIk0354AwmN06672P4NnieQexMQ0pJ57dg==,City Center,2025-05-22,2,1,6280115.542803145,1841631.101782038
GfHLKIk0354AwmN06672P4NnieQexMQ0pJ57dg==,City Center,2025-05-22,1,1,6280654.4029566515,1840753.9399596567
GfHLKIk0354AwmN06672P4NnieQexMQ0pJ57dg==,City Center,2025-05-22,1,1,6281338.962395823,1840681.307170728
GfHLKIk0354AwmN06672P4NnieQexMQ0pJ57dg==,City Center,2025-05-22,1,3,6280431.699463389,1840592.6503661985
Tv9pwcrRTVVGgZZozXoKTDvo0BXrqbTwqTczXQ==,City Center,2025-06-18,3,1,6280101.95618661,1842089.887753158
Tv9pwcrRTVVGgZZozXoKTDvo0BXrqbTwqTczXQ==,City Center,2025-06-18,1,1,6280248.3185316725,1842101.6705232959
Tv9pwcrRTVVGgZZozXoKTDvo0BXrqbTwqTczXQ==,City Center,2025-06-18,1,2,6280101.251340228,1841961.2179536587
Tv9pwcrRTVVGgZZozXoKTDvo0BXrqbTwqTczXQ==,City Center,2025-06-18,1,2,6280247.807518045,1842008.3849186588
Tv9pwcrRTVVGgZZozXoKTDvo0BXrqbTwqTczXQ==,City Center,2025-06-18,35,1,6280777.034602843,1842110.619563243
Tv9pwcrRTVVGgZZozXoKTDvo0BXrqbTwqTczXQ==,City Center,2025-06-18,4,2,6280969.257132819,1841996.6043030194
Tv9pwcrRTVVGgZZozXoKTDvo0BXrqbTwqTczXQ==,City Center,2025-06-18,1,1,6281210.811216137,1842390.4897749692
Tv9pwcrRTVVGgZZozXoKTDvo0BXrqbTwqTczXQ==,City Center,2025-06-18,1,2,6281284.480196991,1841878.4605759208
Tv9pwcrRTVVGgZZozXoKTDvo0BXrqbTwqTczXQ==,City Center,2025-06-18,1,1,6281500.698899575,1841896.1593722596
Tv9pwcrRTVVGgZZozXoKTDvo0BXrqbTwqTczXQ==,City Center,2025-06-18,1,1,6282341.230698256,1842378.8950450695
Tv9pwcrRTVVGgZZozXoKTDvo0BXrqbTwqTczXQ==,City Center,2025-06-18,1,1,6282625.067871099,1841993.9832541987
Tv9pwcrRTVVGgZZozXoKTDvo0BXrqbTwqTczXQ==,City Center,2025-06-18,1,1,6282899.746756397,1842365.1050999153
Tv9pwcrRTVVGgZZozXoKTDvo0BXrqbTwqTczXQ==,City Center,2025-06-18,1,1,6283055.977819531,1842357.5134767317
Tv9pwcrRTVVGgZZozXoKTDvo0BXrqbTwqTczXQ==,City Center,2025-06-18,1,1,6283244.840292177,1842237.0893676654
Tv9pwcrRTVVGgZZozXoKTDvo0BXrqbTwqTczXQ==,City Center,2025-06-18,1,1,6283519.95412232,1842080.640394302
Tv9pwcrRTVVGgZZozXoKTDvo0BXrqbTwqTczXQ==,City Center,2025-06-18,1,1,6283243.9944765195,1842082.6856082662
Tv9pwcrRTVVGgZZozXoKTDvo0BXrqbTwqTczXQ==,City Center,2025-06-18,2,1,6282907.853358514,1842024.0562078455
Tv9pwcrRTVVGgZZozXoKTDvo0BXrqbTwqTczXQ==,City Center,2025-06-18,3,1,6282970.161406879,1841865.9675219487
Tv9pwcrRTVVGgZZozXoKTDvo0BXrqbTwqTczXQ==,City Center,2025-06-18,4,1,6283508.81668076,1841868.4091485245
Tv9pwcrRTVVGgZZozXoKTDvo0BXrqbTwqTczXQ==,City Center,2025-06-18,1,1,6280514.668192649,1841559.2614336987
Tv9pwcrRTVVGgZZozXoKTDvo0BXrqbTwqTczXQ==,City Center,2025-06-18,1,1,6280689.526558875,1841310.2660896613
Tv9pwcrRTVVGgZZozXoKTDvo0BXrqbTwqTczXQ==,City Center,2025-06-18,2,1,6280787.70831011,1841631.225995579
Tv9pwcrRTVVGgZZozXoKTDvo0BXrqbTwqTczXQ==,City Center,2025-06-18,3,1,6281349.284865867,1841569.1602344804
Tv9pwcrRTVVGgZZozXoKTDvo0BXrqbTwqTczXQ==,City Center,2025-06-18,3,1,6281555.070973274,1841503.2975845407
Tv9pwcrRTVVGgZZozXoKTDvo0BXrqbTwqTczXQ==,City Center,2025-06-18,9,1,6281635.712349164,1841657.1099567697
Tv9pwcrRTVVGgZZozXoKTDvo0BXrqbTwqTczXQ==,City Center,2025-06-18,2,1,6281911.284329454,1841584.2963530812
Tv9pwcrRTVVGgZZozXoKTDvo0BXrqbTwqTczXQ==,City Center,2025-06-18,1,1,6282143.457503024,1841479.635634235
Tv9pwcrRTVVGgZZozXoKTDvo0BXrqbTwqTczXQ==,City Center,2025-06-18,1,1,6282058.997919657,1841235.7790434884
Tv9pwcrRTVVGgZZozXoKTDvo0BXrqbTwqTczXQ==,City Center,2025-06-18,2,1,6282396.2315495545,1841493.8466331332
Tv9pwcrRTVVGgZZozXoKTDvo0BXrqbTwqTczXQ==,City Center,2025-06-18,2,1,6282466.739889978,1841618.7822238712
Tv9pwcrRTVVGgZZozXoKTDvo0BXrqbTwqTczXQ==,City Center,2025-06-18,1,1,6282755.928311179,1841603.771465429
Tv9pwcrRTVVGgZZozXoKTDvo0BXrqbTwqTczXQ==,City Center,2025-06-18,3,1,6282467.985408162,1841239.1816742157
Tv9pwcrRTVVGgZZozXoKTDvo0BXrqbTwqTczXQ==,City Center,2025-06-18,2,1,6282975.9123577615,1841701.8642453228
Tv9pwcrRTVVGgZZozXoKTDvo0BXrqbTwqTczXQ==,City Center,2025-06-18,2,1,6282941.448347657,1841480.1552525072
Tv9pwcrRTVVGgZZozXoKTDvo0BXrqbTwqTczXQ==,City Center,2025-06-18,3,1,6283045.099111221,1841585.5439619995
Tv9pwcrRTVVGgZZozXoKTDvo0BXrqbTwqTczXQ==,City Center,2025-06-18,4,1,6283225.308725804,1841706.4496503908
Tv9pwcrRTVVGgZZozXoKTDvo0BXrqbTwqTczXQ==,City Center,2025-06-18,11,1,6283314.250536566,1841554.5973254123
Tv9pwcrRTVVGgZZozXoKTDvo0BXrqbTwqTczXQ==,City Center,2025-06-18,1,1,6283226.5894863065,1841333.2825907103
Tv9pwcrRTVVGgZZozXoKTDvo0BXrqbTwqTczXQ==,City Center,2025-06-18,1,1,6283308.84642473,1841175.046058021
Tv9pwcrRTVVGgZZozXoKTDvo0BXrqbTwqTczXQ==,City Center,2025-06-18,5,1,6283525.752352536,1841318.1979088718
Hl5qRl/C45XM3sl4a9CwETbhsHY5bwgcaVtJFw==,gaslamp,2025-01-01,5,1,6281483.54577689,1841162.882026942
Hl5qRl/C45XM3sl4a9CwETbhsHY5bwgcaVtJFw==,gaslamp,2025-01-01,1,1,6281569.732698459,1841082.1425677326
Hl5qRl/C45XM3sl4a9CwETbhsHY5bwgcaVtJFw==,gaslamp,2025-01-01,1,1,6281561.689747391,1840907.2586612282
Hl5qRl/C45XM3sl4a9CwETbhsHY5bwgcaVtJFw==,gaslamp,2025-01-01,1,1,6281553.752631082,1840698.7427965575
Hl5qRl/C45XM3sl4a9CwETbhsHY5bwgcaVtJFw==,gaslamp,2025-01-01,2,1,6281563.467771342,1840342.2417640327
Hl5qRl/C45XM3sl4a9CwETbhsHY5bwgcaVtJFw==,gaslamp,2025-01-01,2,1,6281770.779152019,1840456.5354194078
Hl5qRl/C45XM3sl4a9CwETbhsHY5bwgcaVtJFw==,gaslamp,2025-01-01,2,1,6281834.17763046,1840335.4436796282
Hl5qRl/C45XM3sl4a9CwETbhsHY5bwgcaVtJFw==,gaslamp,2025-01-01,8,1,6281768.450787322,1841196.4384990688
Hl5qRl/C45XM3sl4a9CwETbhsHY5bwgcaVtJFw==,gaslamp,2025-01-01,2,1,6281833.941347933,1839955.4029316746
Hl5qRl/C45XM3sl4a9CwETbhsHY5bwgcaVtJFw==,gaslamp,2025-01-01,1,1,6281935.332297083,1840049.5454823356
Hl5qRl/C45XM3sl4a9CwETbhsHY5bwgcaVtJFw==,gaslamp,2025-01-01,1,1,6281478.176999167,1839683.0785229078
Hl5qRl/C45XM3sl4a9CwETbhsHY5bwgcaVtJFw==,gaslamp,2025-01-01,2,1,6281644.335141204,1839676.308129362
Hl5qRl/C45XM3sl4a9CwETbhsHY5bwgcaVtJFw==,gaslamp,2025-01-01,3,1,6281760.492749367,1839629.1926624558
Hl5qRl/C45XM3sl4a9CwETbhsHY5bwgcaVtJFw==,gaslamp,2025-01-01,1,1,6281639.759878867,1839309.7213026555
Hl5qRl/C45XM3sl4a9CwETbhsHY5bwgcaVtJFw==,gaslamp,2025-01-01,2,1,6281586.288210205,1839007.0480935776
Hl5qRl/C45XM3sl4a9CwETbhsHY5bwgcaVtJFw==,gaslamp,2025-01-01,2,1,6281762.725862781,1838919.5583451446
Hl5qRl/C45XM3sl4a9CwETbhsHY5bwgcaVtJFw==,gaslamp,2025-01-01,1,1,6281640.698362166,1838556.365819055
Hl5qRl/C45XM3sl4a9CwETbhsHY5bwgcaVtJFw==,gaslamp,2025-01-01,1,1,6281752.464073137,1838539.5202524788
Hl5qRl/C45XM3sl4a9CwETbhsHY5bwgcaVtJFw==,gaslamp,2025-01-01,1,1,6281860.1977250995,1838438.5959284673
Hl5qRl/C45XM3sl4a9CwETbhsHY5bwgcaVtJFw==,gaslamp,2025-01-01,2,1,6281848.069797642,1838196.4492436107
bZmcZruBwyl6huI9by9gXL9jYMu+JUemyL0gsA==,gaslamp,2025-02-20,1,1,6281548.1258423915,1841282.2305191099
bZmcZruBwyl6huI9by9gXL9jYMu+JUemyL0gsA==,gaslamp,2025-02-20,1,1,6281481.669651508,1841168.5839023688
bZmcZruBwyl6huI9by9gXL9jYMu+JUemyL0gsA==,gaslamp,2025-02-20,2,1,6281841.995414433,1841089.5629468625
bZmcZruBwyl6huI9by9gXL9jYMu+JUemyL0gsA==,gaslamp,2025-02-20,1,1,6281936.639844531,1841230.6222459
bZmcZruBwyl6huI9by9gXL9jYMu+JUemyL0gsA==,gaslamp,2025-02-20,1,1,6281766.643126887,1840740.5814995524
bZmcZruBwyl6huI9by9gXL9jYMu+JUemyL0gsA==,gaslamp,2025-02-20,1,1,6281481.411279771,1840450.7700582312
bZmcZruBwyl6huI9by9gXL9jYMu+JUemyL0gsA==,gaslamp,2025-02-20,1,1,6281652.28099554,1840026.8710535523
bZmcZruBwyl6huI9by9gXL9jYMu+JUemyL0gsA==,gaslamp,2025-02-20,1,1,6281774.580756419,1839995.297284513
bZmcZruBwyl6huI9by9gXL9jYMu+JUemyL0gsA==,gaslamp,2025-02-20,1,1,6281841.739900582,1839751.9969009273
bZmcZruBwyl6huI9by9gXL9jYMu+JUemyL0gsA==,gaslamp,2025-02-20,2,1,6281479.127641672,1840835.1769406223
bZmcZruBwyl6huI9by9gXL9jYMu+JUemyL0gsA==,gaslamp,2025-02-20,2,1,6281648.725414761,1839312.9849195268
bZmcZruBwyl6huI9by9gXL9jYMu+JUemyL0gsA==,gaslamp,2025-02-20,7,1,6281769.3086514175,1839257.8789785353
bZmcZruBwyl6huI9by9gXL9jYMu+JUemyL0gsA==,gaslamp,2025-02-20,1,1,6281644.414634777,1838936.4334573604
bZmcZruBwyl6huI9by9gXL9jYMu+JUemyL0gsA==,gaslamp,2025-02-20,1,1,6281831.495859056,1839010.6639958841
bZmcZruBwyl6huI9by9gXL9jYMu+JUemyL0gsA==,gaslamp,2025-02-20,1,1,6281770.463777537,1838449.8458012356
bZmcZruBwyl6huI9by9gXL9jYMu+JUemyL0gsA==,gaslamp,2025-02-20,1,1,6281641.715887167,1838544.18951021
bZmcZruBwyl6huI9by9gXL9jYMu+JUemyL0gsA==,gaslamp,2025-02-20,2,1,6281758.466148461,1838912.7177307548
8yU3fBw0MqS6Fva3GWnalPaPO2SSVlF9odp2UA==,gaslamp,2025-03-20,2,1,6281786.978244343,1841330.09130364
8yU3fBw0MqS6Fva3GWnalPaPO2SSVlF9odp2UA==,gaslamp,2025-03-20,5,1,6281914.710534388,1841283.5010494834
8yU3fBw0MqS6Fva3GWnalPaPO2SSVlF9odp2UA==,gaslamp,2025-03-20,1,1,6281771.581994108,1840835.4018377326
8yU3fBw0MqS6Fva3GWnalPaPO2SSVlF9odp2UA==,gaslamp,2025-03-20,1,1,6281773.781184015,1840340.44574251
8yU3fBw0MqS6Fva3GWnalPaPO2SSVlF9odp2UA==,gaslamp,2025-03-20,1,1,6281576.993080289,1840335.9852877276
8yU3fBw0MqS6Fva3GWnalPaPO2SSVlF9odp2UA==,gaslamp,2025-03-20,1,1,6281479.59112251,1840065.8119106218
8yU3fBw0MqS6Fva3GWnalPaPO2SSVlF9odp2UA==,gaslamp,2025-03-20,2,1,6281481.604320622,1840449.0674591034
8yU3fBw0MqS6Fva3GWnalPaPO2SSVlF9odp2UA==,gaslamp,2025-03-20,2,1,6281773.914848526,1840061.351929344
8yU3fBw0MqS6Fva3GWnalPaPO2SSVlF9odp2UA==,gaslamp,2025-03-20,1,1,6281891.697804738,1839947.9304115667
8yU3fBw0MqS6Fva3GWnalPaPO2SSVlF9odp2UA==,gaslamp,2025-03-20,1,1,6281642.159317032,1839646.5713932891
8yU3fBw0MqS6Fva3GWnalPaPO2SSVlF9odp2UA==,gaslamp,2025-03-20,1,1,6281851.33364663,1839572.6984550836
8yU3fBw0MqS6Fva3GWnalPaPO2SSVlF9odp2UA==,gaslamp,2025-03-20,4,1,6281770.243428107,1839666.9578369255
8yU3fBw0MqS6Fva3GWnalPaPO2SSVlF9odp2UA==,gaslamp,2025-03-20,1,1,6281866.837706208,1839174.2925666657
8yU3fBw0MqS6Fva3GWnalPaPO2SSVlF9odp2UA==,gaslamp,2025-03-20,3,1,6281638.741989579,1839300.5493603877
8yU3fBw0MqS6Fva3GWnalPaPO2SSVlF9odp2UA==,gaslamp,2025-03-20,1,2,6281766.119303818,1838881.8421016862
8yU3fBw0MqS6Fva3GWnalPaPO2SSVlF9odp2UA==,gaslamp,2025-03-20,2,1,6281775.068656624,1838453.7657481416
8yU3fBw0MqS6Fva3GWnalPaPO2SSVlF9odp2UA==,gaslamp,2025-03-20,1,1,6281872.001519698,1838634.6368615236
8yU3fBw0MqS6Fva3GWnalPaPO2SSVlF9odp2UA==,gaslamp,2025-03-20,1,1,6281574.964108286,1838427.0282054855
DUiVFoes6no9oRPcoSYPFsuY5ske/lFEHwECDw==,gaslamp,2025-04-24,3,1,6281488.327069544,1841201.7590431233
DUiVFoes6no9oRPcoSYPFsuY5ske/lFEHwECDw==,gaslamp,2025-04-24,1,1,6281655.692382101,1841230.2496899688
DUiVFoes6no9oRPcoSYPFsuY5ske/lFEHwECDw==,gaslamp,2025-04-24,1,1,6281594.549590225,1841088.2259001143
DUiVFoes6no9oRPcoSYPFsuY5ske/lFEHwECDw==,gaslamp,2025-04-24,2,1,6281797.29721965,1841195.2271370704
DUiVFoes6no9oRPcoSYPFsuY5ske/lFEHwECDw==,gaslamp,2025-04-24,2,1,6281951.790365496,1841193.8180386832
DUiVFoes6no9oRPcoSYPFsuY5ske/lFEHwECDw==,gaslamp,2025-04-24,1,1,6281777.935406966,1840771.6029316497
DUiVFoes6no9oRPcoSYPFsuY5ske/lFEHwECDw==,gaslamp,2025-04-24,1,1,6281653.900665949,1840818.0279600117
DUiVFoes6no9oRPcoSYPFsuY5ske/lFEHwECDw==,gaslamp,2025-04-24,1,1,6281583.232881736,1840683.289035464
DUiVFoes6no9oRPcoSYPFsuY5ske/lFEHwECDw==,gaslamp,2025-04-24,1,1,6281480.25554805,1840444.0910736036
DUiVFoes6no9oRPcoSYPFsuY5ske/lFEHwECDw==,gaslamp,2025-04-24,2,1,6281924.636576152,1840443.292381219
DUiVFoes6no9oRPcoSYPFsuY5ske/lFEHwECDw==,gaslamp,2025-04-24,3,1,6281489.710836183,1840054.317911446
DUiVFoes6no9oRPcoSYPFsuY5ske/lFEHwECDw==,gaslamp,2025-04-24,2,1,6281584.831626861,1839951.7595841475
DUiVFoes6no9oRPcoSYPFsuY5ske/lFEHwECDw==,gaslamp,2025-04-24,4,1,6281768.545413198,1840077.0442609957
DUiVFoes6no9oRPcoSYPFsuY5ske/lFEHwECDw==,gaslamp,2025-04-24,1,1,6281930.712406739,1840008.9071899645
DUiVFoes6no9oRPcoSYPFsuY5ske/lFEHwECDw==,gaslamp,2025-04-24,1,1,6281491.234011231,1839671.8533734703
DUiVFoes6no9oRPcoSYPFsuY5ske/lFEHwECDw==,gaslamp,2025-04-24,9,1,6281771.467768454,1839650.0389705487
DUiVFoes6no9oRPcoSYPFsuY5ske/lFEHwECDw==,gaslamp,2025-04-24,1,1,6281832.41172343,1839379.864789321
DUiVFoes6no9oRPcoSYPFsuY5ske/lFEHwECDw==,gaslamp,2025-04-24,1,1,6281927.371098239,1839240.1693692335
DUiVFoes6no9oRPcoSYPFsuY5ske/lFEHwECDw==,gaslamp,2025-04-24,1,1,6281760.113638934,1838870.041227605
DUiVFoes6no9oRPcoSYPFsuY5ske/lFEHwECDw==,gaslamp,2025-04-24,2,1,6281768.202030033,1838532.2362364768
bdN1TnJaHxlTKpuLRYrMSZG9sbU0eyA6VnUC1g==,gaslamp,2025-05-22,4,1,6281638.766381496,1841186.3810746125
bdN1TnJaHxlTKpuLRYrMSZG9sbU0eyA6VnUC1g==,gaslamp,2025-05-22,1,1,6281833.446579946,1841297.430172579
bdN1TnJaHxlTKpuLRYrMSZG9sbU0eyA6VnUC1g==,gaslamp,2025-05-22,1,1,6281931.561377228,1841172.1114338816
bdN1TnJaHxlTKpuLRYrMSZG9sbU0eyA6VnUC1g==,gaslamp,2025-05-22,1,1,6281483.670818583,1840423.3543873134
bdN1TnJaHxlTKpuLRYrMSZG9sbU0eyA6VnUC1g==,gaslamp,2025-05-22,2,1,6281772.849219158,1840133.0872007133
bdN1TnJaHxlTKpuLRYrMSZG9sbU0eyA6VnUC1g==,gaslamp,2025-05-22,1,1,6281858.295511853,1839977.7474283765
bdN1TnJaHxlTKpuLRYrMSZG9sbU0eyA6VnUC1g==,gaslamp,2025-05-22,1,1,6281647.058670008,1839624.0681197795
bdN1TnJaHxlTKpuLRYrMSZG9sbU0eyA6VnUC1g==,gaslamp,2025-05-22,1,1,6281654.910372103,1839284.8495164001
bdN1TnJaHxlTKpuLRYrMSZG9sbU0eyA6VnUC1g==,gaslamp,2025-05-22,1,1,6281482.144486187,1839285.9968685997
bdN1TnJaHxlTKpuLRYrMSZG9sbU0eyA6VnUC1g==,gaslamp,2025-05-22,1,1,6281771.341080567,1839364.8976141468
bdN1TnJaHxlTKpuLRYrMSZG9sbU0eyA6VnUC1g==,gaslamp,2025-05-22,1,1,6281834.5535976095,1839171.9359432647
bdN1TnJaHxlTKpuLRYrMSZG9sbU0eyA6VnUC1g==,gaslamp,2025-05-22,2,1,6281773.118542158,1839696.8021721074
bdN1TnJaHxlTKpuLRYrMSZG9sbU0eyA6VnUC1g==,gaslamp,2025-05-22,2,1,6281549.8042024905,1839175.1389093723
bdN1TnJaHxlTKpuLRYrMSZG9sbU0eyA6VnUC1g==,gaslamp,2025-05-22,2,1,6281930.188114445,1838878.7766601727
bdN1TnJaHxlTKpuLRYrMSZG9sbU0eyA6VnUC1g==,gaslamp,2025-05-22,2,1,6281775.014906402,1838507.2902705069
25DbgcCcX/on6TdUOeQg0vyGjbkbZH1dKAs6qA==,gaslamp,2025-06-18,14,1,6281640.253865656,1841239.0696728595
25DbgcCcX/on6TdUOeQg0vyGjbkbZH1dKAs6qA==,gaslamp,2025-06-18,1,1,6281549.247346853,1841084.1180300359
25DbgcCcX/on6TdUOeQg0vyGjbkbZH1dKAs6qA==,gaslamp,2025-06-18,1,1,6281942.476643151,1841254.8708833496
25DbgcCcX/on6TdUOeQg0vyGjbkbZH1dKAs6qA==,gaslamp,2025-06-18,1,1,6281771.325864591,1840825.1525946187
25DbgcCcX/on6TdUOeQg0vyGjbkbZH1dKAs6qA==,gaslamp,2025-06-18,2,1,6281483.408051436,1840805.301282756
25DbgcCcX/on6TdUOeQg0vyGjbkbZH1dKAs6qA==,gaslamp,2025-06-18,1,1,6281654.4169820165,1840468.9819435177
25DbgcCcX/on6TdUOeQg0vyGjbkbZH1dKAs6qA==,gaslamp,2025-06-18,1,1,6281770.590724208,1840500.0684818854
25DbgcCcX/on6TdUOeQg0vyGjbkbZH1dKAs6qA==,gaslamp,2025-06-18,1,1,6281928.0467306115,1840500.356554747
25DbgcCcX/on6TdUOeQg0vyGjbkbZH1dKAs6qA==,gaslamp,2025-06-18,2,1,6281856.065614886,1840318.830715777
25DbgcCcX/on6TdUOeQg0vyGjbkbZH1dKAs6qA==,gaslamp,2025-06-18,1,1,6281774.4746238915,1840107.6210864151
25DbgcCcX/on6TdUOeQg0vyGjbkbZH1dKAs6qA==,gaslamp,2025-06-18,2,1,6281767.0146208275,1839622.002551203
25DbgcCcX/on6TdUOeQg0vyGjbkbZH1dKAs6qA==,gaslamp,2025-06-18,1,1,6281851.583573192,1839743.4641374436
25DbgcCcX/on6TdUOeQg0vyGjbkbZH1dKAs6qA==,gaslamp,2025-06-18,1,1,6281549.031250009,1839581.935566073
25DbgcCcX/on6TdUOeQg0vyGjbkbZH1dKAs6qA==,gaslamp,2025-06-18,1,1,6281479.350304357,1839714.2492092482
25DbgcCcX/on6TdUOeQg0vyGjbkbZH1dKAs6qA==,gaslamp,2025-06-18,1,1,6281560.495251351,1839024.903646751
25DbgcCcX/on6TdUOeQg0vyGjbkbZH1dKAs6qA==,gaslamp,2025-06-18,1,1,6281932.382074718,1838900.9180160721
25DbgcCcX/on6TdUOeQg0vyGjbkbZH1dKAs6qA==,gaslamp,2025-06-18,2,1,6281850.191141574,1838424.409857928
25DbgcCcX/on6TdUOeQg0vyGjbkbZH1dKAs6qA==,gaslamp,2025-06-18,2,1,6281475.140459267,1838555.9383537956
25DbgcCcX/on6TdUOeQg0vyGjbkbZH1dKAs6qA==,gaslamp,2025-06-18,2,1,6281862.398733187,1838196.1986503364
25DbgcCcX/on6TdUOeQg0vyGjbkbZH1dKAs6qA==,gaslamp,2025-06-18,1,2,6281347.264318689,1839679.7744078566
voEZ5WMniv3Rk44bObuByjZcLFUnPm9jd+pczg==,east_village,2025-01-01,7,1,6282338.05040015,1840839.4713494577
voEZ5WMniv3Rk44bObuByjZcLFUnPm9jd+pczg==,east_village,2025-01-01,2,2,6282492.82940188,1840839.0879778643
voEZ5WMniv3Rk44bObuByjZcLFUnPm9jd+pczg==,east_village,2025-01-01,1,3,6282757.55655229,1840391.691810191
voEZ5WMniv3Rk44bObuByjZcLFUnPm9jd+pczg==,east_village,2025-01-01,1,1,6282617.233587176,1840459.548669125
voEZ5WMniv3Rk44bObuByjZcLFUnPm9jd+pczg==,east_village,2025-01-01,1,1,6282783.701068232,1840539.059710392
voEZ5WMniv3Rk44bObuByjZcLFUnPm9jd+pczg==,east_village,2025-01-01,1,1,6282893.188895856,1840463.307649821
voEZ5WMniv3Rk44bObuByjZcLFUnPm9jd+pczg==,east_village,2025-01-01,1,1,6282498.8696452025,1840951.2978754735
voEZ5WMniv3Rk44bObuByjZcLFUnPm9jd+pczg==,east_village,2025-01-01,2,1,6282625.203995306,1840955.5104890845
voEZ5WMniv3Rk44bObuByjZcLFUnPm9jd+pczg==,east_village,2025-01-01,1,1,6282430.352341013,1840706.17551583
voEZ5WMniv3Rk44bObuByjZcLFUnPm9jd+pczg==,east_village,2025-01-01,1,1,6282049.698011788,1840461.784768713
voEZ5WMniv3Rk44bObuByjZcLFUnPm9jd+pczg==,east_village,2025-01-01,1,1,6282204.590134944,1840453.927763411
voEZ5WMniv3Rk44bObuByjZcLFUnPm9jd+pczg==,east_village,2025-01-01,2,1,6282131.872402056,1840315.8923562618
voEZ5WMniv3Rk44bObuByjZcLFUnPm9jd+pczg==,east_village,2025-01-01,2,1,6282745.249822789,1840182.2192823896
voEZ5WMniv3Rk44bObuByjZcLFUnPm9jd+pczg==,east_village,2025-01-01,1,1,6282969.737821368,1840177.802016163
voEZ5WMniv3Rk44bObuByjZcLFUnPm9jd+pczg==,east_village,2025-01-01,1,1,6282982.949522285,1840327.4854742966
voEZ5WMniv3Rk44bObuByjZcLFUnPm9jd+pczg==,east_village,2025-01-01,3,2,6282632.171981293,1840836.0026110704
voEZ5WMniv3Rk44bObuByjZcLFUnPm9jd+pczg==,east_village,2025-01-01,3,1,6282776.370946719,1840852.917195487
voEZ5WMniv3Rk44bObuByjZcLFUnPm9jd+pczg==,east_village,2025-01-01,1,1,6282939.844627634,1840959.7964296914
voEZ5WMniv3Rk44bObuByjZcLFUnPm9jd+pczg==,east_village,2025-01-01,1,1,6282900.390225243,1840839.6561997843
voEZ5WMniv3Rk44bObuByjZcLFUnPm9jd+pczg==,east_village,2025-01-01,2,1,6283058.615512823,1840782.01010042
voEZ5WMniv3Rk44bObuByjZcLFUnPm9jd+pczg==,east_village,2025-01-01,1,1,6283257.2905243905,1840949.1702335419
voEZ5WMniv3Rk44bObuByjZcLFUnPm9jd+pczg==,east_village,2025-01-01,1,1,6283261.212067195,1840690.0842649816
voEZ5WMniv3Rk44bObuByjZcLFUnPm9jd+pczg==,east_village,2025-01-01,1,1,6283494.371973712,1840964.858310508
voEZ5WMniv3Rk44bObuByjZcLFUnPm9jd+pczg==,east_village,2025-01-01,1,1,6283490.669573215,1840698.193316257
voEZ5WMniv3Rk44bObuByjZcLFUnPm9jd+pczg==,east_village,2025-01-01,2,1,6283599.320008357,1841018.6141035566
voEZ5WMniv3Rk44bObuByjZcLFUnPm9jd+pczg==,east_village,2025-01-01,3,1,6283817.443335227,1841093.8453355657
voEZ5WMniv3Rk44bObuByjZcLFUnPm9jd+pczg==,east_village,2025-01-01,1,1,6284082.577428854,1840960.4120449696
voEZ5WMniv3Rk44bObuByjZcLFUnPm9jd+pczg==,east_village,2025-01-01,1,1,6283736.792901351,1840457.3568972207
voEZ5WMniv3Rk44bObuByjZcLFUnPm9jd+pczg==,east_village,2025-01-01,2,2,6284794.689775895,1840098.0085213676
voEZ5WMniv3Rk44bObuByjZcLFUnPm9jd+pczg==,east_village,2025-01-01,2,2,6285070.87132743,1840086.8202346468
voEZ5WMniv3Rk44bObuByjZcLFUnPm9jd+pczg==,east_village,2025-01-01,2,2,6284900.57265375,1840430.850234187
voEZ5WMniv3Rk44bObuByjZcLFUnPm9jd+pczg==,east_village,2025-01-01,1,2,6285139.275510193,1840339.4162279984
voEZ5WMniv3Rk44bObuByjZcLFUnPm9jd+pczg==,east_village,2025-01-01,1,2,6284922.64553312,1839995.0990518238
voEZ5WMniv3Rk44bObuByjZcLFUnPm9jd+pczg==,east_village,2025-01-01,4,1,6284809.998140888,1839938.746655557
voEZ5WMniv3Rk44bObuByjZcLFUnPm9jd+pczg==,east_village,2025-01-01,2,1,6285205.319813686,1840066.2261278783
voEZ5WMniv3Rk44bObuByjZcLFUnPm9jd+pczg==,east_village,2025-01-01,1,1,6285352.58799354,1840050.7900968858
voEZ5WMniv3Rk44bObuByjZcLFUnPm9jd+pczg==,east_village,2025-01-01,1,1,6284878.326909367,1840196.3250713812
voEZ5WMniv3Rk44bObuByjZcLFUnPm9jd+pczg==,east_village,2025-01-01,1,1,6285336.163350173,1840454.2257945004
voEZ5WMniv3Rk44bObuByjZcLFUnPm9jd+pczg==,east_village,2025-01-01,1,1,6284877.828881167,1840570.0770181261
voEZ5WMniv3Rk44bObuByjZcLFUnPm9jd+pczg==,east_village,2025-01-01,2,1,6284813.783056217,1840711.23292273
voEZ5WMniv3Rk44bObuByjZcLFUnPm9jd+pczg==,east_village,2025-01-01,1,3,6285133.355488843,1840730.5363920752
voEZ5WMniv3Rk44bObuByjZcLFUnPm9jd+pczg==,east_village,2025-01-01,2,2,6285440.80189233,1840869.277478113
voEZ5WMniv3Rk44bObuByjZcLFUnPm9jd+pczg==,east_village,2025-01-01,1,1,6285246.62113125,1840916.4669032828
voEZ5WMniv3Rk44bObuByjZcLFUnPm9jd+pczg==,east_village,2025-01-01,1,1,6284936.263442452,1841310.915283104
voEZ5WMniv3Rk44bObuByjZcLFUnPm9jd+pczg==,east_village,2025-01-01,2,1,6285067.883893032,1841477.1620190472
voEZ5WMniv3Rk44bObuByjZcLFUnPm9jd+pczg==,east_village,2025-01-01,12,2,6285189.7161572995,1841608.3912750415
voEZ5WMniv3Rk44bObuByjZcLFUnPm9jd+pczg==,east_village,2025-01-01,1,1,6285213.6964302305,1841728.3207209844
voEZ5WMniv3Rk44bObuByjZcLFUnPm9jd+pczg==,east_village,2025-01-01,12,2,6285431.842528347,1841631.6232470379
l8PaZ0CpvngtdVKf2bKt21qhdiuJuFlqAcWbjA==,east_village,2025-02-20,2,1,6282069.440834132,1840346.1238316698
l8PaZ0CpvngtdVKf2bKt21qhdiuJuFlqAcWbjA==,east_village,2025-02-20,2,2,6282168.61201568,1840345.530890486
l8PaZ0CpvngtdVKf2bKt21qhdiuJuFlqAcWbjA==,east_village,2025-02-20,4,1,6282340.286466497,1840848.4423800122
l8PaZ0CpvngtdVKf2bKt21qhdiuJuFlqAcWbjA==,east_village,2025-02-20,14,1,6282354.471302982,1840723.1013220104
l8PaZ0CpvngtdVKf2bKt21qhdiuJuFlqAcWbjA==,east_village,2025-02-20,2,2,6282493.062008105,1840774.705540534
l8PaZ0CpvngtdVKf2bKt21qhdiuJuFlqAcWbjA==,east_village,2025-02-20,4,2,6282637.97605535,1840872.8789277598
l8PaZ0CpvngtdVKf2bKt21qhdiuJuFlqAcWbjA==,east_village,2025-02-20,6,1,6282625.192447831,1840759.3508571228
l8PaZ0CpvngtdVKf2bKt21qhdiuJuFlqAcWbjA==,east_village,2025-02-20,2,1,6282902.080451059,1840818.8670086716
l8PaZ0CpvngtdVKf2bKt21qhdiuJuFlqAcWbjA==,east_village,2025-02-20,3,1,6283194.346479306,1840930.7240632453
l8PaZ0CpvngtdVKf2bKt21qhdiuJuFlqAcWbjA==,east_village,2025-02-20,1,2,6283299.528035493,1840930.0951862321
l8PaZ0CpvngtdVKf2bKt21qhdiuJuFlqAcWbjA==,east_village,2025-02-20,2,1,6283525.05400774,1840949.1373258652
l8PaZ0CpvngtdVKf2bKt21qhdiuJuFlqAcWbjA==,east_village,2025-02-20,2,1,6282374.451348963,1840565.6833188138
l8PaZ0CpvngtdVKf2bKt21qhdiuJuFlqAcWbjA==,east_village,2025-02-20,5,1,6282476.177827072,1840498.0775719513
l8PaZ0CpvngtdVKf2bKt21qhdiuJuFlqAcWbjA==,east_village,2025-02-20,1,2,6282469.5023965305,1840399.0776606512
l8PaZ0CpvngtdVKf2bKt21qhdiuJuFlqAcWbjA==,east_village,2025-02-20,1,1,6282384.9268212905,1840335.4987435308
l8PaZ0CpvngtdVKf2bKt21qhdiuJuFlqAcWbjA==,east_village,2025-02-20,2,1,6282753.046269834,1840554.680904467
l8PaZ0CpvngtdVKf2bKt21qhdiuJuFlqAcWbjA==,east_village,2025-02-20,1,2,6282758.430709505,1840461.4347595745
l8PaZ0CpvngtdVKf2bKt21qhdiuJuFlqAcWbjA==,east_village,2025-02-20,1,2,6282703.476677173,1840333.5941445767
l8PaZ0CpvngtdVKf2bKt21qhdiuJuFlqAcWbjA==,east_village,2025-02-20,2,1,6282619.331432222,1840334.0972461873
l8PaZ0CpvngtdVKf2bKt21qhdiuJuFlqAcWbjA==,east_village,2025-02-20,1,2,6282890.522028296,1840440.254438097
l8PaZ0CpvngtdVKf2bKt21qhdiuJuFlqAcWbjA==,east_village,2025-02-20,1,1,6283046.733087514,1840430.581649435
l8PaZ0CpvngtdVKf2bKt21qhdiuJuFlqAcWbjA==,east_village,2025-02-20,1,1,6283233.934922379,1840560.544495221
l8PaZ0CpvngtdVKf2bKt21qhdiuJuFlqAcWbjA==,east_village,2025-02-20,1,1,6283247.47426343,1840339.0804091226
l8PaZ0CpvngtdVKf2bKt21qhdiuJuFlqAcWbjA==,east_village,2025-02-20,1,1,6283317.317309087,1840446.4414513148
l8PaZ0CpvngtdVKf2bKt21qhdiuJuFlqAcWbjA==,east_village,2025-02-20,1,1,6282767.928158447,1840085.6092326303
l8PaZ0CpvngtdVKf2bKt21qhdiuJuFlqAcWbjA==,east_village,2025-02-20,1,1,6283555.267675725,1840077.988819956
l8PaZ0CpvngtdVKf2bKt21qhdiuJuFlqAcWbjA==,east_village,2025-02-20,1,1,6283882.429448453,1840463.4532165912
l8PaZ0CpvngtdVKf2bKt21qhdiuJuFlqAcWbjA==,east_village,2025-02-20,1,1,6284014.677250985,1840465.5754473791
l8PaZ0CpvngtdVKf2bKt21qhdiuJuFlqAcWbjA==,east_village,2025-02-20,1,1,6284161.794506373,1840444.3052863283
l8PaZ0CpvngtdVKf2bKt21qhdiuJuFlqAcWbjA==,east_village,2025-02-20,1,1,6284098.365480467,1839949.4854089739
l8PaZ0CpvngtdVKf2bKt21qhdiuJuFlqAcWbjA==,east_village,2025-02-20,1,1,6284297.412020401,1840053.1610118023
l8PaZ0CpvngtdVKf2bKt21qhdiuJuFlqAcWbjA==,east_village,2025-02-20,1,1,6284498.153196317,1839961.6597714901
l8PaZ0CpvngtdVKf2bKt21qhdiuJuFlqAcWbjA==,east_village,2025-02-20,10,1,6284814.46072312,1840073.3730827463
l8PaZ0CpvngtdVKf2bKt21qhdiuJuFlqAcWbjA==,east_village,2025-02-20,2,1,6285162.103989279,1839928.5606720177
l8PaZ0CpvngtdVKf2bKt21qhdiuJuFlqAcWbjA==,east_village,2025-02-20,1,2,6285358.516990781,1840087.597804392
l8PaZ0CpvngtdVKf2bKt21qhdiuJuFlqAcWbjA==,east_village,2025-02-20,5,1,6285344.097428682,1840177.9850339952
l8PaZ0CpvngtdVKf2bKt21qhdiuJuFlqAcWbjA==,east_village,2025-02-20,1,3,6285348.530530146,1840390.6028555057
l8PaZ0CpvngtdVKf2bKt21qhdiuJuFlqAcWbjA==,east_village,2025-02-20,1,1,6285340.316947364,1840510.0823396118
l8PaZ0CpvngtdVKf2bKt21qhdiuJuFlqAcWbjA==,east_village,2025-02-20,3,1,6285199.190506147,1840528.4037458
l8PaZ0CpvngtdVKf2bKt21qhdiuJuFlqAcWbjA==,east_village,2025-02-20,2,1,6285066.434131455,1840450.5482201483
l8PaZ0CpvngtdVKf2bKt21qhdiuJuFlqAcWbjA==,east_village,2025-02-20,1,2,6284919.19951326,1840454.3414669998
l8PaZ0CpvngtdVKf2bKt21qhdiuJuFlqAcWbjA==,east_village,2025-02-20,1,1,6284876.305351141,1840332.2546184098
l8PaZ0CpvngtdVKf2bKt21qhdiuJuFlqAcWbjA==,east_village,2025-02-20,1,1,6284777.838346431,1840437.7090447897
l8PaZ0CpvngtdVKf2bKt21qhdiuJuFlqAcWbjA==,east_village,2025-02-20,1,1,6285231.961284358,1840933.1059122712
l8PaZ0CpvngtdVKf2bKt21qhdiuJuFlqAcWbjA==,east_village,2025-02-20,1,1,6284647.703074413,1840750.1712695893
l8PaZ0CpvngtdVKf2bKt21qhdiuJuFlqAcWbjA==,east_village,2025-02-20,2,1,6285421.07292035,1840899.9329242823
l8PaZ0CpvngtdVKf2bKt21qhdiuJuFlqAcWbjA==,east_village,2025-02-20,3,1,6283734.908547954,1840872.146276975
l8PaZ0CpvngtdVKf2bKt21qhdiuJuFlqAcWbjA==,east_village,2025-02-20,1,1,6283854.177138288,1840731.612246794
l8PaZ0CpvngtdVKf2bKt21qhdiuJuFlqAcWbjA==,east_village,2025-02-20,2,1,6284316.814190723,1841599.8140146988
l8PaZ0CpvngtdVKf2bKt21qhdiuJuFlqAcWbjA==,east_village,2025-02-20,8,2,6285285.638575243,1841765.8846691381
7PhrhgDo0GDf7AVnMubMIE8GQdwSxDmViOlWlQ==,east_village,2025-3-20,20,1,6283757.803890372,1841535.2729368426
7PhrhgDo0GDf7AVnMubMIE8GQdwSxDmViOlWlQ==,east_village,2025-3-20,12,2,6285456.333013317,1841591.6752775237
7PhrhgDo0GDf7AVnMubMIE8GQdwSxDmViOlWlQ==,east_village,2025-3-20,7,2,6285483.267849084,1841027.3339942645
7PhrhgDo0GDf7AVnMubMIE8GQdwSxDmViOlWlQ==,east_village,2025-3-20,3,2,6285476.78424135,1840743.8293244964
7PhrhgDo0GDf7AVnMubMIE8GQdwSxDmViOlWlQ==,east_village,2025-3-20,2,3,6285310.761641622,1840474.668953729
7PhrhgDo0GDf7AVnMubMIE8GQdwSxDmViOlWlQ==,east_village,2025-3-20,4,1,6285333.220044911,1840352.3021998294
7PhrhgDo0GDf7AVnMubMIE8GQdwSxDmViOlWlQ==,east_village,2025-3-20,6,1,6285369.472704966,1840065.8983903648
7PhrhgDo0GDf7AVnMubMIE8GQdwSxDmViOlWlQ==,east_village,2025-3-20,3,1,6285066.742166189,1840853.3817110017
7PhrhgDo0GDf7AVnMubMIE8GQdwSxDmViOlWlQ==,east_village,2025-3-20,1,1,6283813.573072588,1841093.1549763952
7PhrhgDo0GDf7AVnMubMIE8GQdwSxDmViOlWlQ==,east_village,2025-3-20,3,1,6284567.655067538,1840707.4566490562
7PhrhgDo0GDf7AVnMubMIE8GQdwSxDmViOlWlQ==,east_village,2025-3-20,1,1,6284163.158380258,1840761.4008229785
7PhrhgDo0GDf7AVnMubMIE8GQdwSxDmViOlWlQ==,east_village,2025-3-20,3,1,6285071.526211732,1840522.5917332326
7PhrhgDo0GDf7AVnMubMIE8GQdwSxDmViOlWlQ==,east_village,2025-3-20,1,2,6285071.087863114,1840364.153747216
7PhrhgDo0GDf7AVnMubMIE8GQdwSxDmViOlWlQ==,east_village,2025-3-20,1,2,6285155.406849693,1839941.4133993592
7PhrhgDo0GDf7AVnMubMIE8GQdwSxDmViOlWlQ==,east_village,2025-3-20,3,1,6285058.443641366,1839913.8881868501
7PhrhgDo0GDf7AVnMubMIE8GQdwSxDmViOlWlQ==,east_village,2025-3-20,1,1,6285210.133661463,1840152.512647899
7PhrhgDo0GDf7AVnMubMIE8GQdwSxDmViOlWlQ==,east_village,2025-3-20,1,1,6284928.631073711,1840372.8910082746
7PhrhgDo0GDf7AVnMubMIE8GQdwSxDmViOlWlQ==,east_village,2025-3-20,1,1,6284783.570777554,1840470.583878999
7PhrhgDo0GDf7AVnMubMIE8GQdwSxDmViOlWlQ==,east_village,2025-3-20,1,1,6284643.609830333,1840351.4509373347
7PhrhgDo0GDf7AVnMubMIE8GQdwSxDmViOlWlQ==,east_village,2025-3-20,3,1,6284635.491697002,1840507.1332147426
7PhrhgDo0GDf7AVnMubMIE8GQdwSxDmViOlWlQ==,east_village,2025-3-20,2,1,6284162.058663547,1840363.9160510427
7PhrhgDo0GDf7AVnMubMIE8GQdwSxDmViOlWlQ==,east_village,2025-3-20,1,1,6283737.953170186,1840540.2190104711
7PhrhgDo0GDf7AVnMubMIE8GQdwSxDmViOlWlQ==,east_village,2025-3-20,2,1,6283742.168131559,1840003.7376122598
7PhrhgDo0GDf7AVnMubMIE8GQdwSxDmViOlWlQ==,east_village,2025-3-20,1,1,6283455.689240096,1840485.4156056603
7PhrhgDo0GDf7AVnMubMIE8GQdwSxDmViOlWlQ==,east_village,2025-3-20,1,1,6283303.476277787,1840057.7774069076
7PhrhgDo0GDf7AVnMubMIE8GQdwSxDmViOlWlQ==,east_village,2025-3-20,1,2,6283257.470958805,1840939.050440956
7PhrhgDo0GDf7AVnMubMIE8GQdwSxDmViOlWlQ==,east_village,2025-3-20,1,1,6282664.858890208,1839948.377775524
7PhrhgDo0GDf7AVnMubMIE8GQdwSxDmViOlWlQ==,east_village,2025-3-20,1,1,6282762.26813748,1840137.1205878393
7PhrhgDo0GDf7AVnMubMIE8GQdwSxDmViOlWlQ==,east_village,2025-3-20,1,1,6282688.7323136,1840337.4599589403
7PhrhgDo0GDf7AVnMubMIE8GQdwSxDmViOlWlQ==,east_village,2025-3-20,2,1,6282126.931005401,1840183.3713602887
7PhrhgDo0GDf7AVnMubMIE8GQdwSxDmViOlWlQ==,east_village,2025-3-20,1,1,6282039.354834302,1840458.8001456822
7PhrhgDo0GDf7AVnMubMIE8GQdwSxDmViOlWlQ==,east_village,2025-3-20,2,1,6282460.833749928,1840363.1139545508
7PhrhgDo0GDf7AVnMubMIE8GQdwSxDmViOlWlQ==,east_village,2025-3-20,2,1,6282754.619114075,1840462.3593064225
7PhrhgDo0GDf7AVnMubMIE8GQdwSxDmViOlWlQ==,east_village,2025-3-20,1,1,6282617.784615821,1840443.2844927958
7PhrhgDo0GDf7AVnMubMIE8GQdwSxDmViOlWlQ==,east_village,2025-3-20,1,1,6282341.7197513785,1840569.1400475318
7PhrhgDo0GDf7AVnMubMIE8GQdwSxDmViOlWlQ==,east_village,2025-3-20,2,2,6282467.048196228,1840549.3321416772
7PhrhgDo0GDf7AVnMubMIE8GQdwSxDmViOlWlQ==,east_village,2025-3-20,2,2,6282723.6042288365,1840581.970351714
7PhrhgDo0GDf7AVnMubMIE8GQdwSxDmViOlWlQ==,east_village,2025-3-20,4,1,6282618.192203133,1840590.604023653
7PhrhgDo0GDf7AVnMubMIE8GQdwSxDmViOlWlQ==,east_village,2025-3-20,1,2,6282632.955441057,1840776.798305598
7PhrhgDo0GDf7AVnMubMIE8GQdwSxDmViOlWlQ==,east_village,2025-3-20,3,2,6282461.825802065,1840721.6841334298
7PhrhgDo0GDf7AVnMubMIE8GQdwSxDmViOlWlQ==,east_village,2025-3-20,3,2,6282342.396500124,1840813.7460610308
7PhrhgDo0GDf7AVnMubMIE8GQdwSxDmViOlWlQ==,east_village,2025-3-20,2,1,6282490.721671128,1840866.1443665596
7PhrhgDo0GDf7AVnMubMIE8GQdwSxDmViOlWlQ==,east_village,2025-3-20,10,1,6282359.863219049,1840947.1197125765
7PhrhgDo0GDf7AVnMubMIE8GQdwSxDmViOlWlQ==,east_village,2025-3-20,5,1,6282633.239983143,1840879.6440158193
9ciGmX2E4LzpLeR4bQhycAC8xazuYc8jmy83uA==,east_village,2025-04-24,1,1,6282045.564348911,1840771.67907108
9ciGmX2E4LzpLeR4bQhycAC8xazuYc8jmy83uA==,east_village,2025-04-24,2,1,6282203.058602984,1840876.7759251283
9ciGmX2E4LzpLeR4bQhycAC8xazuYc8jmy83uA==,east_village,2025-04-24,2,2,6282342.631233861,1840856.1663323867
9ciGmX2E4LzpLeR4bQhycAC8xazuYc8jmy83uA==,east_village,2025-04-24,2,1,6282388.899845822,1840956.4947967553
9ciGmX2E4LzpLeR4bQhycAC8xazuYc8jmy83uA==,east_village,2025-04-24,3,2,6282473.415227432,1840799.2683127641
9ciGmX2E4LzpLeR4bQhycAC8xazuYc8jmy83uA==,east_village,2025-04-24,1,1,6282330.484125354,1840741.6027964577
9ciGmX2E4LzpLeR4bQhycAC8xazuYc8jmy83uA==,east_village,2025-04-24,1,1,6282447.103686349,1840698.791915231
9ciGmX2E4LzpLeR4bQhycAC8xazuYc8jmy83uA==,east_village,2025-04-24,8,1,6282619.1429688055,1840848.5238126516
9ciGmX2E4LzpLeR4bQhycAC8xazuYc8jmy83uA==,east_village,2025-04-24,1,1,6282764.689474081,1840869.81636884
9ciGmX2E4LzpLeR4bQhycAC8xazuYc8jmy83uA==,east_village,2025-04-24,2,1,6282951.913714645,1840723.014263196
9ciGmX2E4LzpLeR4bQhycAC8xazuYc8jmy83uA==,east_village,2025-04-24,1,1,6282979.3363993075,1840555.0252679097
9ciGmX2E4LzpLeR4bQhycAC8xazuYc8jmy83uA==,east_village,2025-04-24,2,1,6282697.158891331,1840568.3026430032
9ciGmX2E4LzpLeR4bQhycAC8xazuYc8jmy83uA==,east_village,2025-04-24,1,1,6282619.45667355,1840457.0214675565
9ciGmX2E4LzpLeR4bQhycAC8xazuYc8jmy83uA==,east_village,2025-04-24,1,1,6282325.730136193,1840448.0130209278
9ciGmX2E4LzpLeR4bQhycAC8xazuYc8jmy83uA==,east_village,2025-04-24,1,1,6282130.103457509,1840178.2095320753
9ciGmX2E4LzpLeR4bQhycAC8xazuYc8jmy83uA==,east_village,2025-04-24,1,1,6283032.858745112,1840014.917788335
9ciGmX2E4LzpLeR4bQhycAC8xazuYc8jmy83uA==,east_village,2025-04-24,1,1,6283251.637853389,1840337.6818037415
9ciGmX2E4LzpLeR4bQhycAC8xazuYc8jmy83uA==,east_village,2025-04-24,1,1,6283254.711950209,1839932.1768534877
9ciGmX2E4LzpLeR4bQhycAC8xazuYc8jmy83uA==,east_village,2025-04-24,1,1,6283731.609956377,1840048.8882487519
9ciGmX2E4LzpLeR4bQhycAC8xazuYc8jmy83uA==,east_village,2025-04-24,1,1,6284153.613825768,1840054.1494020955
9ciGmX2E4LzpLeR4bQhycAC8xazuYc8jmy83uA==,east_village,2025-04-24,1,1,6283734.328497857,1840468.3324042365
9ciGmX2E4LzpLeR4bQhycAC8xazuYc8jmy83uA==,east_village,2025-04-24,3,1,6283730.741336583,1841234.5804615163
9ciGmX2E4LzpLeR4bQhycAC8xazuYc8jmy83uA==,east_village,2025-04-24,1,1,6284096.654910946,1840943.8359445261
9ciGmX2E4LzpLeR4bQhycAC8xazuYc8jmy83uA==,east_village,2025-04-24,1,1,6284289.182452344,1840735.473096126
9ciGmX2E4LzpLeR4bQhycAC8xazuYc8jmy83uA==,east_village,2025-04-24,1,1,6284776.977037938,1840773.803715796
9ciGmX2E4LzpLeR4bQhycAC8xazuYc8jmy83uA==,east_village,2025-04-24,1,2,6284858.242690006,1840555.0798889762
9ciGmX2E4LzpLeR4bQhycAC8xazuYc8jmy83uA==,east_village,2025-04-24,7,1,6285122.105458746,1839915.5382415717
9ciGmX2E4LzpLeR4bQhycAC8xazuYc8jmy83uA==,east_village,2025-04-24,1,1,6285344.556742968,1839925.0750209314
9ciGmX2E4LzpLeR4bQhycAC8xazuYc8jmy83uA==,east_village,2025-04-24,1,3,6285118.016439773,1840164.4507071113
9ciGmX2E4LzpLeR4bQhycAC8xazuYc8jmy83uA==,east_village,2025-04-24,1,2,6285099.074291048,1840321.1911249901
9ciGmX2E4LzpLeR4bQhycAC8xazuYc8jmy83uA==,east_village,2025-04-24,1,3,6285207.811395231,1840381.906535377
9ciGmX2E4LzpLeR4bQhycAC8xazuYc8jmy83uA==,east_village,2025-04-24,2,1,6285208.590710455,1840502.1471932826
9ciGmX2E4LzpLeR4bQhycAC8xazuYc8jmy83uA==,east_village,2025-04-24,2,1,6285241.655441161,1840764.7663976515
9ciGmX2E4LzpLeR4bQhycAC8xazuYc8jmy83uA==,east_village,2025-04-24,3,1,6285448.649913128,1841028.8927645274
9ciGmX2E4LzpLeR4bQhycAC8xazuYc8jmy83uA==,east_village,2025-04-24,5,2,6285455.457473581,1841199.4244544725
9ciGmX2E4LzpLeR4bQhycAC8xazuYc8jmy83uA==,east_village,2025-04-24,1,1,6284041.894556293,1841732.8347563313
9ciGmX2E4LzpLeR4bQhycAC8xazuYc8jmy83uA==,east_village,2025-04-24,2,1,6283877.337697751,1840098.1437486394
9ciGmX2E4LzpLeR4bQhycAC8xazuYc8jmy83uA==,east_village,2025-04-24,5,1,6282482.548213324,1840888.686332673
37BLzY7jYHWnb49dh+LNTrdr9YT5GHWOLjZFgQ==,east_village,2025-05-22,1,1,6282186.218536881,1840850.0513837973
37BLzY7jYHWnb49dh+LNTrdr9YT5GHWOLjZFgQ==,east_village,2025-05-22,1,1,6282403.3226408735,1840954.3887852142
37BLzY7jYHWnb49dh+LNTrdr9YT5GHWOLjZFgQ==,east_village,2025-05-22,1,1,6282771.020605744,1840930.213721657
37BLzY7jYHWnb49dh+LNTrdr9YT5GHWOLjZFgQ==,east_village,2025-05-22,1,1,6282970.672978409,1840948.5805243833
37BLzY7jYHWnb49dh+LNTrdr9YT5GHWOLjZFgQ==,east_village,2025-05-22,1,1,6282350.232174731,1840513.2481770806
37BLzY7jYHWnb49dh+LNTrdr9YT5GHWOLjZFgQ==,east_village,2025-05-22,1,1,6282415.082485242,1840332.4451192694
37BLzY7jYHWnb49dh+LNTrdr9YT5GHWOLjZFgQ==,east_village,2025-05-22,1,1,6282703.106661232,1840347.5633958739
37BLzY7jYHWnb49dh+LNTrdr9YT5GHWOLjZFgQ==,east_village,2025-05-22,1,1,6282890.285296305,1840099.4765089373
37BLzY7jYHWnb49dh+LNTrdr9YT5GHWOLjZFgQ==,east_village,2025-05-22,1,1,6282976.140251544,1840179.5290429962
37BLzY7jYHWnb49dh+LNTrdr9YT5GHWOLjZFgQ==,east_village,2025-05-22,1,1,6283249.797709145,1840166.96156096
37BLzY7jYHWnb49dh+LNTrdr9YT5GHWOLjZFgQ==,east_village,2025-05-22,1,1,6283463.57170948,1840151.9378516397
37BLzY7jYHWnb49dh+LNTrdr9YT5GHWOLjZFgQ==,east_village,2025-05-22,1,1,6283512.841890526,1840351.5648076613
37BLzY7jYHWnb49dh+LNTrdr9YT5GHWOLjZFgQ==,east_village,2025-05-22,1,1,6283516.539630262,1840562.5403244295
37BLzY7jYHWnb49dh+LNTrdr9YT5GHWOLjZFgQ==,east_village,2025-05-22,1,1,6283248.517455147,1840558.4201687006
37BLzY7jYHWnb49dh+LNTrdr9YT5GHWOLjZFgQ==,east_village,2025-05-22,1,1,6282977.644217326,1840554.3152494882
37BLzY7jYHWnb49dh+LNTrdr9YT5GHWOLjZFgQ==,east_village,2025-05-22,1,1,6283460.732689302,1840865.4502140675
37BLzY7jYHWnb49dh+LNTrdr9YT5GHWOLjZFgQ==,east_village,2025-05-22,1,2,6283318.045868274,1840832.8977104079
37BLzY7jYHWnb49dh+LNTrdr9YT5GHWOLjZFgQ==,east_village,2025-05-22,2,1,6283027.137208117,1840809.466087953
37BLzY7jYHWnb49dh+LNTrdr9YT5GHWOLjZFgQ==,east_village,2025-05-22,4,1,6282622.587097358,1840886.5869145407
37BLzY7jYHWnb49dh+LNTrdr9YT5GHWOLjZFgQ==,east_village,2025-05-22,3,1,6282491.393651042,1840876.1830177938
37BLzY7jYHWnb49dh+LNTrdr9YT5GHWOLjZFgQ==,east_village,2025-05-22,8,1,6282326.065435694,1840885.3953180953
37BLzY7jYHWnb49dh+LNTrdr9YT5GHWOLjZFgQ==,east_village,2025-05-22,4,1,6282755.929755679,1840722.0753450755
37BLzY7jYHWnb49dh+LNTrdr9YT5GHWOLjZFgQ==,east_village,2025-05-22,2,2,6282621.9520895835,1840728.3438495775
37BLzY7jYHWnb49dh+LNTrdr9YT5GHWOLjZFgQ==,east_village,2025-05-22,2,2,6282476.70385852,1840767.98762961
37BLzY7jYHWnb49dh+LNTrdr9YT5GHWOLjZFgQ==,east_village,2025-05-22,4,2,6282336.979505068,1840763.1818306558
37BLzY7jYHWnb49dh+LNTrdr9YT5GHWOLjZFgQ==,east_village,2025-05-22,2,1,6282701.113416049,1840561.3455797965
37BLzY7jYHWnb49dh+LNTrdr9YT5GHWOLjZFgQ==,east_village,2025-05-22,2,1,6282756.029118027,1840036.3401603855
37BLzY7jYHWnb49dh+LNTrdr9YT5GHWOLjZFgQ==,east_village,2025-05-22,2,1,6283230.519839942,1840336.4160580246
37BLzY7jYHWnb49dh+LNTrdr9YT5GHWOLjZFgQ==,east_village,2025-05-22,2,1,6282976.77525932,1840337.7721079595
37BLzY7jYHWnb49dh+LNTrdr9YT5GHWOLjZFgQ==,east_village,2025-05-22,3,1,6282894.618043816,1840468.6950906687
37BLzY7jYHWnb49dh+LNTrdr9YT5GHWOLjZFgQ==,east_village,2025-05-22,2,1,6283879.906651698,1841590.5885427198
37BLzY7jYHWnb49dh+LNTrdr9YT5GHWOLjZFgQ==,east_village,2025-05-22,3,1,6284626.862799075,1841581.0441872512
37BLzY7jYHWnb49dh+LNTrdr9YT5GHWOLjZFgQ==,east_village,2025-05-22,2,1,6284789.117141975,1841516.3232410224
37BLzY7jYHWnb49dh+LNTrdr9YT5GHWOLjZFgQ==,east_village,2025-05-22,1,1,6284477.560332683,1841320.8742386065
37BLzY7jYHWnb49dh+LNTrdr9YT5GHWOLjZFgQ==,east_village,2025-05-22,1,1,6284309.057980499,1841249.5921458816
37BLzY7jYHWnb49dh+LNTrdr9YT5GHWOLjZFgQ==,east_village,2025-05-22,3,1,6284622.251539382,1841142.4207524657
37BLzY7jYHWnb49dh+LNTrdr9YT5GHWOLjZFgQ==,east_village,2025-05-22,1,2,6285066.126082167,1840917.9483261777
37BLzY7jYHWnb49dh+LNTrdr9YT5GHWOLjZFgQ==,east_village,2025-05-22,2,2,6285475.966120305,1840738.0778440377
37BLzY7jYHWnb49dh+LNTrdr9YT5GHWOLjZFgQ==,east_village,2025-05-22,3,1,6285053.95313773,1840726.451877813
37BLzY7jYHWnb49dh+LNTrdr9YT5GHWOLjZFgQ==,east_village,2025-05-22,2,2,6284307.609717154,1840888.6869100006
37BLzY7jYHWnb49dh+LNTrdr9YT5GHWOLjZFgQ==,east_village,2025-05-22,2,1,6284025.209683159,1840854.1048015086
37BLzY7jYHWnb49dh+LNTrdr9YT5GHWOLjZFgQ==,east_village,2025-05-22,4,1,6283861.462514965,1840546.8157353678
37BLzY7jYHWnb49dh+LNTrdr9YT5GHWOLjZFgQ==,east_village,2025-05-22,1,3,6284634.167350573,1840559.3438042314
37BLzY7jYHWnb49dh+LNTrdr9YT5GHWOLjZFgQ==,east_village,2025-05-22,2,1,6284379.520390481,1840335.8281302713
37BLzY7jYHWnb49dh+LNTrdr9YT5GHWOLjZFgQ==,east_village,2025-05-22,5,1,6284910.486482592,1840499.565785602
37BLzY7jYHWnb49dh+LNTrdr9YT5GHWOLjZFgQ==,east_village,2025-05-22,1,2,6284918.616332187,1840394.0246994114
37BLzY7jYHWnb49dh+LNTrdr9YT5GHWOLjZFgQ==,east_village,2025-05-22,2,1,6284022.090346723,1840076.7704473033
37BLzY7jYHWnb49dh+LNTrdr9YT5GHWOLjZFgQ==,east_village,2025-05-22,1,1,6283864.925402431,1839988.770243781
37BLzY7jYHWnb49dh+LNTrdr9YT5GHWOLjZFgQ==,east_village,2025-05-22,2,1,6284634.55636559,1839945.7896667174
37BLzY7jYHWnb49dh+LNTrdr9YT5GHWOLjZFgQ==,east_village,2025-05-22,5,1,6284772.098085575,1840117.1823495175
37BLzY7jYHWnb49dh+LNTrdr9YT5GHWOLjZFgQ==,east_village,2025-05-22,1,1,6285117.310622946,1840173.638807632
37BLzY7jYHWnb49dh+LNTrdr9YT5GHWOLjZFgQ==,east_village,2025-05-22,3,2,6285288.619475884,1840233.800887352
37BLzY7jYHWnb49dh+LNTrdr9YT5GHWOLjZFgQ==,east_village,2025-05-22,3,1,6285333.623752343,1840080.8664263752
+afMrS+fPDAbMNrUCO1QQL5U0MhhjW8biLk7eg==,east_village,2025-06-18,8,2,6285340.857890835,1841883.507184082
+afMrS+fPDAbMNrUCO1QQL5U0MhhjW8biLk7eg==,east_village,2025-06-18,1,3,6285447.829184855,1841704.113686798
+afMrS+fPDAbMNrUCO1QQL5U0MhhjW8biLk7eg==,east_village,2025-06-18,3,1,6285400.679916509,1841595.9141179712
+afMrS+fPDAbMNrUCO1QQL5U0MhhjW8biLk7eg==,east_village,2025-06-18,3,1,6284301.0324166035,1841531.6292374474
+afMrS+fPDAbMNrUCO1QQL5U0MhhjW8biLk7eg==,east_village,2025-06-18,1,1,6284309.981876551,1841311.4158367524
+afMrS+fPDAbMNrUCO1QQL5U0MhhjW8biLk7eg==,east_village,2025-06-18,1,3,6284939.410567845,1841154.6848812448
+afMrS+fPDAbMNrUCO1QQL5U0MhhjW8biLk7eg==,east_village,2025-06-18,5,1,6284927.958052369,1840906.8107551725
+afMrS+fPDAbMNrUCO1QQL5U0MhhjW8biLk7eg==,east_village,2025-06-18,3,1,6285061.900470295,1840827.458558243
+afMrS+fPDAbMNrUCO1QQL5U0MhhjW8biLk7eg==,east_village,2025-06-18,3,1,6283882.691523414,1840830.8389536263
+afMrS+fPDAbMNrUCO1QQL5U0MhhjW8biLk7eg==,east_village,2025-06-18,2,2,6285342.115267901,1840493.0892469937
+afMrS+fPDAbMNrUCO1QQL5U0MhhjW8biLk7eg==,east_village,2025-06-18,3,1,6285203.577265676,1840422.0224802773
+afMrS+fPDAbMNrUCO1QQL5U0MhhjW8biLk7eg==,east_village,2025-06-18,3,1,6285055.610165676,1840529.378135174
+afMrS+fPDAbMNrUCO1QQL5U0MhhjW8biLk7eg==,east_village,2025-06-18,1,2,6285073.805807101,1840364.8003567744
+afMrS+fPDAbMNrUCO1QQL5U0MhhjW8biLk7eg==,east_village,2025-06-18,2,1,6284936.227080528,1840377.315548222
+afMrS+fPDAbMNrUCO1QQL5U0MhhjW8biLk7eg==,east_village,2025-06-18,1,3,6284785.806778519,1840520.9186127055
+afMrS+fPDAbMNrUCO1QQL5U0MhhjW8biLk7eg==,east_village,2025-06-18,2,1,6284646.277524787,1840363.4838225532
+afMrS+fPDAbMNrUCO1QQL5U0MhhjW8biLk7eg==,east_village,2025-06-18,1,1,6284646.2046342455,1840107.137256468
+afMrS+fPDAbMNrUCO1QQL5U0MhhjW8biLk7eg==,east_village,2025-06-18,5,2,6282348.827628125,1840932.4871383568
+afMrS+fPDAbMNrUCO1QQL5U0MhhjW8biLk7eg==,east_village,2025-06-18,1,1,6282483.889200979,1840950.6472259515
+afMrS+fPDAbMNrUCO1QQL5U0MhhjW8biLk7eg==,east_village,2025-06-18,2,1,6282618.087425745,1840893.583551199
+afMrS+fPDAbMNrUCO1QQL5U0MhhjW8biLk7eg==,east_village,2025-06-18,3,1,6282764.400720113,1840892.1269376925
+afMrS+fPDAbMNrUCO1QQL5U0MhhjW8biLk7eg==,east_village,2025-06-18,3,1,6282728.023535455,1840722.5196886824
+afMrS+fPDAbMNrUCO1QQL5U0MhhjW8biLk7eg==,east_village,2025-06-18,1,2,6282647.534788684,1840709.3890716978
+afMrS+fPDAbMNrUCO1QQL5U0MhhjW8biLk7eg==,east_village,2025-06-18,2,2,6282488.379918881,1840841.9335582403
+afMrS+fPDAbMNrUCO1QQL5U0MhhjW8biLk7eg==,east_village,2025-06-18,8,1,6282341.586986687,1840801.5991926647
+afMrS+fPDAbMNrUCO1QQL5U0MhhjW8biLk7eg==,east_village,2025-06-18,7,1,6282415.122874715,1840708.9164514067
+afMrS+fPDAbMNrUCO1QQL5U0MhhjW8biLk7eg==,east_village,2025-06-18,2,2,6282396.278777357,1840566.998488823
+afMrS+fPDAbMNrUCO1QQL5U0MhhjW8biLk7eg==,east_village,2025-06-18,3,2,6282483.935275025,1840454.670485414
+afMrS+fPDAbMNrUCO1QQL5U0MhhjW8biLk7eg==,east_village,2025-06-18,1,1,6282329.0472921375,1840458.9988473402
+afMrS+fPDAbMNrUCO1QQL5U0MhhjW8biLk7eg==,east_village,2025-06-18,2,1,6282479.819328552,1840346.04250085
+afMrS+fPDAbMNrUCO1QQL5U0MhhjW8biLk7eg==,east_village,2025-06-18,1,1,6282990.417463065,1840335.3865035574
+afMrS+fPDAbMNrUCO1QQL5U0MhhjW8biLk7eg==,east_village,2025-06-18,3,1,6283248.7452977225,1840343.9602702227
+afMrS+fPDAbMNrUCO1QQL5U0MhhjW8biLk7eg==,east_village,2025-06-18,2,1,6283520.914898155,1840558.588622829
+afMrS+fPDAbMNrUCO1QQL5U0MhhjW8biLk7eg==,east_village,2025-06-18,2,1,6282186.800090724,1840064.7485090566
+afMrS+fPDAbMNrUCO1QQL5U0MhhjW8biLk7eg==,east_village,2025-06-18,2,1,6282957.005094098,1840174.1088893146
+afMrS+fPDAbMNrUCO1QQL5U0MhhjW8biLk7eg==,east_village,2025-06-18,1,1,6282690.198498487,1840176.7650668854
+afMrS+fPDAbMNrUCO1QQL5U0MhhjW8biLk7eg==,east_village,2025-06-18,1,1,6282477.581018697,1840151.017931801
+afMrS+fPDAbMNrUCO1QQL5U0MhhjW8biLk7eg==,east_village,2025-06-18,1,1,6283264.1270639,1839934.2087478754
s4Lxg/BqzDmDjQsUHDcLpaULHSIFmUogTaW7lA==,columbia,2025-01-01,1,1,6278998.69007809,1842689.0800467522
s4Lxg/BqzDmDjQsUHDcLpaULHSIFmUogTaW7lA==,columbia,2025-01-01,2,1,6279358.867349026,1842637.5369816194
s4Lxg/BqzDmDjQsUHDcLpaULHSIFmUogTaW7lA==,columbia,2025-01-01,2,1,6279866.495932658,1842861.344863397
s4Lxg/BqzDmDjQsUHDcLpaULHSIFmUogTaW7lA==,columbia,2025-01-01,1,2,6279959.198945432,1842856.7639695427
s4Lxg/BqzDmDjQsUHDcLpaULHSIFmUogTaW7lA==,columbia,2025-01-01,1,1,6279888.324988336,1842621.862290329
s4Lxg/BqzDmDjQsUHDcLpaULHSIFmUogTaW7lA==,columbia,2025-01-01,1,2,6279989.815140242,1842686.0700428898
s4Lxg/BqzDmDjQsUHDcLpaULHSIFmUogTaW7lA==,columbia,2025-01-01,1,2,6279145.443100679,1842371.5566510481
s4Lxg/BqzDmDjQsUHDcLpaULHSIFmUogTaW7lA==,columbia,2025-01-01,1,1,6279983.270324911,1842365.9071135935
s4Lxg/BqzDmDjQsUHDcLpaULHSIFmUogTaW7lA==,columbia,2025-01-01,1,1,6279352.409277162,1842269.9443542617
s4Lxg/BqzDmDjQsUHDcLpaULHSIFmUogTaW7lA==,columbia,2025-01-01,4,1,6279144.436871267,1841947.057736552
s4Lxg/BqzDmDjQsUHDcLpaULHSIFmUogTaW7lA==,columbia,2025-01-01,2,1,6279265.5137550505,1842023.1571989257
s4Lxg/BqzDmDjQsUHDcLpaULHSIFmUogTaW7lA==,columbia,2025-01-01,1,1,6279361.578087542,1842130.0423292064
s4Lxg/BqzDmDjQsUHDcLpaULHSIFmUogTaW7lA==,columbia,2025-01-01,2,1,6279707.5423999345,1842052.3879953779
s4Lxg/BqzDmDjQsUHDcLpaULHSIFmUogTaW7lA==,columbia,2025-01-01,1,1,6279916.434286567,1841872.5198136352
s4Lxg/BqzDmDjQsUHDcLpaULHSIFmUogTaW7lA==,columbia,2025-01-01,1,1,6278879.17023952,1841761.617504174
s4Lxg/BqzDmDjQsUHDcLpaULHSIFmUogTaW7lA==,columbia,2025-01-01,4,1,6278874.13042853,1841593.23272552
s4Lxg/BqzDmDjQsUHDcLpaULHSIFmUogTaW7lA==,columbia,2025-01-01,1,1,6278995.068522768,1841745.219704792
s4Lxg/BqzDmDjQsUHDcLpaULHSIFmUogTaW7lA==,columbia,2025-01-01,1,1,6279355.163387411,1841738.7348528176
s4Lxg/BqzDmDjQsUHDcLpaULHSIFmUogTaW7lA==,columbia,2025-01-01,1,1,6279353.753800883,1841534.7840343078
s4Lxg/BqzDmDjQsUHDcLpaULHSIFmUogTaW7lA==,columbia,2025-01-01,1,1,6279602.942484362,1841739.1680943037
s4Lxg/BqzDmDjQsUHDcLpaULHSIFmUogTaW7lA==,columbia,2025-01-01,1,1,6279637.206252327,1841523.4221881828
s4Lxg/BqzDmDjQsUHDcLpaULHSIFmUogTaW7lA==,columbia,2025-01-01,1,1,6279708.153941369,1841718.008624044
s4Lxg/BqzDmDjQsUHDcLpaULHSIFmUogTaW7lA==,columbia,2025-01-01,1,1,6278437.2500239685,1841673.099585145
s4Lxg/BqzDmDjQsUHDcLpaULHSIFmUogTaW7lA==,columbia,2025-01-01,1,1,6279093.865279643,1841332.7527581437
0Bj330Y5wCcT+/OCRtAgoOIHyJ9CPw2wHF08gw==,columbia,2025-02-20,3,1,6278795.135205103,1842872.16151084
0Bj330Y5wCcT+/OCRtAgoOIHyJ9CPw2wHF08gw==,columbia,2025-02-20,3,1,6279616.492270809,1842873.3372327937
0Bj330Y5wCcT+/OCRtAgoOIHyJ9CPw2wHF08gw==,columbia,2025-02-20,2,1,6279898.532487731,1842876.4218989816
0Bj330Y5wCcT+/OCRtAgoOIHyJ9CPw2wHF08gw==,columbia,2025-02-20,8,1,6279986.328738262,1842781.6754429196
0Bj330Y5wCcT+/OCRtAgoOIHyJ9CPw2wHF08gw==,columbia,2025-02-20,2,1,6279707.439087722,1842380.506421544
0Bj330Y5wCcT+/OCRtAgoOIHyJ9CPw2wHF08gw==,columbia,2025-02-20,3,1,6279983.388177408,1842394.7010083245
0Bj330Y5wCcT+/OCRtAgoOIHyJ9CPw2wHF08gw==,columbia,2025-02-20,1,1,6279351.381156184,1842118.2203256055
0Bj330Y5wCcT+/OCRtAgoOIHyJ9CPw2wHF08gw==,columbia,2025-02-20,2,1,6279885.804083056,1841743.1752983555
0Bj330Y5wCcT+/OCRtAgoOIHyJ9CPw2wHF08gw==,columbia,2025-02-20,8,1,6279986.013632127,1841656.614135255
0Bj330Y5wCcT+/OCRtAgoOIHyJ9CPw2wHF08gw==,columbia,2025-02-20,6,1,6278525.676261215,1841544.8752610718
4KNl9ihaofxxytgzROmo/x29ZW8tTLBv20+goQ==,columbia,2025-03-20,2,1,6278881.367290176,1842764.2740819913
4KNl9ihaofxxytgzROmo/x29ZW8tTLBv20+goQ==,columbia,2025-03-20,2,1,6279827.938408208,1842385.5727681764
4KNl9ihaofxxytgzROmo/x29ZW8tTLBv20+goQ==,columbia,2025-03-20,2,1,6278511.312582723,1841555.9476941621
4KNl9ihaofxxytgzROmo/x29ZW8tTLBv20+goQ==,columbia,2025-03-20,3,1,6278870.220195191,1841589.6968869865
4KNl9ihaofxxytgzROmo/x29ZW8tTLBv20+goQ==,columbia,2025-03-20,1,1,6279686.706556,1841645.3131245752
4KNl9ihaofxxytgzROmo/x29ZW8tTLBv20+goQ==,columbia,2025-03-20,1,1,6279816.674909615,1841656.4096401916
4KNl9ihaofxxytgzROmo/x29ZW8tTLBv20+goQ==,columbia,2025-03-20,2,1,6279889.289124793,1841728.265894458
4KNl9ihaofxxytgzROmo/x29ZW8tTLBv20+goQ==,columbia,2025-03-20,1,1,6279039.479269586,1841339.7357265793
z3YjOoW5+otnFjUbJ9lWd9tS+UPUKRIMAl0FgA==,columbia,2025-04-24,3,1,6279124.76928939,1842648.8251923204
z3YjOoW5+otnFjUbJ9lWd9tS+UPUKRIMAl0FgA==,columbia,2025-04-24,4,1,6279848.008328176,1842831.0568572818
z3YjOoW5+otnFjUbJ9lWd9tS+UPUKRIMAl0FgA==,columbia,2025-04-24,1,2,6279948.119087534,1842633.9514346996
z3YjOoW5+otnFjUbJ9lWd9tS+UPUKRIMAl0FgA==,columbia,2025-04-24,3,1,6279652.620011988,1842275.3696298676
z3YjOoW5+otnFjUbJ9lWd9tS+UPUKRIMAl0FgA==,columbia,2025-04-24,10,1,6279021.233245766,1841851.6193387357
z3YjOoW5+otnFjUbJ9lWd9tS+UPUKRIMAl0FgA==,columbia,2025-04-24,5,1,6279085.515616944,1841597.2524739008
z3YjOoW5+otnFjUbJ9lWd9tS+UPUKRIMAl0FgA==,columbia,2025-04-24,2,1,6279639.685971148,1841312.5396956746
5/94MflCAz/lF3KHh1grx5DCFfFEiZUopw5n3Q==,columbia,2025-05-22,1,1,6279158.006206257,1842662.9178561345
5/94MflCAz/lF3KHh1grx5DCFfFEiZUopw5n3Q==,columbia,2025-05-22,1,1,6279161.9663322335,1842500.1563555254
5/94MflCAz/lF3KHh1grx5DCFfFEiZUopw5n3Q==,columbia,2025-05-22,1,1,6278889.128405093,1842472.321615765
5/94MflCAz/lF3KHh1grx5DCFfFEiZUopw5n3Q==,columbia,2025-05-22,4,1,6279717.425146608,1842705.539104779
5/94MflCAz/lF3KHh1grx5DCFfFEiZUopw5n3Q==,columbia,2025-05-22,1,2,6279966.727617052,1842641.3431894623
5/94MflCAz/lF3KHh1grx5DCFfFEiZUopw5n3Q==,columbia,2025-05-22,1,2,6279827.423530551,1842346.4747150256
5/94MflCAz/lF3KHh1grx5DCFfFEiZUopw5n3Q==,columbia,2025-05-22,1,2,6279146.376037717,1841964.4528598124
5/94MflCAz/lF3KHh1grx5DCFfFEiZUopw5n3Q==,columbia,2025-05-22,1,1,6279279.825737146,1842096.5030271688
5/94MflCAz/lF3KHh1grx5DCFfFEiZUopw5n3Q==,columbia,2025-05-22,10,1,6279001.173279296,1841716.8102372603
5/94MflCAz/lF3KHh1grx5DCFfFEiZUopw5n3Q==,columbia,2025-05-22,2,1,6278857.909066819,1841584.703263433
5/94MflCAz/lF3KHh1grx5DCFfFEiZUopw5n3Q==,columbia,2025-05-22,2,1,6279054.2109525595,1841530.7028011219
5/94MflCAz/lF3KHh1grx5DCFfFEiZUopw5n3Q==,columbia,2025-05-22,3,1,6279152.340583347,1841604.786321468
5/94MflCAz/lF3KHh1grx5DCFfFEiZUopw5n3Q==,columbia,2025-05-22,1,1,6279552.782679813,1841559.8440897118
5/94MflCAz/lF3KHh1grx5DCFfFEiZUopw5n3Q==,columbia,2025-05-22,2,1,6279026.771279507,1841336.2528959613
p+YnZvDsD15gpE6940Zdf1j39KDRMzjwP6QP2A==,columbia,2025-06-18,2,1,6278801.84591428,1841712.5730375038
p+YnZvDsD15gpE6940Zdf1j39KDRMzjwP6QP2A==,columbia,2025-06-18,10,1,6279056.825675719,1841839.5782660542
p+YnZvDsD15gpE6940Zdf1j39KDRMzjwP6QP2A==,columbia,2025-06-18,1,1,6279435.385367423,1841959.7294833357
p+YnZvDsD15gpE6940Zdf1j39KDRMzjwP6QP2A==,columbia,2025-06-18,1,1,6279584.6953188935,1841968.180639242
p+YnZvDsD15gpE6940Zdf1j39KDRMzjwP6QP2A==,columbia,2025-06-18,1,2,6279906.176358494,1842649.7486982958
p+YnZvDsD15gpE6940Zdf1j39KDRMzjwP6QP2A==,columbia,2025-06-18,3,2,6279986.402330278,1842773.855577597
I6OFdm3R+dYcVAHk30Uin2340O2/LO6t19RK8Q==,marina,2025-01-01,1,1,6278783.122297709,1840190.189669582
I6OFdm3R+dYcVAHk30Uin2340O2/LO6t19RK8Q==,marina,2025-01-01,3,1,6278436.762265759,1839966.9976835712
I6OFdm3R+dYcVAHk30Uin2340O2/LO6t19RK8Q==,marina,2025-01-01,1,1,6279046.174710014,1840347.2647307424
I6OFdm3R+dYcVAHk30Uin2340O2/LO6t19RK8Q==,marina,2025-01-01,1,1,6279176.777216066,1840551.5272159416
I6OFdm3R+dYcVAHk30Uin2340O2/LO6t19RK8Q==,marina,2025-01-01,1,1,6280092.191601677,1840469.9179659798
I6OFdm3R+dYcVAHk30Uin2340O2/LO6t19RK8Q==,marina,2025-01-01,1,1,6279410.3412598055,1839969.260115603
I6OFdm3R+dYcVAHk30Uin2340O2/LO6t19RK8Q==,marina,2025-01-01,1,1,6280445.707378588,1839412.4947736948
I6OFdm3R+dYcVAHk30Uin2340O2/LO6t19RK8Q==,marina,2025-01-01,1,1,6279547.6849828465,1839782.150716178
I6OFdm3R+dYcVAHk30Uin2340O2/LO6t19RK8Q==,marina,2025-01-01,1,1,6280808.037164923,1839573.714943065
I6OFdm3R+dYcVAHk30Uin2340O2/LO6t19RK8Q==,marina,2025-01-01,1,1,6281086.746824864,1839686.961255084
I6OFdm3R+dYcVAHk30Uin2340O2/LO6t19RK8Q==,marina,2025-01-01,1,1,6281290.590817313,1839964.9609413482
I6OFdm3R+dYcVAHk30Uin2340O2/LO6t19RK8Q==,marina,2025-01-01,1,1,6281207.663718563,1839299.9674648836
I6OFdm3R+dYcVAHk30Uin2340O2/LO6t19RK8Q==,marina,2025-01-01,1,1,6281365.467121554,1840087.9824423748
I6OFdm3R+dYcVAHk30Uin2340O2/LO6t19RK8Q==,marina,2025-01-01,1,1,6281281.517484876,1840203.3350235512
I6OFdm3R+dYcVAHk30Uin2340O2/LO6t19RK8Q==,marina,2025-01-01,1,1,6281286.870473454,1839171.5778877079
yQovGuyXnfH4MyLRNZA0JqDPx9GS8esZviRWAg==,marina,"2025-02-20
",1,1,6280721.344517505,1840172.812343995
yQovGuyXnfH4MyLRNZA0JqDPx9GS8esZviRWAg==,marina,"2025-02-20
",1,1,6280982.445466618,1840193.1443252584
yQovGuyXnfH4MyLRNZA0JqDPx9GS8esZviRWAg==,marina,"2025-02-20
",2,1,6281280.999770782,1840186.1382161572
yQovGuyXnfH4MyLRNZA0JqDPx9GS8esZviRWAg==,marina,"2025-02-20
",3,1,6280795.651073516,1840048.58110283
yQovGuyXnfH4MyLRNZA0JqDPx9GS8esZviRWAg==,marina,"2025-02-20
",1,1,6281367.007070018,1840073.9663094562
yQovGuyXnfH4MyLRNZA0JqDPx9GS8esZviRWAg==,marina,"2025-02-20
",1,1,6281215.787288737,1839684.3274161683
yQovGuyXnfH4MyLRNZA0JqDPx9GS8esZviRWAg==,marina,"2025-02-20
",1,1,6281085.1193927275,1839660.552826756
yQovGuyXnfH4MyLRNZA0JqDPx9GS8esZviRWAg==,marina,"2025-02-20
",1,1,6280658.90065933,1839655.8715792478
yQovGuyXnfH4MyLRNZA0JqDPx9GS8esZviRWAg==,marina,"2025-02-20
",1,1,6280442.202066767,1839405.556694098
yQovGuyXnfH4MyLRNZA0JqDPx9GS8esZviRWAg==,marina,"2025-02-20
",1,1,6281079.062968206,1839294.6420256488
yQovGuyXnfH4MyLRNZA0JqDPx9GS8esZviRWAg==,marina,"2025-02-20
",1,2,6281344.0023810845,1839423.833497713
yQovGuyXnfH4MyLRNZA0JqDPx9GS8esZviRWAg==,marina,"2025-02-20
",1,2,6281333.374174092,1839200.0755494328
3Pek4MMjBtPX78nU1J2WO1g9DOf9CpDtmniHYA==,marina,2025-03-20,1,1,6278439.540017902,1840801.289262564
3Pek4MMjBtPX78nU1J2WO1g9DOf9CpDtmniHYA==,marina,2025-03-20,1,1,6278987.7847012235,1840366.5176621869
3Pek4MMjBtPX78nU1J2WO1g9DOf9CpDtmniHYA==,marina,2025-03-20,1,2,6280086.994534621,1840082.2181981853
3Pek4MMjBtPX78nU1J2WO1g9DOf9CpDtmniHYA==,marina,2025-03-20,3,1,6280648.203046547,1840080.5532525328
3Pek4MMjBtPX78nU1J2WO1g9DOf9CpDtmniHYA==,marina,2025-03-20,1,1,6280790.541658087,1840076.5343767838
3Pek4MMjBtPX78nU1J2WO1g9DOf9CpDtmniHYA==,marina,2025-03-20,1,1,6281258.344241404,1839415.765635568
3Pek4MMjBtPX78nU1J2WO1g9DOf9CpDtmniHYA==,marina,2025-03-20,4,1,6281342.527785523,1839268.7691042458
3Pek4MMjBtPX78nU1J2WO1g9DOf9CpDtmniHYA==,marina,2025-03-20,1,1,6281256.410576308,1838999.7835677778
3Pek4MMjBtPX78nU1J2WO1g9DOf9CpDtmniHYA==,marina,2025-03-20,2,1,6280988.211920388,1839019.1639904438
FIJPq+lOzJdkLMa89a0hC7+5MBs7ydzYGEXwMA==,marina,2025-04-24,1,1,6279441.335809579,1840365.176361836
FIJPq+lOzJdkLMa89a0hC7+5MBs7ydzYGEXwMA==,marina,2025-04-24,2,1,6280228.210045295,1839990.8849749805
FIJPq+lOzJdkLMa89a0hC7+5MBs7ydzYGEXwMA==,marina,2025-04-24,1,2,6280940.302324467,1839742.9365762766
FIJPq+lOzJdkLMa89a0hC7+5MBs7ydzYGEXwMA==,marina,2025-04-24,1,1,6280649.0687322775,1839296.0301523437
FIJPq+lOzJdkLMa89a0hC7+5MBs7ydzYGEXwMA==,marina,2025-04-24,1,1,6280239.76535387,1839585.258744588
m/96uQ54qBx2ZOT2pcEC+ZI9oaGFlcRm2E6xaQ==,marina,2025-05-22,1,1,6279443.078080543,1840366.1695152882
m/96uQ54qBx2ZOT2pcEC+ZI9oaGFlcRm2E6xaQ==,marina,2025-05-22,1,1,6279260.503866832,1840194.0563224924
m/96uQ54qBx2ZOT2pcEC+ZI9oaGFlcRm2E6xaQ==,marina,2025-05-22,1,2,6280692.4466983825,1839962.2931170368
m/96uQ54qBx2ZOT2pcEC+ZI9oaGFlcRm2E6xaQ==,marina,2025-05-22,2,1,6281067.352783133,1839571.6323936754
m/96uQ54qBx2ZOT2pcEC+ZI9oaGFlcRm2E6xaQ==,marina,2025-05-22,2,1,6280508.139436187,1839395.2797066744
07yh7BSlRbsJ33JhPAw+LqNeL0T9/sDLHS4Bdw==,marina,2025-06-18,3,1,6279121.335907667,1840445.3727668168
07yh7BSlRbsJ33JhPAw+LqNeL0T9/sDLHS4Bdw==,marina,2025-06-18,1,1,6280113.316276804,1839786.9373799786
07yh7BSlRbsJ33JhPAw+LqNeL0T9/sDLHS4Bdw==,marina,2025-06-18,1,1,6280718.285401716,1839782.6867881885
07yh7BSlRbsJ33JhPAw+LqNeL0T9/sDLHS4Bdw==,marina,2025-06-18,3,1,6281000.925732942,1840185.3557667881
07yh7BSlRbsJ33JhPAw+LqNeL0T9/sDLHS4Bdw==,marina,2025-06-18,2,1,6280766.422098461,1839010.3474836603
07yh7BSlRbsJ33JhPAw+LqNeL0T9/sDLHS4Bdw==,marina,2025-06-18,1,1,6281292.44141912,1840189.0473246998
