image_url,cx,cy,r,type,count
"https://lh3.googleusercontent.com/d/1jyArTiQDY9BBa0FAhhypZce1T-fNWQjX
",283,194,47.0,2,5
"https://lh3.googleusercontent.com/d/1jyArTiQDY9BBa0FAhhypZce1T-fNWQjX
",138,184,37.0,2,"2
"
"https://lh3.googleusercontent.com/d/1jyArTiQDY9BBa0FAhhypZce1T-fNWQjX
",171,248,26.724,1,2
"https://lh3.googleusercontent.com/d/1jyArTiQDY9BBa0FAhhypZce1T-fNWQjX
",154,317,38.0,2,4
"https://lh3.googleusercontent.com/d/1jyArTiQDY9BBa0FAhhypZce1T-fNWQjX
",169,397,28.0,1,
"https://lh3.googleusercontent.com/d/1jyArTiQDY9BBa0FAhhypZce1T-fNWQjX
",161,465,30.0,2,
"https://lh3.googleusercontent.com/d/1Cgrh03QLCkw9DMCEEZ2aLtLk7jvEVu--
",204,246,39.0,2,6
"https://lh3.googleusercontent.com/d/1Cgrh03QLCkw9DMCEEZ2aLtLk7jvEVu--
",285,258,35.0,2,7
"https://lh3.googleusercontent.com/d/1Cgrh03QLCkw9DMCEEZ2aLtLk7jvEVu--
",205,323,31.0,2,4
"https://lh3.googleusercontent.com/d/1Cgrh03QLCkw9DMCEEZ2aLtLk7jvEVu--
",286,366,20.937,2,9
"https://lh3.googleusercontent.com/d/1Cgrh03QLCkw9DMCEEZ2aLtLk7jvEVu--
",302,326,16.0,2,
"https://lh3.googleusercontent.com/d/1Cgrh03QLCkw9DMCEEZ2aLtLk7jvEVu--
",289,204,16.0,1,2
"https://lh3.googleusercontent.com/d/1Cgrh03QLCkw9DMCEEZ2aLtLk7jvEVu--
",211,375,18.0,1,5
"https://lh3.googleusercontent.com/d/1Cgrh03QLCkw9DMCEEZ2aLtLk7jvEVu--
",281,404,16.01,1,3
"https://lh3.googleusercontent.com/d/1Cgrh03QLCkw9DMCEEZ2aLtLk7jvEVu--
",300,437,21.0,2,6
"https://lh3.googleusercontent.com/d/1Cgrh03QLCkw9DMCEEZ2aLtLk7jvEVu--
",310,586,32.0,2,4
"https://lh3.googleusercontent.com/d/1Cgrh03QLCkw9DMCEEZ2aLtLk7jvEVu--
",210,627,40.0,2,4
"https://lh3.googleusercontent.com/d/1Cgrh03QLCkw9DMCEEZ2aLtLk7jvEVu--
",216,731,31.0,2,6
"https://lh3.googleusercontent.com/d/1Cgrh03QLCkw9DMCEEZ2aLtLk7jvEVu--
",213,795,33.0,2,3
"https://lh3.googleusercontent.com/d/1Cgrh03QLCkw9DMCEEZ2aLtLk7jvEVu--
",280,786,27.0,2,8
"https://lh3.googleusercontent.com/d/1Cgrh03QLCkw9DMCEEZ2aLtLk7jvEVu--
",324,798,16.123,1,5
"https://lh3.googleusercontent.com/d/1TyWQNmf84eYNUku3LsLw_1ZEFSln06ni
",137,277,32.517,2,5
"https://lh3.googleusercontent.com/d/1TyWQNmf84eYNUku3LsLw_1ZEFSln06ni
",257,278,20.0,2,
"https://lh3.googleusercontent.com/d/1TyWQNmf84eYNUku3LsLw_1ZEFSln06ni
",152,394,24.0,1,
"https://lh3.googleusercontent.com/d/1TyWQNmf84eYNUku3LsLw_1ZEFSln06ni
",217,455,34.0,2,3
"https://lh3.googleusercontent.com/d/1TyWQNmf84eYNUku3LsLw_1ZEFSln06ni
",286,456,35.0,2,2
"https://lh3.googleusercontent.com/d/1TyWQNmf84eYNUku3LsLw_1ZEFSln06ni
",219,580,31.0,2,
"https://lh3.googleusercontent.com/d/1TyWQNmf84eYNUku3LsLw_1ZEFSln06ni
",273,560,27.0,2,2
"https://lh3.googleusercontent.com/d/1yGft0p4OGsoFZLwl0EKs7jE3S9-gBUsY
",128,278,33.0,2,15
"https://lh3.googleusercontent.com/d/1yGft0p4OGsoFZLwl0EKs7jE3S9-gBUsY
",225,321,31.0,2,4
"https://lh3.googleusercontent.com/d/1yGft0p4OGsoFZLwl0EKs7jE3S9-gBUsY
",218,393,30.0,2,8
"https://lh3.googleusercontent.com/d/1yGft0p4OGsoFZLwl0EKs7jE3S9-gBUsY
",136,359,31.0,2,4
"https://lh3.googleusercontent.com/d/1yGft0p4OGsoFZLwl0EKs7jE3S9-gBUsY
",225,540,35.0,2,6
"https://lh3.googleusercontent.com/d/1yGft0p4OGsoFZLwl0EKs7jE3S9-gBUsY
",233,624,26.0,2,5
"https://lh3.googleusercontent.com/d/1yGft0p4OGsoFZLwl0EKs7jE3S9-gBUsY
",233,676,23.0,1,2
"https://lh3.googleusercontent.com/d/1fddAJm9SWK1Mspt9kXkNrrKEiKP7U1Jf
",207,283,31.0,2,2
"https://lh3.googleusercontent.com/d/1fddAJm9SWK1Mspt9kXkNrrKEiKP7U1Jf
",228,460,33.0,2,3
"https://lh3.googleusercontent.com/d/1fddAJm9SWK1Mspt9kXkNrrKEiKP7U1Jf
",227,560,41.0,2,5
"https://lh3.googleusercontent.com/d/1FGgpJGx8Y6ZPkXuynCU0Y3f58jfNm6MD
",223,279,27.084,2,6
"https://lh3.googleusercontent.com/d/1FGgpJGx8Y6ZPkXuynCU0Y3f58jfNm6MD
",215,347,25.623,1,4
"https://lh3.googleusercontent.com/d/1FGgpJGx8Y6ZPkXuynCU0Y3f58jfNm6MD
",236,623,32.771,2,2
"https://lh3.googleusercontent.com/d/1FGgpJGx8Y6ZPkXuynCU0Y3f58jfNm6MD
",231,769,33.232,2,"10
"
"https://lh3.googleusercontent.com/d/1DmfNAtY-hU9jTEhbdGFNHgjOkm1aVueS
",275,76,25.0,2,3
"https://lh3.googleusercontent.com/d/1DmfNAtY-hU9jTEhbdGFNHgjOkm1aVueS
",96,215,20.0,1,
"https://lh3.googleusercontent.com/d/1DmfNAtY-hU9jTEhbdGFNHgjOkm1aVueS
",138,217,28.0,2,4
"https://lh3.googleusercontent.com/d/1DmfNAtY-hU9jTEhbdGFNHgjOkm1aVueS
",111,434,21.0,3,2
"https://lh3.googleusercontent.com/d/1DmfNAtY-hU9jTEhbdGFNHgjOkm1aVueS
",92,490,20.0,2,5
"https://lh3.googleusercontent.com/d/1DmfNAtY-hU9jTEhbdGFNHgjOkm1aVueS
",87,534,15.0,1,
"https://lh3.googleusercontent.com/d/1DmfNAtY-hU9jTEhbdGFNHgjOkm1aVueS
",133,528,22.0,3,2
"https://lh3.googleusercontent.com/d/1DmfNAtY-hU9jTEhbdGFNHgjOkm1aVueS
",137,670,22.0,1,
"https://lh3.googleusercontent.com/d/1lRP3cA22bQfaXDwmrohyLn-IceymveVQ
",256,225,31.0,2,15
"https://lh3.googleusercontent.com/d/1lRP3cA22bQfaXDwmrohyLn-IceymveVQ
",401,127,21.0,2,3
"https://lh3.googleusercontent.com/d/1lRP3cA22bQfaXDwmrohyLn-IceymveVQ
",450,127,22.0,3,
"https://lh3.googleusercontent.com/d/1lRP3cA22bQfaXDwmrohyLn-IceymveVQ
",513,127,20.0,2,2
"https://lh3.googleusercontent.com/d/1lRP3cA22bQfaXDwmrohyLn-IceymveVQ
",268,307,19.0,2,3
"https://lh3.googleusercontent.com/d/1lRP3cA22bQfaXDwmrohyLn-IceymveVQ
",327,339,18.0,1,
"https://lh3.googleusercontent.com/d/1lRP3cA22bQfaXDwmrohyLn-IceymveVQ
",266,389,19.585,1,
"https://lh3.googleusercontent.com/d/1lRP3cA22bQfaXDwmrohyLn-IceymveVQ
",273,443,25.0,2,9
"https://lh3.googleusercontent.com/d/1lRP3cA22bQfaXDwmrohyLn-IceymveVQ
",237,503,14.0,1,
"https://lh3.googleusercontent.com/d/1lRP3cA22bQfaXDwmrohyLn-IceymveVQ
",267,525,17.0,1,
"https://lh3.googleusercontent.com/d/1lRP3cA22bQfaXDwmrohyLn-IceymveVQ
",248,565,22.0,2,8
"https://lh3.googleusercontent.com/d/1lRP3cA22bQfaXDwmrohyLn-IceymveVQ
",290,567,20.0,3,
"https://lh3.googleusercontent.com/d/1lRP3cA22bQfaXDwmrohyLn-IceymveVQ
",279,632,24.0,3,3
"https://lh3.googleusercontent.com/d/1lRP3cA22bQfaXDwmrohyLn-IceymveVQ
",290,692,22.0,2,3
"https://lh3.googleusercontent.com/d/1lRP3cA22bQfaXDwmrohyLn-IceymveVQ
",286,748,16.0,1,
"https://lh3.googleusercontent.com/d/1lwDj3KgElYbZw1_aREvtYWiLED4Wug7a
",221,193,21.0,2,
"https://lh3.googleusercontent.com/d/1lwDj3KgElYbZw1_aREvtYWiLED4Wug7a
",170,495,38.0,2,13
"https://lh3.googleusercontent.com/d/1lwDj3KgElYbZw1_aREvtYWiLED4Wug7a
",168,613,32.0,2,4
"https://lh3.googleusercontent.com/d/1lwDj3KgElYbZw1_aREvtYWiLED4Wug7a
",213,622,23.862,1,
"https://lh3.googleusercontent.com/d/1lwDj3KgElYbZw1_aREvtYWiLED4Wug7a
",195,677,28.0,3,2
"https://lh3.googleusercontent.com/d/1lwDj3KgElYbZw1_aREvtYWiLED4Wug7a
",152,894,24.0,1,10
"https://lh3.googleusercontent.com/d/1lwDj3KgElYbZw1_aREvtYWiLED4Wug7a
",244,889,25.0,1,7
"https://lh3.googleusercontent.com/d/1lwDj3KgElYbZw1_aREvtYWiLED4Wug7a
",154,942,27.0,2,15
"https://lh3.googleusercontent.com/d/1lwDj3KgElYbZw1_aREvtYWiLED4Wug7a
",242,942,28.0,2,
"https://lh3.googleusercontent.com/d/1gyiPdHHps-Dwz7_B648tAq0-gYeyN-oS
",333,144,30.0,2,2
"https://lh3.googleusercontent.com/d/1gyiPdHHps-Dwz7_B648tAq0-gYeyN-oS
",166,214,30.188,1,
"https://lh3.googleusercontent.com/d/1gyiPdHHps-Dwz7_B648tAq0-gYeyN-oS
",200,268,26.845,1,2
"https://lh3.googleusercontent.com/d/1gyiPdHHps-Dwz7_B648tAq0-gYeyN-oS
",157,337,27.001,1,
"https://lh3.googleusercontent.com/d/1gyiPdHHps-Dwz7_B648tAq0-gYeyN-oS
",201,336,28.663,2,3
"https://lh3.googleusercontent.com/d/1gyiPdHHps-Dwz7_B648tAq0-gYeyN-oS
",213,414,27.617,2,7
"https://lh3.googleusercontent.com/d/1gyiPdHHps-Dwz7_B648tAq0-gYeyN-oS
",162,476,28.516,2,3
"https://lh3.googleusercontent.com/d/1gyiPdHHps-Dwz7_B648tAq0-gYeyN-oS
",214,479,28.516,2,8
"https://lh3.googleusercontent.com/d/1gyiPdHHps-Dwz7_B648tAq0-gYeyN-oS
",167,558,28.516,2,2
"https://lh3.googleusercontent.com/d/1gyiPdHHps-Dwz7_B648tAq0-gYeyN-oS
",213,560,28.516,3,
"https://lh3.googleusercontent.com/d/1gyiPdHHps-Dwz7_B648tAq0-gYeyN-oS
",201,682,28.516,2,15
"https://lh3.googleusercontent.com/d/1gyiPdHHps-Dwz7_B648tAq0-gYeyN-oS
",169,414,28.516,2,
"https://lh3.googleusercontent.com/d/1gyiPdHHps-Dwz7_B648tAq0-gYeyN-oS
",177,797,33.0,2,13
"https://lh3.googleusercontent.com/d/1gyiPdHHps-Dwz7_B648tAq0-gYeyN-oS
",249,962,28.0,1,1
"https://lh3.googleusercontent.com/d/1gyiPdHHps-Dwz7_B648tAq0-gYeyN-oS
",185,894,28.0,1,3
"https://lh3.googleusercontent.com/d/1VaJR0pUd8WtM6aqWRee4zdvv6wM16M5X
",414,160,38.454,2,"4
"
"https://lh3.googleusercontent.com/d/1VaJR0pUd8WtM6aqWRee4zdvv6wM16M5X
",737,163,38.454,2,2
"https://lh3.googleusercontent.com/d/1VaJR0pUd8WtM6aqWRee4zdvv6wM16M5X
",180,274,28.867,2,4
"https://lh3.googleusercontent.com/d/1VaJR0pUd8WtM6aqWRee4zdvv6wM16M5X
",222,279,22.0,1,
"https://lh3.googleusercontent.com/d/1VaJR0pUd8WtM6aqWRee4zdvv6wM16M5X
",222,376,21.0,3,2
"https://lh3.googleusercontent.com/d/1VaJR0pUd8WtM6aqWRee4zdvv6wM16M5X
",211,420,24.0,2,4
"https://lh3.googleusercontent.com/d/1VaJR0pUd8WtM6aqWRee4zdvv6wM16M5X
",167,425,20.0,1,3
"https://lh3.googleusercontent.com/d/1VaJR0pUd8WtM6aqWRee4zdvv6wM16M5X
",212,476,26.0,2,6
"https://lh3.googleusercontent.com/d/1VaJR0pUd8WtM6aqWRee4zdvv6wM16M5X
",215,542,21.0,3,
"https://lh3.googleusercontent.com/d/1VaJR0pUd8WtM6aqWRee4zdvv6wM16M5X
",168,558,26.0,2,4
"https://lh3.googleusercontent.com/d/1VaJR0pUd8WtM6aqWRee4zdvv6wM16M5X
",224,610,23.0,3,2
"https://lh3.googleusercontent.com/d/1VaJR0pUd8WtM6aqWRee4zdvv6wM16M5X
",178,638,26.0,2,10
"https://lh3.googleusercontent.com/d/1VaJR0pUd8WtM6aqWRee4zdvv6wM16M5X
",221,754,27.0,2,8
"https://lh3.googleusercontent.com/d/1VaJR0pUd8WtM6aqWRee4zdvv6wM16M5X
",183,833,32.0,2,20
"https://lh3.googleusercontent.com/d/18Mo8vM17ThuBN32Kwz-gvgE9vnsGa3Ox
",172,166,38.0,2,12
"https://lh3.googleusercontent.com/d/18Mo8vM17ThuBN32Kwz-gvgE9vnsGa3Ox
",172,166,38.0,2,12
"https://lh3.googleusercontent.com/d/18Mo8vM17ThuBN32Kwz-gvgE9vnsGa3Ox
",165,274,23.339,2,3
"https://lh3.googleusercontent.com/d/18Mo8vM17ThuBN32Kwz-gvgE9vnsGa3Ox
",172,166,38.0,2,12
"https://lh3.googleusercontent.com/d/18Mo8vM17ThuBN32Kwz-gvgE9vnsGa3Ox
",208,280,18.879,1,2
"https://lh3.googleusercontent.com/d/18Mo8vM17ThuBN32Kwz-gvgE9vnsGa3Ox
",167,327,32.0,2,5
"https://lh3.googleusercontent.com/d/18Mo8vM17ThuBN32Kwz-gvgE9vnsGa3Ox
",207,375,30.0,3,2
"https://lh3.googleusercontent.com/d/18Mo8vM17ThuBN32Kwz-gvgE9vnsGa3Ox
",175,421,24.0,3,
"https://lh3.googleusercontent.com/d/18Mo8vM17ThuBN32Kwz-gvgE9vnsGa3Ox
",177,470,26.0,2,6
"https://lh3.googleusercontent.com/d/18Mo8vM17ThuBN32Kwz-gvgE9vnsGa3Ox
",186,616,26.0,2,2
"https://lh3.googleusercontent.com/d/18Mo8vM17ThuBN32Kwz-gvgE9vnsGa3Ox
",217,754,30.0,2,6
"https://lh3.googleusercontent.com/d/12L-mO46Sr2iOdXObVoby-0rDcjCa8dto
",224,409,14.0,1,2
"https://lh3.googleusercontent.com/d/12L-mO46Sr2iOdXObVoby-0rDcjCa8dto
",304,321,15.0,1,3
"https://lh3.googleusercontent.com/d/12L-mO46Sr2iOdXObVoby-0rDcjCa8dto
",365,325,14.0,1,
"https://lh3.googleusercontent.com/d/12L-mO46Sr2iOdXObVoby-0rDcjCa8dto
",329,495,14.0,1,
"https://lh3.googleusercontent.com/d/12L-mO46Sr2iOdXObVoby-0rDcjCa8dto
",256,445,23.0,2,2
"https://lh3.googleusercontent.com/d/12L-mO46Sr2iOdXObVoby-0rDcjCa8dto
",713,320,15.0,1,
"https://lh3.googleusercontent.com/d/12L-mO46Sr2iOdXObVoby-0rDcjCa8dto
",670,454,14.0,1,
"https://lh3.googleusercontent.com/d/12L-mO46Sr2iOdXObVoby-0rDcjCa8dto
",544,495,17.0,1,
"https://lh3.googleusercontent.com/d/12L-mO46Sr2iOdXObVoby-0rDcjCa8dto
",567,688,16.0,1,
"https://lh3.googleusercontent.com/d/12L-mO46Sr2iOdXObVoby-0rDcjCa8dto
",628,689,13.0,1,
"https://lh3.googleusercontent.com/d/12L-mO46Sr2iOdXObVoby-0rDcjCa8dto
",766,732,13.0,1,
"https://lh3.googleusercontent.com/d/12L-mO46Sr2iOdXObVoby-0rDcjCa8dto
",712,609,19.0,1,9
"https://lh3.googleusercontent.com/d/12L-mO46Sr2iOdXObVoby-0rDcjCa8dto
",765,556,25.0,1,14
"https://lh3.googleusercontent.com/d/12L-mO46Sr2iOdXObVoby-0rDcjCa8dto
",760,599,19.0,2,
"https://lh3.googleusercontent.com/d/12L-mO46Sr2iOdXObVoby-0rDcjCa8dto
",715,554,20.0,2,
"https://lh3.googleusercontent.com/d/12L-mO46Sr2iOdXObVoby-0rDcjCa8dto
",819,344,17.0,1,5
"https://lh3.googleusercontent.com/d/12L-mO46Sr2iOdXObVoby-0rDcjCa8dto
",1070,302,13.0,1,2
"https://lh3.googleusercontent.com/d/12L-mO46Sr2iOdXObVoby-0rDcjCa8dto
",1021,346,15.0,1,
"https://lh3.googleusercontent.com/d/12L-mO46Sr2iOdXObVoby-0rDcjCa8dto
",975,462,14.0,1,
"https://lh3.googleusercontent.com/d/12L-mO46Sr2iOdXObVoby-0rDcjCa8dto
",948,501,14.0,1,
"https://lh3.googleusercontent.com/d/12L-mO46Sr2iOdXObVoby-0rDcjCa8dto
",1020,458,14.0,1,2
"https://lh3.googleusercontent.com/d/12L-mO46Sr2iOdXObVoby-0rDcjCa8dto
",1127,546,13.0,1,
"https://lh3.googleusercontent.com/d/12L-mO46Sr2iOdXObVoby-0rDcjCa8dto
",1072,620,13.0,1,
"https://lh3.googleusercontent.com/d/12L-mO46Sr2iOdXObVoby-0rDcjCa8dto
",935,676,18.0,1,3
"https://lh3.googleusercontent.com/d/12L-mO46Sr2iOdXObVoby-0rDcjCa8dto
",1019,793,13.0,1,
"https://lh3.googleusercontent.com/d/12L-mO46Sr2iOdXObVoby-0rDcjCa8dto
",962,832,20.0,1,6
"https://lh3.googleusercontent.com/d/12L-mO46Sr2iOdXObVoby-0rDcjCa8dto
",829,861,18.0,1,2
"https://lh3.googleusercontent.com/d/12L-mO46Sr2iOdXObVoby-0rDcjCa8dto
",836,947,25.0,1,10
"https://lh3.googleusercontent.com/d/12L-mO46Sr2iOdXObVoby-0rDcjCa8dto
",902,984,15.0,1,3
"https://lh3.googleusercontent.com/d/12L-mO46Sr2iOdXObVoby-0rDcjCa8dto
",938,983,17.0,2,
"https://lh3.googleusercontent.com/d/12L-mO46Sr2iOdXObVoby-0rDcjCa8dto
",1011,966,16.0,1,4
"https://lh3.googleusercontent.com/d/12L-mO46Sr2iOdXObVoby-0rDcjCa8dto
",1060,916,27.0,1,13
"https://lh3.googleusercontent.com/d/12L-mO46Sr2iOdXObVoby-0rDcjCa8dto
",1138,935,23.232,3,
"https://lh3.googleusercontent.com/d/12L-mO46Sr2iOdXObVoby-0rDcjCa8dto
",1022,838,21.0,3,
"https://lh3.googleusercontent.com/d/12L-mO46Sr2iOdXObVoby-0rDcjCa8dto
",1188,940,19.0,1,3
"https://lh3.googleusercontent.com/d/12L-mO46Sr2iOdXObVoby-0rDcjCa8dto
",1343,950,21.0,1,5
"https://lh3.googleusercontent.com/d/12L-mO46Sr2iOdXObVoby-0rDcjCa8dto
",1339,849,34.0,1,30
"https://lh3.googleusercontent.com/d/12L-mO46Sr2iOdXObVoby-0rDcjCa8dto
",1396,840,19.0,1,6
"https://lh3.googleusercontent.com/d/12L-mO46Sr2iOdXObVoby-0rDcjCa8dto
",1347,785,30.0,2,24
"https://lh3.googleusercontent.com/d/12L-mO46Sr2iOdXObVoby-0rDcjCa8dto
",1455,743,23.0,2,2
"https://lh3.googleusercontent.com/d/12L-mO46Sr2iOdXObVoby-0rDcjCa8dto
",1393,725,25.0,2,9
"https://lh3.googleusercontent.com/d/12L-mO46Sr2iOdXObVoby-0rDcjCa8dto
",1456,651,27.0,2,3
"https://lh3.googleusercontent.com/d/12L-mO46Sr2iOdXObVoby-0rDcjCa8dto
",1349,683,17.0,2,
"https://lh3.googleusercontent.com/d/12L-mO46Sr2iOdXObVoby-0rDcjCa8dto
",1304,679,14.0,1,2
"https://lh3.googleusercontent.com/d/12L-mO46Sr2iOdXObVoby-0rDcjCa8dto
",1197,679,18.0,1,6
"https://lh3.googleusercontent.com/d/12L-mO46Sr2iOdXObVoby-0rDcjCa8dto
",1294,761,17.0,1,4
"https://lh3.googleusercontent.com/d/12L-mO46Sr2iOdXObVoby-0rDcjCa8dto
",1241,767,16.0,1,
"https://lh3.googleusercontent.com/d/12L-mO46Sr2iOdXObVoby-0rDcjCa8dto
",1248,589,23.0,2,3
"https://lh3.googleusercontent.com/d/12L-mO46Sr2iOdXObVoby-0rDcjCa8dto
",1198,582,17.0,1,5
"https://lh3.googleusercontent.com/d/12L-mO46Sr2iOdXObVoby-0rDcjCa8dto
",1414,599,15.0,1,5
"https://lh3.googleusercontent.com/d/12L-mO46Sr2iOdXObVoby-0rDcjCa8dto
",1352,589,16.0,1,7
"https://lh3.googleusercontent.com/d/12L-mO46Sr2iOdXObVoby-0rDcjCa8dto
",1316,552,15.0,1,3
"https://lh3.googleusercontent.com/d/12L-mO46Sr2iOdXObVoby-0rDcjCa8dto
",1405,559,23.0,2,12
"https://lh3.googleusercontent.com/d/12L-mO46Sr2iOdXObVoby-0rDcjCa8dto
",1322,510,14.0,1,2
"https://lh3.googleusercontent.com/d/12L-mO46Sr2iOdXObVoby-0rDcjCa8dto
",1226,510,16.0,1,2
"https://lh3.googleusercontent.com/d/12L-mO46Sr2iOdXObVoby-0rDcjCa8dto
",1355,500,12.0,1,
"https://lh3.googleusercontent.com/d/12L-mO46Sr2iOdXObVoby-0rDcjCa8dto
",1295,455,11.0,1,
"https://lh3.googleusercontent.com/d/12L-mO46Sr2iOdXObVoby-0rDcjCa8dto
",1324,431,13.0,1,
"https://lh3.googleusercontent.com/d/12L-mO46Sr2iOdXObVoby-0rDcjCa8dto
",1258,378,13.0,1,
"https://lh3.googleusercontent.com/d/12L-mO46Sr2iOdXObVoby-0rDcjCa8dto
",1195,366,18.0,1,4
"https://lh3.googleusercontent.com/d/12L-mO46Sr2iOdXObVoby-0rDcjCa8dto
",1206,305,15.0,1,2
"https://lh3.googleusercontent.com/d/12L-mO46Sr2iOdXObVoby-0rDcjCa8dto
",1358,361,13.0,1,3
"https://lh3.googleusercontent.com/d/12L-mO46Sr2iOdXObVoby-0rDcjCa8dto
",1327,385,15.0,1,3
"https://lh3.googleusercontent.com/d/12L-mO46Sr2iOdXObVoby-0rDcjCa8dto
",1251,323,29.0,2,5
"https://lh3.googleusercontent.com/d/1PHaCjgUX2bB0u30cCskddBxrMf8oZhE2
",421,331,12.0,1,
"https://lh3.googleusercontent.com/d/1PHaCjgUX2bB0u30cCskddBxrMf8oZhE2
",353,418,14.0,1,2
"https://lh3.googleusercontent.com/d/1PHaCjgUX2bB0u30cCskddBxrMf8oZhE2
",549,313,15.0,1,2
"https://lh3.googleusercontent.com/d/1PHaCjgUX2bB0u30cCskddBxrMf8oZhE2
",601,312,17.0,1,2
"https://lh3.googleusercontent.com/d/1PHaCjgUX2bB0u30cCskddBxrMf8oZhE2
",425,368,17.0,2,
"https://lh3.googleusercontent.com/d/1PHaCjgUX2bB0u30cCskddBxrMf8oZhE2
",428,421,17.0,2,
"https://lh3.googleusercontent.com/d/1PHaCjgUX2bB0u30cCskddBxrMf8oZhE2
",376,457,22.0,2,3
"https://lh3.googleusercontent.com/d/1PHaCjgUX2bB0u30cCskddBxrMf8oZhE2
",361,581,12.0,1,
"https://lh3.googleusercontent.com/d/1PHaCjgUX2bB0u30cCskddBxrMf8oZhE2
",572,885,15.0,1,8
"https://lh3.googleusercontent.com/d/1PHaCjgUX2bB0u30cCskddBxrMf8oZhE2
",684,839,12.0,1,
"https://lh3.googleusercontent.com/d/1PHaCjgUX2bB0u30cCskddBxrMf8oZhE2
",715,752,13.0,1,
"https://lh3.googleusercontent.com/d/1PHaCjgUX2bB0u30cCskddBxrMf8oZhE2
",815,770,15.0,1,2
"https://lh3.googleusercontent.com/d/1PHaCjgUX2bB0u30cCskddBxrMf8oZhE2
",824,838,15.0,1,3
"https://lh3.googleusercontent.com/d/1PHaCjgUX2bB0u30cCskddBxrMf8oZhE2
",670,689,11.0,1,
"https://lh3.googleusercontent.com/d/1PHaCjgUX2bB0u30cCskddBxrMf8oZhE2
",796,683,12.0,1,
"https://lh3.googleusercontent.com/d/1PHaCjgUX2bB0u30cCskddBxrMf8oZhE2
",821,630,12.0,1,2
"https://lh3.googleusercontent.com/d/1PHaCjgUX2bB0u30cCskddBxrMf8oZhE2
",777,596,14.0,1,2
"https://lh3.googleusercontent.com/d/1PHaCjgUX2bB0u30cCskddBxrMf8oZhE2
",780,521,12.0,1,
"https://lh3.googleusercontent.com/d/1PHaCjgUX2bB0u30cCskddBxrMf8oZhE2
",815,545,19.0,1,16
"https://lh3.googleusercontent.com/d/1PHaCjgUX2bB0u30cCskddBxrMf8oZhE2
",803,578,16.0,2,
"https://lh3.googleusercontent.com/d/1PHaCjgUX2bB0u30cCskddBxrMf8oZhE2
",1139,318,12.0,1,
"https://lh3.googleusercontent.com/d/1PHaCjgUX2bB0u30cCskddBxrMf8oZhE2
",1140,364,16.0,2,
"https://lh3.googleusercontent.com/d/1PHaCjgUX2bB0u30cCskddBxrMf8oZhE2
",992,340,16.0,1,4
"https://lh3.googleusercontent.com/d/1PHaCjgUX2bB0u30cCskddBxrMf8oZhE2
",882,419,15.0,1,3
"https://lh3.googleusercontent.com/d/1PHaCjgUX2bB0u30cCskddBxrMf8oZhE2
",967,418,13.0,1,2
"https://lh3.googleusercontent.com/d/1PHaCjgUX2bB0u30cCskddBxrMf8oZhE2
",1061,420,13.0,1,
"https://lh3.googleusercontent.com/d/1PHaCjgUX2bB0u30cCskddBxrMf8oZhE2
",968,522,11.0,1,
"https://lh3.googleusercontent.com/d/1PHaCjgUX2bB0u30cCskddBxrMf8oZhE2
",1055,521,12.0,1,
"https://lh3.googleusercontent.com/d/1PHaCjgUX2bB0u30cCskddBxrMf8oZhE2
",1146,578,10.0,1,
"https://lh3.googleusercontent.com/d/1PHaCjgUX2bB0u30cCskddBxrMf8oZhE2
",950,566,12.0,1,
"https://lh3.googleusercontent.com/d/1PHaCjgUX2bB0u30cCskddBxrMf8oZhE2
",884,585,11.0,1,
"https://lh3.googleusercontent.com/d/1PHaCjgUX2bB0u30cCskddBxrMf8oZhE2
",909,548,16.0,1,2
"https://lh3.googleusercontent.com/d/1PHaCjgUX2bB0u30cCskddBxrMf8oZhE2
",1075,578,14.0,1,2
"https://lh3.googleusercontent.com/d/1PHaCjgUX2bB0u30cCskddBxrMf8oZhE2
",993,663,14.0,1,2
"https://lh3.googleusercontent.com/d/1PHaCjgUX2bB0u30cCskddBxrMf8oZhE2
",929,684,11.0,1,
"https://lh3.googleusercontent.com/d/1PHaCjgUX2bB0u30cCskddBxrMf8oZhE2
",876,783,13.0,1,
"https://lh3.googleusercontent.com/d/1PHaCjgUX2bB0u30cCskddBxrMf8oZhE2
",987,712,21.0,3,
"https://lh3.googleusercontent.com/d/1PHaCjgUX2bB0u30cCskddBxrMf8oZhE2
",995,757,21.0,1,6
"https://lh3.googleusercontent.com/d/1PHaCjgUX2bB0u30cCskddBxrMf8oZhE2
",981,840,15.0,1,8
"https://lh3.googleusercontent.com/d/1PHaCjgUX2bB0u30cCskddBxrMf8oZhE2
",893,872,14.0,1,6
"https://lh3.googleusercontent.com/d/1PHaCjgUX2bB0u30cCskddBxrMf8oZhE2
",950,888,13.0,1,
"https://lh3.googleusercontent.com/d/1PHaCjgUX2bB0u30cCskddBxrMf8oZhE2
",1041,852,20.0,1,9
"https://lh3.googleusercontent.com/d/1PHaCjgUX2bB0u30cCskddBxrMf8oZhE2
",1078,654,12.0,1,2
"https://lh3.googleusercontent.com/d/1PHaCjgUX2bB0u30cCskddBxrMf8oZhE2
",1079,892,17.0,3,
"https://lh3.googleusercontent.com/d/1PHaCjgUX2bB0u30cCskddBxrMf8oZhE2
",1110,893,15.0,1,2
"https://lh3.googleusercontent.com/d/1PHaCjgUX2bB0u30cCskddBxrMf8oZhE2
",1147,854,14.0,1,4
"https://lh3.googleusercontent.com/d/1PHaCjgUX2bB0u30cCskddBxrMf8oZhE2
",1110,835,20.0,1,12
"https://lh3.googleusercontent.com/d/1PHaCjgUX2bB0u30cCskddBxrMf8oZhE2
",1171,786,15.0,1,
"https://lh3.googleusercontent.com/d/1PHaCjgUX2bB0u30cCskddBxrMf8oZhE2
",1192,857,17.0,3,
"https://lh3.googleusercontent.com/d/1PHaCjgUX2bB0u30cCskddBxrMf8oZhE2
",1216,834,15.0,3,
"https://lh3.googleusercontent.com/d/1PHaCjgUX2bB0u30cCskddBxrMf8oZhE2
",1327,868,19.0,1,3
"https://lh3.googleusercontent.com/d/1PHaCjgUX2bB0u30cCskddBxrMf8oZhE2
",1280,867,13.0,1,
"https://lh3.googleusercontent.com/d/1PHaCjgUX2bB0u30cCskddBxrMf8oZhE2
",1303,794,17.0,1,5
"https://lh3.googleusercontent.com/d/1PHaCjgUX2bB0u30cCskddBxrMf8oZhE2
",1278,739,16.0,1,8
"https://lh3.googleusercontent.com/d/1PHaCjgUX2bB0u30cCskddBxrMf8oZhE2
",1375,756,16.0,1,8
"https://lh3.googleusercontent.com/d/1PHaCjgUX2bB0u30cCskddBxrMf8oZhE2
",1320,722,18.0,2,
"https://lh3.googleusercontent.com/d/1PHaCjgUX2bB0u30cCskddBxrMf8oZhE2
",1221,710,19.0,1,3
"https://lh3.googleusercontent.com/d/1PHaCjgUX2bB0u30cCskddBxrMf8oZhE2
",1207,635,19.0,2,
"https://lh3.googleusercontent.com/d/1PHaCjgUX2bB0u30cCskddBxrMf8oZhE2
",1282,632,16.0,2,
"https://lh3.googleusercontent.com/d/1PHaCjgUX2bB0u30cCskddBxrMf8oZhE2
",1321,676,22.0,1,26
"https://lh3.googleusercontent.com/d/1PHaCjgUX2bB0u30cCskddBxrMf8oZhE2
",1368,643,24.0,2,7
"https://lh3.googleusercontent.com/d/1PHaCjgUX2bB0u30cCskddBxrMf8oZhE2
",1191,557,13.0,1,2
"https://lh3.googleusercontent.com/d/1PHaCjgUX2bB0u30cCskddBxrMf8oZhE2
",1235,550,18.0,2,3
"https://lh3.googleusercontent.com/d/1PHaCjgUX2bB0u30cCskddBxrMf8oZhE2
",1278,553,15.0,2,
"https://lh3.googleusercontent.com/d/1PHaCjgUX2bB0u30cCskddBxrMf8oZhE2
",1323,560,24.0,2,2
"https://lh3.googleusercontent.com/d/1PHaCjgUX2bB0u30cCskddBxrMf8oZhE2
",1299,586,15.0,1,4
"https://lh3.googleusercontent.com/d/1PHaCjgUX2bB0u30cCskddBxrMf8oZhE2
",1323,525,14.0,1,5
"https://lh3.googleusercontent.com/d/1PHaCjgUX2bB0u30cCskddBxrMf8oZhE2
",1294,521,11.0,1,
"https://lh3.googleusercontent.com/d/1PHaCjgUX2bB0u30cCskddBxrMf8oZhE2
",1376,537,22.0,2,5
"https://lh3.googleusercontent.com/d/1PHaCjgUX2bB0u30cCskddBxrMf8oZhE2
",1366,514,14.0,1,2
"https://lh3.googleusercontent.com/d/1PHaCjgUX2bB0u30cCskddBxrMf8oZhE2
",1214,481,17.0,1,2
"https://lh3.googleusercontent.com/d/1PHaCjgUX2bB0u30cCskddBxrMf8oZhE2
",1235,444,13.0,1,
"https://lh3.googleusercontent.com/d/1PHaCjgUX2bB0u30cCskddBxrMf8oZhE2
",1301,420,13.0,1,
"https://lh3.googleusercontent.com/d/1PHaCjgUX2bB0u30cCskddBxrMf8oZhE2
",1369,460,16.0,2,
"https://lh3.googleusercontent.com/d/1PHaCjgUX2bB0u30cCskddBxrMf8oZhE2
",1369,427,16.0,1,4
"https://lh3.googleusercontent.com/d/1PHaCjgUX2bB0u30cCskddBxrMf8oZhE2
",1190,365,15.0,2,
"https://lh3.googleusercontent.com/d/1PHaCjgUX2bB0u30cCskddBxrMf8oZhE2
",1191,327,15.0,1,4
"https://lh3.googleusercontent.com/d/1PHaCjgUX2bB0u30cCskddBxrMf8oZhE2
",1230,341,17.0,1,3
"https://lh3.googleusercontent.com/d/1PHaCjgUX2bB0u30cCskddBxrMf8oZhE2
",1280,362,14.0,1,2
"https://lh3.googleusercontent.com/d/1PHaCjgUX2bB0u30cCskddBxrMf8oZhE2
",1285,322,24.0,2,3
"https://lh3.googleusercontent.com/d/1dbcUQD56dmT59w5czuQAluToLr0tbCfm
",1355,344,15.0,1,
"https://lh3.googleusercontent.com/d/1dbcUQD56dmT59w5czuQAluToLr0tbCfm
",1389,392,21.0,1,2
"https://lh3.googleusercontent.com/d/1dbcUQD56dmT59w5czuQAluToLr0tbCfm
",1267,344,25.0,2,3
"https://lh3.googleusercontent.com/d/1dbcUQD56dmT59w5czuQAluToLr0tbCfm
",1266,390,18.0,1,5
"https://lh3.googleusercontent.com/d/1dbcUQD56dmT59w5czuQAluToLr0tbCfm
",1212,357,23.0,2,2
"https://lh3.googleusercontent.com/d/1dbcUQD56dmT59w5czuQAluToLr0tbCfm
",1168,364,21.0,2,
"https://lh3.googleusercontent.com/d/1dbcUQD56dmT59w5czuQAluToLr0tbCfm
",1119,344,18.0,2,
"https://lh3.googleusercontent.com/d/1dbcUQD56dmT59w5czuQAluToLr0tbCfm
",1192,404,15.0,1,
"https://lh3.googleusercontent.com/d/1dbcUQD56dmT59w5czuQAluToLr0tbCfm
",1121,396,16.0,1,7
"https://lh3.googleusercontent.com/d/1dbcUQD56dmT59w5czuQAluToLr0tbCfm
",1363,474,18.0,1,4
"https://lh3.googleusercontent.com/d/1dbcUQD56dmT59w5czuQAluToLr0tbCfm
",1310,476,15.0,1,
"https://lh3.googleusercontent.com/d/1dbcUQD56dmT59w5czuQAluToLr0tbCfm
",1169,481,18.0,1,2
"https://lh3.googleusercontent.com/d/1dbcUQD56dmT59w5czuQAluToLr0tbCfm
",1009,472,19.0,1,3
"https://lh3.googleusercontent.com/d/1dbcUQD56dmT59w5czuQAluToLr0tbCfm
",1355,555,16.0,1,2
"https://lh3.googleusercontent.com/d/1dbcUQD56dmT59w5czuQAluToLr0tbCfm
",1370,581,17.0,1,8
"https://lh3.googleusercontent.com/d/1dbcUQD56dmT59w5czuQAluToLr0tbCfm
",1339,582,16.0,2,
"https://lh3.googleusercontent.com/d/1dbcUQD56dmT59w5czuQAluToLr0tbCfm
",1302,611,29.0,2,2
"https://lh3.googleusercontent.com/d/1dbcUQD56dmT59w5czuQAluToLr0tbCfm
",1259,559,14.0,1,
"https://lh3.googleusercontent.com/d/1dbcUQD56dmT59w5czuQAluToLr0tbCfm
",1200,559,15.0,2,
"https://lh3.googleusercontent.com/d/1dbcUQD56dmT59w5czuQAluToLr0tbCfm
",1218,591,15.0,1,5
"https://lh3.googleusercontent.com/d/1dbcUQD56dmT59w5czuQAluToLr0tbCfm
",1173,559,14.0,1,
"https://lh3.googleusercontent.com/d/1dbcUQD56dmT59w5czuQAluToLr0tbCfm
",1173,618,16.0,1,3
"https://lh3.googleusercontent.com/d/1dbcUQD56dmT59w5czuQAluToLr0tbCfm
",1202,620,17.0,3,
"https://lh3.googleusercontent.com/d/1dbcUQD56dmT59w5czuQAluToLr0tbCfm
",1111,563,12.0,1,
"https://lh3.googleusercontent.com/d/1dbcUQD56dmT59w5czuQAluToLr0tbCfm
",1110,615,30.0,2,2
"https://lh3.googleusercontent.com/d/1dbcUQD56dmT59w5czuQAluToLr0tbCfm
",1038,614,20.0,2,
"https://lh3.googleusercontent.com/d/1dbcUQD56dmT59w5czuQAluToLr0tbCfm
",1014,611,17.0,1,2
"https://lh3.googleusercontent.com/d/1dbcUQD56dmT59w5czuQAluToLr0tbCfm
",1084,677,22.0,1,3
"https://lh3.googleusercontent.com/d/1dbcUQD56dmT59w5czuQAluToLr0tbCfm
",1265,682,19.0,1,5
"https://lh3.googleusercontent.com/d/1dbcUQD56dmT59w5czuQAluToLr0tbCfm
",1309,736,29.0,2,3
"https://lh3.googleusercontent.com/d/1dbcUQD56dmT59w5czuQAluToLr0tbCfm
",1363,828,21.0,2,7
"https://lh3.googleusercontent.com/d/1dbcUQD56dmT59w5czuQAluToLr0tbCfm
",1312,811,30.0,1,10
"https://lh3.googleusercontent.com/d/1dbcUQD56dmT59w5czuQAluToLr0tbCfm
",1378,896,19.0,2,
"https://lh3.googleusercontent.com/d/1dbcUQD56dmT59w5czuQAluToLr0tbCfm
",1358,898,18.0,1,2
"https://lh3.googleusercontent.com/d/1dbcUQD56dmT59w5czuQAluToLr0tbCfm
",1266,887,17.0,1,2
"https://lh3.googleusercontent.com/d/1dbcUQD56dmT59w5czuQAluToLr0tbCfm
",1297,937,20.745,2,
"https://lh3.googleusercontent.com/d/1dbcUQD56dmT59w5czuQAluToLr0tbCfm
",1188,891,19.0,1,4
"https://lh3.googleusercontent.com/d/1dbcUQD56dmT59w5czuQAluToLr0tbCfm
",1035,898,21.0,1,9
"https://lh3.googleusercontent.com/d/1dbcUQD56dmT59w5czuQAluToLr0tbCfm
",939,335,18.0,1,8
"https://lh3.googleusercontent.com/d/1dbcUQD56dmT59w5czuQAluToLr0tbCfm
",964,369,13.0,1,2
"https://lh3.googleusercontent.com/d/1dbcUQD56dmT59w5czuQAluToLr0tbCfm
",916,363,16.0,1,3
"https://lh3.googleusercontent.com/d/1dbcUQD56dmT59w5czuQAluToLr0tbCfm
",940,397,15.0,1,6
"https://lh3.googleusercontent.com/d/1dbcUQD56dmT59w5czuQAluToLr0tbCfm
",841,343,21.0,1,4
"https://lh3.googleusercontent.com/d/1dbcUQD56dmT59w5czuQAluToLr0tbCfm
",823,469,17.0,1,2
"https://lh3.googleusercontent.com/d/1dbcUQD56dmT59w5czuQAluToLr0tbCfm
",962,477,16.0,1,
"https://lh3.googleusercontent.com/d/1dbcUQD56dmT59w5czuQAluToLr0tbCfm
",940,676,17.0,1,
"https://lh3.googleusercontent.com/d/1dbcUQD56dmT59w5czuQAluToLr0tbCfm
",851,674,18.0,1,
"https://lh3.googleusercontent.com/d/1dbcUQD56dmT59w5czuQAluToLr0tbCfm
",820,706,17.0,1,
"https://lh3.googleusercontent.com/d/1dbcUQD56dmT59w5czuQAluToLr0tbCfm
",762,362,20.0,1,5
"https://lh3.googleusercontent.com/d/1dbcUQD56dmT59w5czuQAluToLr0tbCfm
",776,481,15.0,1,
"https://lh3.googleusercontent.com/d/1dbcUQD56dmT59w5czuQAluToLr0tbCfm
",653,451,14.0,1,
"https://lh3.googleusercontent.com/d/1dbcUQD56dmT59w5czuQAluToLr0tbCfm
",671,514,16.0,1,
"https://lh3.googleusercontent.com/d/1dbcUQD56dmT59w5czuQAluToLr0tbCfm
",686,608,16.0,1,
"https://lh3.googleusercontent.com/d/1dbcUQD56dmT59w5czuQAluToLr0tbCfm
",662,669,18.0,1,
"https://lh3.googleusercontent.com/d/1dbcUQD56dmT59w5czuQAluToLr0tbCfm
",772,716,23.0,1,3
"https://lh3.googleusercontent.com/d/1dbcUQD56dmT59w5czuQAluToLr0tbCfm
",778,823,20.0,1,
"https://lh3.googleusercontent.com/d/1dbcUQD56dmT59w5czuQAluToLr0tbCfm
",761,638,15.0,1,
"https://lh3.googleusercontent.com/d/1dbcUQD56dmT59w5czuQAluToLr0tbCfm
",733,640,16.0,1,3
"https://lh3.googleusercontent.com/d/1dbcUQD56dmT59w5czuQAluToLr0tbCfm
",777,599,21.0,2,
"https://lh3.googleusercontent.com/d/1dbcUQD56dmT59w5czuQAluToLr0tbCfm
",776,563,22.0,1,23
"https://lh3.googleusercontent.com/d/1dbcUQD56dmT59w5czuQAluToLr0tbCfm
",491,348,14.0,1,
"https://lh3.googleusercontent.com/d/1dbcUQD56dmT59w5czuQAluToLr0tbCfm
",494,389,16.0,1,
"https://lh3.googleusercontent.com/d/1dbcUQD56dmT59w5czuQAluToLr0tbCfm
",379,341,14.0,1,
"https://lh3.googleusercontent.com/d/1dbcUQD56dmT59w5czuQAluToLr0tbCfm
",284,341,15.0,1,
"https://lh3.googleusercontent.com/d/1dbcUQD56dmT59w5czuQAluToLr0tbCfm
",352,389,20.0,1,3
"https://lh3.googleusercontent.com/d/1dbcUQD56dmT59w5czuQAluToLr0tbCfm
",311,509,15.0,1,
"https://lh3.googleusercontent.com/d/1dbcUQD56dmT59w5czuQAluToLr0tbCfm
",308,470,23.0,2,2
"https://lh3.googleusercontent.com/d/1dbcUQD56dmT59w5czuQAluToLr0tbCfm
",402,397,27.0,2,2
"https://lh3.googleusercontent.com/d/1dbcUQD56dmT59w5czuQAluToLr0tbCfm
",354,466,20.0,3,
"https://lh3.googleusercontent.com/d/1dbcUQD56dmT59w5czuQAluToLr0tbCfm
",309,734,16.0,1,
"https://lh3.googleusercontent.com/d/1dbcUQD56dmT59w5czuQAluToLr0tbCfm
",1369,791,22.0,1,35
"https://lh3.googleusercontent.com/d/19QxAKljkAaNb03vMPy2oQbkZi9UodHPl
",1362,355,35.0,2,7
"https://lh3.googleusercontent.com/d/19QxAKljkAaNb03vMPy2oQbkZi9UodHPl
",1262,348,21.0,2,2
"https://lh3.googleusercontent.com/d/19QxAKljkAaNb03vMPy2oQbkZi9UodHPl
",1168,340,23.0,2,2
"https://lh3.googleusercontent.com/d/19QxAKljkAaNb03vMPy2oQbkZi9UodHPl
",1214,368,16.0,2,
"https://lh3.googleusercontent.com/d/19QxAKljkAaNb03vMPy2oQbkZi9UodHPl
",1204,335,14.0,1,
"https://lh3.googleusercontent.com/d/19QxAKljkAaNb03vMPy2oQbkZi9UodHPl
",1167,386,14.0,1,2
"https://lh3.googleusercontent.com/d/19QxAKljkAaNb03vMPy2oQbkZi9UodHPl
",1259,384,15.0,1,2
"https://lh3.googleusercontent.com/d/19QxAKljkAaNb03vMPy2oQbkZi9UodHPl
",1298,399,12.0,1,
"https://lh3.googleusercontent.com/d/19QxAKljkAaNb03vMPy2oQbkZi9UodHPl
",1196,401,16.0,1,2
"https://lh3.googleusercontent.com/d/19QxAKljkAaNb03vMPy2oQbkZi9UodHPl
",1004,370,15.0,1,
"https://lh3.googleusercontent.com/d/19QxAKljkAaNb03vMPy2oQbkZi9UodHPl
",840,451,17.0,1,3
"https://lh3.googleusercontent.com/d/19QxAKljkAaNb03vMPy2oQbkZi9UodHPl
",935,445,17.0,1,4
"https://lh3.googleusercontent.com/d/19QxAKljkAaNb03vMPy2oQbkZi9UodHPl
",916,482,17.0,1,2
"https://lh3.googleusercontent.com/d/19QxAKljkAaNb03vMPy2oQbkZi9UodHPl
",1191,450,15.0,1,
"https://lh3.googleusercontent.com/d/19QxAKljkAaNb03vMPy2oQbkZi9UodHPl
",1364,511,13.0,1,
"https://lh3.googleusercontent.com/d/19QxAKljkAaNb03vMPy2oQbkZi9UodHPl
",1287,509,21.0,2,
"https://lh3.googleusercontent.com/d/19QxAKljkAaNb03vMPy2oQbkZi9UodHPl
",1013,488,25.0,3,2
"https://lh3.googleusercontent.com/d/19QxAKljkAaNb03vMPy2oQbkZi9UodHPl
",841,557,17.0,1,
"https://lh3.googleusercontent.com/d/19QxAKljkAaNb03vMPy2oQbkZi9UodHPl
",1022,556,15.0,1,
"https://lh3.googleusercontent.com/d/19QxAKljkAaNb03vMPy2oQbkZi9UodHPl
",960,587,16.0,1,
"https://lh3.googleusercontent.com/d/19QxAKljkAaNb03vMPy2oQbkZi9UodHPl
",1202,560,17.0,2,
"https://lh3.googleusercontent.com/d/19QxAKljkAaNb03vMPy2oQbkZi9UodHPl
",1267,556,14.0,1,3
"https://lh3.googleusercontent.com/d/19QxAKljkAaNb03vMPy2oQbkZi9UodHPl
",1292,557,16.0,2,
"https://lh3.googleusercontent.com/d/19QxAKljkAaNb03vMPy2oQbkZi9UodHPl
",1311,587,17.0,1,5
"https://lh3.googleusercontent.com/d/19QxAKljkAaNb03vMPy2oQbkZi9UodHPl
",1259,588,16.0,1,
"https://lh3.googleusercontent.com/d/19QxAKljkAaNb03vMPy2oQbkZi9UodHPl
",1285,617,16.0,1,3
"https://lh3.googleusercontent.com/d/19QxAKljkAaNb03vMPy2oQbkZi9UodHPl
",1216,589,14.0,1,2
"https://lh3.googleusercontent.com/d/19QxAKljkAaNb03vMPy2oQbkZi9UodHPl
",1169,590,19.0,1,3
"https://lh3.googleusercontent.com/d/19QxAKljkAaNb03vMPy2oQbkZi9UodHPl
",1192,618,17.0,1,
"https://lh3.googleusercontent.com/d/19QxAKljkAaNb03vMPy2oQbkZi9UodHPl
",1104,618,23.0,3,
"https://lh3.googleusercontent.com/d/19QxAKljkAaNb03vMPy2oQbkZi9UodHPl
",813,652,19.0,1,
"https://lh3.googleusercontent.com/d/19QxAKljkAaNb03vMPy2oQbkZi9UodHPl
",901,676,15.0,1,
"https://lh3.googleusercontent.com/d/19QxAKljkAaNb03vMPy2oQbkZi9UodHPl
",1204,693,19.0,1,2
"https://lh3.googleusercontent.com/d/19QxAKljkAaNb03vMPy2oQbkZi9UodHPl
",1258,696,18.0,2,
"https://lh3.googleusercontent.com/d/19QxAKljkAaNb03vMPy2oQbkZi9UodHPl
",1306,674,27.0,2,4
"https://lh3.googleusercontent.com/d/19QxAKljkAaNb03vMPy2oQbkZi9UodHPl
",1360,676,24.0,2,6
"https://lh3.googleusercontent.com/d/19QxAKljkAaNb03vMPy2oQbkZi9UodHPl
",1349,715,14.202,1,
"https://lh3.googleusercontent.com/d/19QxAKljkAaNb03vMPy2oQbkZi9UodHPl
",1311,737,29.0,1,34
"https://lh3.googleusercontent.com/d/19QxAKljkAaNb03vMPy2oQbkZi9UodHPl
",1262,766,25.0,1,11
"https://lh3.googleusercontent.com/d/19QxAKljkAaNb03vMPy2oQbkZi9UodHPl
",1367,794,27.0,2,6
"https://lh3.googleusercontent.com/d/19QxAKljkAaNb03vMPy2oQbkZi9UodHPl
",1362,846,26.0,1,10
"https://lh3.googleusercontent.com/d/19QxAKljkAaNb03vMPy2oQbkZi9UodHPl
",1285,841,30.0,1,13
"https://lh3.googleusercontent.com/d/19QxAKljkAaNb03vMPy2oQbkZi9UodHPl
",955,759,28.0,1,12
"https://lh3.googleusercontent.com/d/19QxAKljkAaNb03vMPy2oQbkZi9UodHPl
",1029,778,13.0,1,
"https://lh3.googleusercontent.com/d/19QxAKljkAaNb03vMPy2oQbkZi9UodHPl
",1011,823,16.0,1,2
"https://lh3.googleusercontent.com/d/19QxAKljkAaNb03vMPy2oQbkZi9UodHPl
",857,935,24.0,1,21
"https://lh3.googleusercontent.com/d/19QxAKljkAaNb03vMPy2oQbkZi9UodHPl
",1026,914,30.0,1,19
"https://lh3.googleusercontent.com/d/19QxAKljkAaNb03vMPy2oQbkZi9UodHPl
",1098,896,30.0,1,18
"https://lh3.googleusercontent.com/d/19QxAKljkAaNb03vMPy2oQbkZi9UodHPl
",1199,889,25.0,2,3
"https://lh3.googleusercontent.com/d/19QxAKljkAaNb03vMPy2oQbkZi9UodHPl
",1172,932,21.0,1,4
"https://lh3.googleusercontent.com/d/19QxAKljkAaNb03vMPy2oQbkZi9UodHPl
",1215,933,18.0,1,2
"https://lh3.googleusercontent.com/d/19QxAKljkAaNb03vMPy2oQbkZi9UodHPl
",1263,909,19.0,3,
"https://lh3.googleusercontent.com/d/19QxAKljkAaNb03vMPy2oQbkZi9UodHPl
",1295,955,20.0,3,
"https://lh3.googleusercontent.com/d/19QxAKljkAaNb03vMPy2oQbkZi9UodHPl
",257,390,12.0,1,
"https://lh3.googleusercontent.com/d/19QxAKljkAaNb03vMPy2oQbkZi9UodHPl
",351,355,19.0,2,
"https://lh3.googleusercontent.com/d/19QxAKljkAaNb03vMPy2oQbkZi9UodHPl
",355,392,17.0,1,5
"https://lh3.googleusercontent.com/d/19QxAKljkAaNb03vMPy2oQbkZi9UodHPl
",404,374,18.0,1,
"https://lh3.googleusercontent.com/d/19QxAKljkAaNb03vMPy2oQbkZi9UodHPl
",538,362,14.0,1,
"https://lh3.googleusercontent.com/d/19QxAKljkAaNb03vMPy2oQbkZi9UodHPl
",568,338,13.0,1,
"https://lh3.googleusercontent.com/d/19QxAKljkAaNb03vMPy2oQbkZi9UodHPl
",588,365,12.0,1,
"https://lh3.googleusercontent.com/d/19QxAKljkAaNb03vMPy2oQbkZi9UodHPl
",656,397,14.0,1,
"https://lh3.googleusercontent.com/d/19QxAKljkAaNb03vMPy2oQbkZi9UodHPl
",285,508,19.0,1,2
"https://lh3.googleusercontent.com/d/19QxAKljkAaNb03vMPy2oQbkZi9UodHPl
",745,558,15.0,1,2
"https://lh3.googleusercontent.com/d/19QxAKljkAaNb03vMPy2oQbkZi9UodHPl
",777,589,25.0,1,19
"https://lh3.googleusercontent.com/d/19QxAKljkAaNb03vMPy2oQbkZi9UodHPl
",731,628,21.0,1,9
"https://lh3.googleusercontent.com/d/19QxAKljkAaNb03vMPy2oQbkZi9UodHPl
",674,622,17.0,1,2
"https://lh3.googleusercontent.com/d/19QxAKljkAaNb03vMPy2oQbkZi9UodHPl
",298,801,12.0,1,
"https://lh3.googleusercontent.com/d/19QxAKljkAaNb03vMPy2oQbkZi9UodHPl
",677,803,16.0,1,2
"https://lh3.googleusercontent.com/d/19QxAKljkAaNb03vMPy2oQbkZi9UodHPl
",760,896,18.0,1,3
"https://lh3.googleusercontent.com/d/1NGS47HSEkE3TMszHwjLUBR83dxQwgfMX
",964,386,15.0,1,3
"https://lh3.googleusercontent.com/d/1NGS47HSEkE3TMszHwjLUBR83dxQwgfMX
",938,420,15.0,1,4
"https://lh3.googleusercontent.com/d/1NGS47HSEkE3TMszHwjLUBR83dxQwgfMX
",1029,422,13.0,1,
"https://lh3.googleusercontent.com/d/1NGS47HSEkE3TMszHwjLUBR83dxQwgfMX
",1120,370,20.0,1,6
"https://lh3.googleusercontent.com/d/1NGS47HSEkE3TMszHwjLUBR83dxQwgfMX
",1112,417,21.0,2,
"https://lh3.googleusercontent.com/d/1NGS47HSEkE3TMszHwjLUBR83dxQwgfMX
",1175,390,22.0,2,
"https://lh3.googleusercontent.com/d/1NGS47HSEkE3TMszHwjLUBR83dxQwgfMX
",1198,426,18.0,1,2
"https://lh3.googleusercontent.com/d/1NGS47HSEkE3TMszHwjLUBR83dxQwgfMX
",1284,364,25.0,2,3
"https://lh3.googleusercontent.com/d/1NGS47HSEkE3TMszHwjLUBR83dxQwgfMX
",1263,409,15.0,1,2
"https://lh3.googleusercontent.com/d/1NGS47HSEkE3TMszHwjLUBR83dxQwgfMX
",1312,398,10.0,1,
"https://lh3.googleusercontent.com/d/1NGS47HSEkE3TMszHwjLUBR83dxQwgfMX
",1286,428,9.0,1,
"https://lh3.googleusercontent.com/d/1NGS47HSEkE3TMszHwjLUBR83dxQwgfMX
",1358,381,14.0,1,5
"https://lh3.googleusercontent.com/d/1NGS47HSEkE3TMszHwjLUBR83dxQwgfMX
",1360,412,15.0,2,
"https://lh3.googleusercontent.com/d/1NGS47HSEkE3TMszHwjLUBR83dxQwgfMX
",1353,489,14.0,1,5
"https://lh3.googleusercontent.com/d/1NGS47HSEkE3TMszHwjLUBR83dxQwgfMX
",1362,536,16.0,1,4
"https://lh3.googleusercontent.com/d/1NGS47HSEkE3TMszHwjLUBR83dxQwgfMX
",1287,539,12.0,1,
"https://lh3.googleusercontent.com/d/1NGS47HSEkE3TMszHwjLUBR83dxQwgfMX
",1124,484,16.0,1,
"https://lh3.googleusercontent.com/d/1NGS47HSEkE3TMszHwjLUBR83dxQwgfMX
",960,482,12.0,1,
"https://lh3.googleusercontent.com/d/1NGS47HSEkE3TMszHwjLUBR83dxQwgfMX
",939,531,12.0,1,
"https://lh3.googleusercontent.com/d/1NGS47HSEkE3TMszHwjLUBR83dxQwgfMX
",848,580,13.0,1,
"https://lh3.googleusercontent.com/d/1NGS47HSEkE3TMszHwjLUBR83dxQwgfMX
",825,609,16.0,1,5
"https://lh3.googleusercontent.com/d/1NGS47HSEkE3TMszHwjLUBR83dxQwgfMX
",872,635,10.0,1,
"https://lh3.googleusercontent.com/d/1NGS47HSEkE3TMszHwjLUBR83dxQwgfMX
",1111,586,11.0,1,
"https://lh3.googleusercontent.com/d/1NGS47HSEkE3TMszHwjLUBR83dxQwgfMX
",1112,635,18.0,2,
"https://lh3.googleusercontent.com/d/1NGS47HSEkE3TMszHwjLUBR83dxQwgfMX
",1213,625,17.0,2,
"https://lh3.googleusercontent.com/d/1NGS47HSEkE3TMszHwjLUBR83dxQwgfMX
",1214,596,16.0,1,4
"https://lh3.googleusercontent.com/d/1NGS47HSEkE3TMszHwjLUBR83dxQwgfMX
",1263,588,12.0,1,2
"https://lh3.googleusercontent.com/d/1NGS47HSEkE3TMszHwjLUBR83dxQwgfMX
",1313,594,24.0,2,6
"https://lh3.googleusercontent.com/d/1NGS47HSEkE3TMszHwjLUBR83dxQwgfMX
",1266,633,21.0,2,5
"https://lh3.googleusercontent.com/d/1NGS47HSEkE3TMszHwjLUBR83dxQwgfMX
",1309,649,12.0,1,3
"https://lh3.googleusercontent.com/d/1NGS47HSEkE3TMszHwjLUBR83dxQwgfMX
",1341,624,18.0,1,4
"https://lh3.googleusercontent.com/d/1NGS47HSEkE3TMszHwjLUBR83dxQwgfMX
",857,692,18.0,1,2
"https://lh3.googleusercontent.com/d/1NGS47HSEkE3TMszHwjLUBR83dxQwgfMX
",1025,690,19.0,1,3
"https://lh3.googleusercontent.com/d/1NGS47HSEkE3TMszHwjLUBR83dxQwgfMX
",918,771,15.0,1,
"https://lh3.googleusercontent.com/d/1NGS47HSEkE3TMszHwjLUBR83dxQwgfMX
",821,824,21.0,3,
"https://lh3.googleusercontent.com/d/1NGS47HSEkE3TMszHwjLUBR83dxQwgfMX
",956,855,14.0,1,
"https://lh3.googleusercontent.com/d/1NGS47HSEkE3TMszHwjLUBR83dxQwgfMX
",1006,815,17.0,1,6
"https://lh3.googleusercontent.com/d/1NGS47HSEkE3TMszHwjLUBR83dxQwgfMX
",1026,858,16.0,1,5
"https://lh3.googleusercontent.com/d/1NGS47HSEkE3TMszHwjLUBR83dxQwgfMX
",1210,791,22.0,1,3
"https://lh3.googleusercontent.com/d/1NGS47HSEkE3TMszHwjLUBR83dxQwgfMX
",1156,693,18.0,1,2
"https://lh3.googleusercontent.com/d/1NGS47HSEkE3TMszHwjLUBR83dxQwgfMX
",1279,696,17.0,1,2
"https://lh3.googleusercontent.com/d/1NGS47HSEkE3TMszHwjLUBR83dxQwgfMX
",1261,744,19.0,1,7
"https://lh3.googleusercontent.com/d/1NGS47HSEkE3TMszHwjLUBR83dxQwgfMX
",1263,794,22.0,2,
"https://lh3.googleusercontent.com/d/1NGS47HSEkE3TMszHwjLUBR83dxQwgfMX
",1318,777,28.0,1,31
"https://lh3.googleusercontent.com/d/1NGS47HSEkE3TMszHwjLUBR83dxQwgfMX
",1360,758,19.0,1,7
"https://lh3.googleusercontent.com/d/1NGS47HSEkE3TMszHwjLUBR83dxQwgfMX
",1340,819,28.0,2,5
"https://lh3.googleusercontent.com/d/1NGS47HSEkE3TMszHwjLUBR83dxQwgfMX
",1263,854,20.0,3,
"https://lh3.googleusercontent.com/d/1NGS47HSEkE3TMszHwjLUBR83dxQwgfMX
",859,966,20.0,1,7
"https://lh3.googleusercontent.com/d/1NGS47HSEkE3TMszHwjLUBR83dxQwgfMX
",938,921,17.0,1,2
"https://lh3.googleusercontent.com/d/1NGS47HSEkE3TMszHwjLUBR83dxQwgfMX
",923,973,25.0,1,10
"https://lh3.googleusercontent.com/d/1NGS47HSEkE3TMszHwjLUBR83dxQwgfMX
",1019,929,31.0,1,26
"https://lh3.googleusercontent.com/d/1NGS47HSEkE3TMszHwjLUBR83dxQwgfMX
",1120,925,17.0,1,3
"https://lh3.googleusercontent.com/d/1NGS47HSEkE3TMszHwjLUBR83dxQwgfMX
",1170,920,16.0,1,2
"https://lh3.googleusercontent.com/d/1NGS47HSEkE3TMszHwjLUBR83dxQwgfMX
",1171,958,19.0,2,
"https://lh3.googleusercontent.com/d/1NGS47HSEkE3TMszHwjLUBR83dxQwgfMX
",1280,975,19.0,1,2
"https://lh3.googleusercontent.com/d/1NGS47HSEkE3TMszHwjLUBR83dxQwgfMX
",1348,944,19.0,1,
"https://lh3.googleusercontent.com/d/1NGS47HSEkE3TMszHwjLUBR83dxQwgfMX
",357,383,15.0,1,5
"https://lh3.googleusercontent.com/d/1NGS47HSEkE3TMszHwjLUBR83dxQwgfMX
",309,488,13.0,1,
"https://lh3.googleusercontent.com/d/1NGS47HSEkE3TMszHwjLUBR83dxQwgfMX
",552,486,12.0,1,
"https://lh3.googleusercontent.com/d/1NGS47HSEkE3TMszHwjLUBR83dxQwgfMX
",570,524,12.0,1,
"https://lh3.googleusercontent.com/d/1NGS47HSEkE3TMszHwjLUBR83dxQwgfMX
",672,534,14.0,1,
"https://lh3.googleusercontent.com/d/1NGS47HSEkE3TMszHwjLUBR83dxQwgfMX
",772,389,14.0,1,6
"https://lh3.googleusercontent.com/d/1NGS47HSEkE3TMszHwjLUBR83dxQwgfMX
",773,591,26.0,1,27
"https://lh3.googleusercontent.com/d/1NGS47HSEkE3TMszHwjLUBR83dxQwgfMX
",755,651,25.0,2,2
"https://lh3.googleusercontent.com/d/1NGS47HSEkE3TMszHwjLUBR83dxQwgfMX
",737,770,15.0,1,
"https://lh3.googleusercontent.com/d/1NGS47HSEkE3TMszHwjLUBR83dxQwgfMX
",264,618,14.0,1,
"https://lh3.googleusercontent.com/d/1NGS47HSEkE3TMszHwjLUBR83dxQwgfMX
",407,883,18.0,1,
"https://lh3.googleusercontent.com/d/1NGS47HSEkE3TMszHwjLUBR83dxQwgfMX
",515,955,13.67,1,
"https://lh3.googleusercontent.com/d/1GdTyEOVGzB0mTieJgipXLGMz31QoopdD
",356,354,23.0,2,2
"https://lh3.googleusercontent.com/d/1GdTyEOVGzB0mTieJgipXLGMz31QoopdD
",359,393,19.0,1,5
"https://lh3.googleusercontent.com/d/1GdTyEOVGzB0mTieJgipXLGMz31QoopdD
",360,708,17.0,1,
"https://lh3.googleusercontent.com/d/1GdTyEOVGzB0mTieJgipXLGMz31QoopdD
",515,948,15.0,1,
"https://lh3.googleusercontent.com/d/1GdTyEOVGzB0mTieJgipXLGMz31QoopdD
",681,805,16.722,1,
"https://lh3.googleusercontent.com/d/1GdTyEOVGzB0mTieJgipXLGMz31QoopdD
",701,688,17.0,1,6
"https://lh3.googleusercontent.com/d/1GdTyEOVGzB0mTieJgipXLGMz31QoopdD
",747,645,16.0,2,
"https://lh3.googleusercontent.com/d/1GdTyEOVGzB0mTieJgipXLGMz31QoopdD
",770,597,31.0,1,22
"https://lh3.googleusercontent.com/d/1GdTyEOVGzB0mTieJgipXLGMz31QoopdD
",841,400,17.0,1,3
"https://lh3.googleusercontent.com/d/1GdTyEOVGzB0mTieJgipXLGMz31QoopdD
",868,358,17.0,1,4
"https://lh3.googleusercontent.com/d/1GdTyEOVGzB0mTieJgipXLGMz31QoopdD
",961,359,17.0,1,2
"https://lh3.googleusercontent.com/d/1GdTyEOVGzB0mTieJgipXLGMz31QoopdD
",1012,350,14.0,1,
"https://lh3.googleusercontent.com/d/1GdTyEOVGzB0mTieJgipXLGMz31QoopdD
",1123,396,13.0,1,
"https://lh3.googleusercontent.com/d/1GdTyEOVGzB0mTieJgipXLGMz31QoopdD
",1165,353,19.0,1,3
"https://lh3.googleusercontent.com/d/1GdTyEOVGzB0mTieJgipXLGMz31QoopdD
",1169,390,20.0,2,
"https://lh3.googleusercontent.com/d/1GdTyEOVGzB0mTieJgipXLGMz31QoopdD
",1200,342,12.0,1,
"https://lh3.googleusercontent.com/d/1GdTyEOVGzB0mTieJgipXLGMz31QoopdD
",1218,371,12.0,1,
"https://lh3.googleusercontent.com/d/1GdTyEOVGzB0mTieJgipXLGMz31QoopdD
",1260,355,25.0,2,3
"https://lh3.googleusercontent.com/d/1GdTyEOVGzB0mTieJgipXLGMz31QoopdD
",1262,394,13.0,1,2
"https://lh3.googleusercontent.com/d/1GdTyEOVGzB0mTieJgipXLGMz31QoopdD
",1309,371,15.0,1,2
"https://lh3.googleusercontent.com/d/1GdTyEOVGzB0mTieJgipXLGMz31QoopdD
",1290,408,13.0,1,
"https://lh3.googleusercontent.com/d/1GdTyEOVGzB0mTieJgipXLGMz31QoopdD
",1355,369,16.0,1,3
"https://lh3.googleusercontent.com/d/1GdTyEOVGzB0mTieJgipXLGMz31QoopdD
",830,624,16.0,1,
"https://lh3.googleusercontent.com/d/1GdTyEOVGzB0mTieJgipXLGMz31QoopdD
",938,513,13.0,1,
"https://lh3.googleusercontent.com/d/1GdTyEOVGzB0mTieJgipXLGMz31QoopdD
",963,475,16.0,1,2
"https://lh3.googleusercontent.com/d/1GdTyEOVGzB0mTieJgipXLGMz31QoopdD
",1009,481,19.0,1,3
"https://lh3.googleusercontent.com/d/1GdTyEOVGzB0mTieJgipXLGMz31QoopdD
",1121,479,15.0,1,
"https://lh3.googleusercontent.com/d/1GdTyEOVGzB0mTieJgipXLGMz31QoopdD
",1194,451,13.0,1,
"https://lh3.googleusercontent.com/d/1GdTyEOVGzB0mTieJgipXLGMz31QoopdD
",1259,486,16.0,1,3
"https://lh3.googleusercontent.com/d/1GdTyEOVGzB0mTieJgipXLGMz31QoopdD
",1287,513,12.0,1,
"https://lh3.googleusercontent.com/d/1GdTyEOVGzB0mTieJgipXLGMz31QoopdD
",1009,592,15.0,1,
"https://lh3.googleusercontent.com/d/1GdTyEOVGzB0mTieJgipXLGMz31QoopdD
",1083,627,15.0,1,2
"https://lh3.googleusercontent.com/d/1GdTyEOVGzB0mTieJgipXLGMz31QoopdD
",1167,571,13.0,1,
"https://lh3.googleusercontent.com/d/1GdTyEOVGzB0mTieJgipXLGMz31QoopdD
",1188,631,14.0,1,2
"https://lh3.googleusercontent.com/d/1GdTyEOVGzB0mTieJgipXLGMz31QoopdD
",1216,613,14.0,1,2
"https://lh3.googleusercontent.com/d/1GdTyEOVGzB0mTieJgipXLGMz31QoopdD
",1219,581,15.0,2,
"https://lh3.googleusercontent.com/d/1GdTyEOVGzB0mTieJgipXLGMz31QoopdD
",1264,577,17.0,1,2
"https://lh3.googleusercontent.com/d/1GdTyEOVGzB0mTieJgipXLGMz31QoopdD
",1313,579,16.0,1,9
"https://lh3.googleusercontent.com/d/1GdTyEOVGzB0mTieJgipXLGMz31QoopdD
",1272,626,22.0,2,3
"https://lh3.googleusercontent.com/d/1GdTyEOVGzB0mTieJgipXLGMz31QoopdD
",1301,628,16.0,1,4
"https://lh3.googleusercontent.com/d/1GdTyEOVGzB0mTieJgipXLGMz31QoopdD
",1359,562,26.0,2,17
"https://lh3.googleusercontent.com/d/1GdTyEOVGzB0mTieJgipXLGMz31QoopdD
",1270,675,15.0,2,
"https://lh3.googleusercontent.com/d/1GdTyEOVGzB0mTieJgipXLGMz31QoopdD
",1302,675,14.0,1,6
"https://lh3.googleusercontent.com/d/1GdTyEOVGzB0mTieJgipXLGMz31QoopdD
",1353,680,16.0,1,9
"https://lh3.googleusercontent.com/d/1GdTyEOVGzB0mTieJgipXLGMz31QoopdD
",1348,720,23.0,2,5
"https://lh3.googleusercontent.com/d/1GdTyEOVGzB0mTieJgipXLGMz31QoopdD
",1312,721,23.0,1,18
"https://lh3.googleusercontent.com/d/1GdTyEOVGzB0mTieJgipXLGMz31QoopdD
",1265,716,20.0,3,
"https://lh3.googleusercontent.com/d/1GdTyEOVGzB0mTieJgipXLGMz31QoopdD
",1260,763,18.0,2,
"https://lh3.googleusercontent.com/d/1GdTyEOVGzB0mTieJgipXLGMz31QoopdD
",1309,772,24.0,2,3
"https://lh3.googleusercontent.com/d/1GdTyEOVGzB0mTieJgipXLGMz31QoopdD
",1263,808,27.0,1,14
"https://lh3.googleusercontent.com/d/1GdTyEOVGzB0mTieJgipXLGMz31QoopdD
",1288,851,16.0,1,3
"https://lh3.googleusercontent.com/d/1GdTyEOVGzB0mTieJgipXLGMz31QoopdD
",955,699,30.0,1,10
"https://lh3.googleusercontent.com/d/1GdTyEOVGzB0mTieJgipXLGMz31QoopdD
",820,734,13.0,1,
"https://lh3.googleusercontent.com/d/1GdTyEOVGzB0mTieJgipXLGMz31QoopdD
",828,813,14.0,1,
"https://lh3.googleusercontent.com/d/1GdTyEOVGzB0mTieJgipXLGMz31QoopdD
",846,901,17.0,1,6
"https://lh3.googleusercontent.com/d/1GdTyEOVGzB0mTieJgipXLGMz31QoopdD
",949,897,15.0,1,3
"https://lh3.googleusercontent.com/d/1GdTyEOVGzB0mTieJgipXLGMz31QoopdD
",916,949,13.0,1,7
"https://lh3.googleusercontent.com/d/1GdTyEOVGzB0mTieJgipXLGMz31QoopdD
",949,961,10.0,1,
"https://lh3.googleusercontent.com/d/1GdTyEOVGzB0mTieJgipXLGMz31QoopdD
",1010,949,15.0,1,9
"https://lh3.googleusercontent.com/d/1GdTyEOVGzB0mTieJgipXLGMz31QoopdD
",1021,894,26.0,1,25
"https://lh3.googleusercontent.com/d/1GdTyEOVGzB0mTieJgipXLGMz31QoopdD
",1123,902,15.0,1,5
"https://lh3.googleusercontent.com/d/1GdTyEOVGzB0mTieJgipXLGMz31QoopdD
",1171,904,17.0,1,6
"https://lh3.googleusercontent.com/d/1GdTyEOVGzB0mTieJgipXLGMz31QoopdD
",1217,936,14.0,1,
"https://lh3.googleusercontent.com/d/1x4BuffOf2CVnKgdu3Y4_Q98bXHvBmYYZ
",583,365,11.882,1,2
"https://lh3.googleusercontent.com/d/1x4BuffOf2CVnKgdu3Y4_Q98bXHvBmYYZ
",586,484,14.0,1,
"https://lh3.googleusercontent.com/d/1x4BuffOf2CVnKgdu3Y4_Q98bXHvBmYYZ
",632,481,13.0,1,
"https://lh3.googleusercontent.com/d/1x4BuffOf2CVnKgdu3Y4_Q98bXHvBmYYZ
",685,492,12.476,1,2
"https://lh3.googleusercontent.com/d/1x4BuffOf2CVnKgdu3Y4_Q98bXHvBmYYZ
",665,437,16.0,2,
"https://lh3.googleusercontent.com/d/1x4BuffOf2CVnKgdu3Y4_Q98bXHvBmYYZ
",763,438,12.0,1,3
"https://lh3.googleusercontent.com/d/1x4BuffOf2CVnKgdu3Y4_Q98bXHvBmYYZ
",738,482,12.0,1,3
"https://lh3.googleusercontent.com/d/1x4BuffOf2CVnKgdu3Y4_Q98bXHvBmYYZ
",863,437,12.0,1,
"https://lh3.googleusercontent.com/d/1x4BuffOf2CVnKgdu3Y4_Q98bXHvBmYYZ
",839,510,13.0,1,7
"https://lh3.googleusercontent.com/d/1x4BuffOf2CVnKgdu3Y4_Q98bXHvBmYYZ
",972,441,12.0,1,
"https://lh3.googleusercontent.com/d/1x4BuffOf2CVnKgdu3Y4_Q98bXHvBmYYZ
",938,491,13.0,1,
"https://lh3.googleusercontent.com/d/1x4BuffOf2CVnKgdu3Y4_Q98bXHvBmYYZ
",875,534,13.0,1,5
"https://lh3.googleusercontent.com/d/1x4BuffOf2CVnKgdu3Y4_Q98bXHvBmYYZ
",1040,495,13.0,1,2
"https://lh3.googleusercontent.com/d/1x4BuffOf2CVnKgdu3Y4_Q98bXHvBmYYZ
",1048,363,16.0,1,6
"https://lh3.googleusercontent.com/d/1x4BuffOf2CVnKgdu3Y4_Q98bXHvBmYYZ
",966,384,16.0,3,
"https://lh3.googleusercontent.com/d/1x4BuffOf2CVnKgdu3Y4_Q98bXHvBmYYZ
",993,361,15.0,1,2
"https://lh3.googleusercontent.com/d/1x4BuffOf2CVnKgdu3Y4_Q98bXHvBmYYZ
",898,378,12.0,1,
"https://lh3.googleusercontent.com/d/1x4BuffOf2CVnKgdu3Y4_Q98bXHvBmYYZ
",654,736,9.133,1,2
"https://lh3.googleusercontent.com/d/1x4BuffOf2CVnKgdu3Y4_Q98bXHvBmYYZ
",1157,834,14.0,1,
"https://lh3.googleusercontent.com/d/1x4BuffOf2CVnKgdu3Y4_Q98bXHvBmYYZ
",680,818,10.0,1,
"https://lh3.googleusercontent.com/d/1x4BuffOf2CVnKgdu3Y4_Q98bXHvBmYYZ
",321,772,14.0,1,
"https://lh3.googleusercontent.com/d/1x4BuffOf2CVnKgdu3Y4_Q98bXHvBmYYZ
",1513,770,14.0,1,
"https://lh3.googleusercontent.com/d/1x4BuffOf2CVnKgdu3Y4_Q98bXHvBmYYZ
",1519,818,17.0,2,
"https://lh3.googleusercontent.com/d/1u6nOFRJ6F8Wl5FDfnDIIgXIPc9ZU0j38
",622,355,19.0,2,3
"https://lh3.googleusercontent.com/d/1u6nOFRJ6F8Wl5FDfnDIIgXIPc9ZU0j38
",580,322,11.0,1,
"https://lh3.googleusercontent.com/d/1u6nOFRJ6F8Wl5FDfnDIIgXIPc9ZU0j38
",530,376,11.0,1,
"https://lh3.googleusercontent.com/d/1u6nOFRJ6F8Wl5FDfnDIIgXIPc9ZU0j38
",550,509,10.0,1,2
"https://lh3.googleusercontent.com/d/1u6nOFRJ6F8Wl5FDfnDIIgXIPc9ZU0j38
",644,507,14.0,2,
"https://lh3.googleusercontent.com/d/1u6nOFRJ6F8Wl5FDfnDIIgXIPc9ZU0j38
",664,472,13.0,1,3
"https://lh3.googleusercontent.com/d/1u6nOFRJ6F8Wl5FDfnDIIgXIPc9ZU0j38
",707,361,10.0,1,
"https://lh3.googleusercontent.com/d/1u6nOFRJ6F8Wl5FDfnDIIgXIPc9ZU0j38
",753,452,11.0,1,
"https://lh3.googleusercontent.com/d/1u6nOFRJ6F8Wl5FDfnDIIgXIPc9ZU0j38
",885,459,14.0,1,7
"https://lh3.googleusercontent.com/d/1u6nOFRJ6F8Wl5FDfnDIIgXIPc9ZU0j38
",815,504,13.0,2,
"https://lh3.googleusercontent.com/d/1u6nOFRJ6F8Wl5FDfnDIIgXIPc9ZU0j38
",903,505,14.0,1,8
"https://lh3.googleusercontent.com/d/1u6nOFRJ6F8Wl5FDfnDIIgXIPc9ZU0j38
",1079,378,12.0,1,4
"https://lh3.googleusercontent.com/d/1u6nOFRJ6F8Wl5FDfnDIIgXIPc9ZU0j38
",1063,342,15.0,2,3
"https://lh3.googleusercontent.com/d/1u6nOFRJ6F8Wl5FDfnDIIgXIPc9ZU0j38
",1055,462,12.0,1,
"https://lh3.googleusercontent.com/d/1u6nOFRJ6F8Wl5FDfnDIIgXIPc9ZU0j38
",553,556,10.0,1,
"https://lh3.googleusercontent.com/d/1u6nOFRJ6F8Wl5FDfnDIIgXIPc9ZU0j38
",465,680,12.0,1,3
"https://lh3.googleusercontent.com/d/1u6nOFRJ6F8Wl5FDfnDIIgXIPc9ZU0j38
",814,556,10.0,1,
"https://lh3.googleusercontent.com/d/1u6nOFRJ6F8Wl5FDfnDIIgXIPc9ZU0j38
",910,555,12.0,1,
"https://lh3.googleusercontent.com/d/1u6nOFRJ6F8Wl5FDfnDIIgXIPc9ZU0j38
",885,592,13.0,1,
"https://lh3.googleusercontent.com/d/1u6nOFRJ6F8Wl5FDfnDIIgXIPc9ZU0j38
",903,685,11.0,1,
"https://lh3.googleusercontent.com/d/1u6nOFRJ6F8Wl5FDfnDIIgXIPc9ZU0j38
",725,683,13.0,1,2
"https://lh3.googleusercontent.com/d/1u6nOFRJ6F8Wl5FDfnDIIgXIPc9ZU0j38
",1084,627,12.0,1,
"https://lh3.googleusercontent.com/d/1u6nOFRJ6F8Wl5FDfnDIIgXIPc9ZU0j38
",826,759,13.0,1,
"https://lh3.googleusercontent.com/d/1u6nOFRJ6F8Wl5FDfnDIIgXIPc9ZU0j38
",1238,718,16.0,1,2
"https://lh3.googleusercontent.com/d/1u6nOFRJ6F8Wl5FDfnDIIgXIPc9ZU0j38
",1086,760,13.0,1,
"https://lh3.googleusercontent.com/d/1u6nOFRJ6F8Wl5FDfnDIIgXIPc9ZU0j38
",636,385,11.0,1,5
"https://lh3.googleusercontent.com/d/1tHXlZ8G33v0vq7ksAgQGhw1caRwwbEv3
",494,537,22.0,2,2
"https://lh3.googleusercontent.com/d/1tHXlZ8G33v0vq7ksAgQGhw1caRwwbEv3
",564,485,17.0,2,
"https://lh3.googleusercontent.com/d/1tHXlZ8G33v0vq7ksAgQGhw1caRwwbEv3
",662,405,14.0,2,
"https://lh3.googleusercontent.com/d/1tHXlZ8G33v0vq7ksAgQGhw1caRwwbEv3
",704,525,17.0,2,
"https://lh3.googleusercontent.com/d/1tHXlZ8G33v0vq7ksAgQGhw1caRwwbEv3
",797,474,16.0,1,7
"https://lh3.googleusercontent.com/d/1tHXlZ8G33v0vq7ksAgQGhw1caRwwbEv3
",758,542,16.0,1,2
"https://lh3.googleusercontent.com/d/1tHXlZ8G33v0vq7ksAgQGhw1caRwwbEv3
",799,529,14.0,2,"
"
"https://lh3.googleusercontent.com/d/1tHXlZ8G33v0vq7ksAgQGhw1caRwwbEv3
",670,596,12.963,1,
"https://lh3.googleusercontent.com/d/1tHXlZ8G33v0vq7ksAgQGhw1caRwwbEv3
",527,739,15.0,1,2
"https://lh3.googleusercontent.com/d/1tHXlZ8G33v0vq7ksAgQGhw1caRwwbEv3
",386,811,13.0,1,3
"https://lh3.googleusercontent.com/d/1tHXlZ8G33v0vq7ksAgQGhw1caRwwbEv3
",797,773,17.0,1,3
"https://lh3.googleusercontent.com/d/1tHXlZ8G33v0vq7ksAgQGhw1caRwwbEv3
",844,780,13.0,1,
"https://lh3.googleusercontent.com/d/1tHXlZ8G33v0vq7ksAgQGhw1caRwwbEv3
",1402,732,17.0,2,
"https://lh3.googleusercontent.com/d/1tHXlZ8G33v0vq7ksAgQGhw1caRwwbEv3
",1357,729,15.0,1,
"https://lh3.googleusercontent.com/d/1tHXlZ8G33v0vq7ksAgQGhw1caRwwbEv3
",1123,758,14.0,1,
"https://lh3.googleusercontent.com/d/1tHXlZ8G33v0vq7ksAgQGhw1caRwwbEv3
",1265,529,16.0,1,
"https://lh3.googleusercontent.com/d/1A3yT8sS8V4T7AATgGesDj3KUO0H0xG61
",515,324,18.0,2,2
"https://lh3.googleusercontent.com/d/1A3yT8sS8V4T7AATgGesDj3KUO0H0xG61
",764,541,15.0,1,3
"https://lh3.googleusercontent.com/d/1A3yT8sS8V4T7AATgGesDj3KUO0H0xG61
",843,520,13.0,1,4
"https://lh3.googleusercontent.com/d/1A3yT8sS8V4T7AATgGesDj3KUO0H0xG61
",607,381,15.0,1,3
"https://lh3.googleusercontent.com/d/1A3yT8sS8V4T7AATgGesDj3KUO0H0xG61
",706,494,14.0,1,6
"https://lh3.googleusercontent.com/d/1A3yT8sS8V4T7AATgGesDj3KUO0H0xG61
",780,406,13.0,2,
"https://lh3.googleusercontent.com/d/1A3yT8sS8V4T7AATgGesDj3KUO0H0xG61
",803,407,12.0,1,
"https://lh3.googleusercontent.com/d/1A3yT8sS8V4T7AATgGesDj3KUO0H0xG61
",793,505,17.0,2,2
"https://lh3.googleusercontent.com/d/1A3yT8sS8V4T7AATgGesDj3KUO0H0xG61
",846,481,14.0,2,
"https://lh3.googleusercontent.com/d/1A3yT8sS8V4T7AATgGesDj3KUO0H0xG61
",794,609,15.0,3,
"https://lh3.googleusercontent.com/d/1A3yT8sS8V4T7AATgGesDj3KUO0H0xG61
",479,631,14.0,1,2
"https://lh3.googleusercontent.com/d/1A3yT8sS8V4T7AATgGesDj3KUO0H0xG61
",385,801,17.0,2,2
"https://lh3.googleusercontent.com/d/1A3yT8sS8V4T7AATgGesDj3KUO0H0xG61
",425,799,15.0,1,3
"https://lh3.googleusercontent.com/d/1A3yT8sS8V4T7AATgGesDj3KUO0H0xG61
",611,769,14.0,1,
"https://lh3.googleusercontent.com/d/1A3yT8sS8V4T7AATgGesDj3KUO0H0xG61
",686,668,15.0,1,
"https://lh3.googleusercontent.com/d/1A3yT8sS8V4T7AATgGesDj3KUO0H0xG61
",793,775,15.0,2,
"https://lh3.googleusercontent.com/d/1A3yT8sS8V4T7AATgGesDj3KUO0H0xG61
",764,733,13.0,1,
"https://lh3.googleusercontent.com/d/1A3yT8sS8V4T7AATgGesDj3KUO0H0xG61
",871,670,12.0,1,
"https://lh3.googleusercontent.com/d/1A3yT8sS8V4T7AATgGesDj3KUO0H0xG61
",865,732,11.0,1,
"https://lh3.googleusercontent.com/d/1A3yT8sS8V4T7AATgGesDj3KUO0H0xG61
",864,805,13.0,1,2
"https://lh3.googleusercontent.com/d/1A3yT8sS8V4T7AATgGesDj3KUO0H0xG61
",892,774,11.0,1,
"https://lh3.googleusercontent.com/d/1A3yT8sS8V4T7AATgGesDj3KUO0H0xG61
",873,542,13.0,1,5
"https://lh3.googleusercontent.com/d/1A3yT8sS8V4T7AATgGesDj3KUO0H0xG61
",983,778,15.0,1,3
"https://lh3.googleusercontent.com/d/1A3yT8sS8V4T7AATgGesDj3KUO0H0xG61
",1035,510,13.0,1,2
"https://lh3.googleusercontent.com/d/1A3yT8sS8V4T7AATgGesDj3KUO0H0xG61
",1059,802,14.0,1,4
"https://lh3.googleusercontent.com/d/1A3yT8sS8V4T7AATgGesDj3KUO0H0xG61
",938,403,13.0,1,
"https://lh3.googleusercontent.com/d/1A3yT8sS8V4T7AATgGesDj3KUO0H0xG61
",1068,405,16.0,1,4
"https://lh3.googleusercontent.com/d/1A3yT8sS8V4T7AATgGesDj3KUO0H0xG61
",1396,599,19.0,2,6
"https://lh3.googleusercontent.com/d/1NFeamT8L4Ka5GMfa6xO46hqtmtzR6ets
",526,516,17.0,2,2
"https://lh3.googleusercontent.com/d/1NFeamT8L4Ka5GMfa6xO46hqtmtzR6ets
",614,499,16.0,1,3
"https://lh3.googleusercontent.com/d/1NFeamT8L4Ka5GMfa6xO46hqtmtzR6ets
",613,389,15.0,3,
"https://lh3.googleusercontent.com/d/1NFeamT8L4Ka5GMfa6xO46hqtmtzR6ets
",704,630,15.0,2,
"https://lh3.googleusercontent.com/d/1NFeamT8L4Ka5GMfa6xO46hqtmtzR6ets
",665,686,14.0,1,2
"https://lh3.googleusercontent.com/d/1NFeamT8L4Ka5GMfa6xO46hqtmtzR6ets
",566,622,14.0,1,
"https://lh3.googleusercontent.com/d/1NFeamT8L4Ka5GMfa6xO46hqtmtzR6ets
",756,530,15.0,2,
"https://lh3.googleusercontent.com/d/1NFeamT8L4Ka5GMfa6xO46hqtmtzR6ets
",798,507,20.0,1,11
"https://lh3.googleusercontent.com/d/1NFeamT8L4Ka5GMfa6xO46hqtmtzR6ets
",895,410,17.0,2,
"https://lh3.googleusercontent.com/d/1NFeamT8L4Ka5GMfa6xO46hqtmtzR6ets
",851,552,16.0,1,5
"https://lh3.googleusercontent.com/d/1NFeamT8L4Ka5GMfa6xO46hqtmtzR6ets
",882,558,14.0,2,
"https://lh3.googleusercontent.com/d/1NFeamT8L4Ka5GMfa6xO46hqtmtzR6ets
",943,513,13.0,1,
"https://lh3.googleusercontent.com/d/1NFeamT8L4Ka5GMfa6xO46hqtmtzR6ets
",852,610,12.0,1,4
"https://lh3.googleusercontent.com/d/1NFeamT8L4Ka5GMfa6xO46hqtmtzR6ets
",773,604,14.0,1,
"https://lh3.googleusercontent.com/d/1NFeamT8L4Ka5GMfa6xO46hqtmtzR6ets
",754,684,15.0,1,3
"https://lh3.googleusercontent.com/d/1NFeamT8L4Ka5GMfa6xO46hqtmtzR6ets
",799,645,13.0,1,
"https://lh3.googleusercontent.com/d/1NFeamT8L4Ka5GMfa6xO46hqtmtzR6ets
",964,560,12.0,1,2
"https://lh3.googleusercontent.com/d/1NFeamT8L4Ka5GMfa6xO46hqtmtzR6ets
",895,668,13.0,1,2
"https://lh3.googleusercontent.com/d/1NFeamT8L4Ka5GMfa6xO46hqtmtzR6ets
",865,692,12.0,1,
"https://lh3.googleusercontent.com/d/1NFeamT8L4Ka5GMfa6xO46hqtmtzR6ets
",885,617,14.0,2,2
"https://lh3.googleusercontent.com/d/1NFeamT8L4Ka5GMfa6xO46hqtmtzR6ets
",770,742,13.0,1,
"https://lh3.googleusercontent.com/d/1NFeamT8L4Ka5GMfa6xO46hqtmtzR6ets
",566,808,15.0,1,4
"https://lh3.googleusercontent.com/d/1NFeamT8L4Ka5GMfa6xO46hqtmtzR6ets
",424,797,14.0,1,2
"https://lh3.googleusercontent.com/d/1NFeamT8L4Ka5GMfa6xO46hqtmtzR6ets
",384,746,15.0,1,3
"https://lh3.googleusercontent.com/d/1NFeamT8L4Ka5GMfa6xO46hqtmtzR6ets
",953,746,13.0,1,
"https://lh3.googleusercontent.com/d/1NFeamT8L4Ka5GMfa6xO46hqtmtzR6ets
",1054,688,14.0,1,
"https://lh3.googleusercontent.com/d/1NFeamT8L4Ka5GMfa6xO46hqtmtzR6ets
",986,782,14.0,1,
"https://lh3.googleusercontent.com/d/1NFeamT8L4Ka5GMfa6xO46hqtmtzR6ets
",956,826,14.0,1,
"https://lh3.googleusercontent.com/d/1NFeamT8L4Ka5GMfa6xO46hqtmtzR6ets
",1381,677,18.93,2,3
"https://lh3.googleusercontent.com/d/1NFeamT8L4Ka5GMfa6xO46hqtmtzR6ets
",1397,627,15.0,1,2
"https://lh3.googleusercontent.com/d/1gy99Th1iUBUyEY5BJoSMACYCioAAkKUs
",521,502,13.0,1,
"https://lh3.googleusercontent.com/d/1gy99Th1iUBUyEY5BJoSMACYCioAAkKUs
",493,598,13.0,1,2
"https://lh3.googleusercontent.com/d/1gy99Th1iUBUyEY5BJoSMACYCioAAkKUs
",663,545,13.0,1,
"https://lh3.googleusercontent.com/d/1gy99Th1iUBUyEY5BJoSMACYCioAAkKUs
",699,543,15.0,2,
"https://lh3.googleusercontent.com/d/1gy99Th1iUBUyEY5BJoSMACYCioAAkKUs
",586,600,12.0,1,
"https://lh3.googleusercontent.com/d/1gy99Th1iUBUyEY5BJoSMACYCioAAkKUs
",684,600,13.0,1,
"https://lh3.googleusercontent.com/d/1gy99Th1iUBUyEY5BJoSMACYCioAAkKUs
",685,680,15.0,1,
"https://lh3.googleusercontent.com/d/1gy99Th1iUBUyEY5BJoSMACYCioAAkKUs
",786,539,14.0,1,6
"https://lh3.googleusercontent.com/d/1gy99Th1iUBUyEY5BJoSMACYCioAAkKUs
",753,484,16.0,1,2
"https://lh3.googleusercontent.com/d/1gy99Th1iUBUyEY5BJoSMACYCioAAkKUs
",848,469,17.0,1,5
"https://lh3.googleusercontent.com/d/1gy99Th1iUBUyEY5BJoSMACYCioAAkKUs
",890,505,15.0,1,2
"https://lh3.googleusercontent.com/d/1gy99Th1iUBUyEY5BJoSMACYCioAAkKUs
",846,516,14.0,2,
"https://lh3.googleusercontent.com/d/1gy99Th1iUBUyEY5BJoSMACYCioAAkKUs
",935,631,13.0,1,
"https://lh3.googleusercontent.com/d/1gy99Th1iUBUyEY5BJoSMACYCioAAkKUs
",962,597,13.0,1,
"https://lh3.googleusercontent.com/d/1gy99Th1iUBUyEY5BJoSMACYCioAAkKUs
",966,680,13.0,1,
"https://lh3.googleusercontent.com/d/1gy99Th1iUBUyEY5BJoSMACYCioAAkKUs
",870,543,14.0,2,2
"https://lh3.googleusercontent.com/d/1gy99Th1iUBUyEY5BJoSMACYCioAAkKUs
",961,532,16.0,2,
"https://lh3.googleusercontent.com/d/1gy99Th1iUBUyEY5BJoSMACYCioAAkKUs
",844,764,18.0,1,4
"https://lh3.googleusercontent.com/d/1gy99Th1iUBUyEY5BJoSMACYCioAAkKUs
",893,764,17.0,1,2
"https://lh3.googleusercontent.com/d/1gy99Th1iUBUyEY5BJoSMACYCioAAkKUs
",1030,762,14.0,1,
"https://lh3.googleusercontent.com/d/1gy99Th1iUBUyEY5BJoSMACYCioAAkKUs
",1054,731,14.462,1,
"https://lh3.googleusercontent.com/d/1gy99Th1iUBUyEY5BJoSMACYCioAAkKUs
",966,812,13.0,1,
"https://lh3.googleusercontent.com/d/1gy99Th1iUBUyEY5BJoSMACYCioAAkKUs
",1339,634,14.0,1,
"https://lh3.googleusercontent.com/d/1DNwUAMpOrTPtox8N377iMPwe9W5GpKdV
",278,123,33.0,2,8
"https://lh3.googleusercontent.com/d/1DNwUAMpOrTPtox8N377iMPwe9W5GpKdV
",332,80,29.246,1,2
"https://lh3.googleusercontent.com/d/1DNwUAMpOrTPtox8N377iMPwe9W5GpKdV
",335,191,19.0,1,2
"https://lh3.googleusercontent.com/d/1DNwUAMpOrTPtox8N377iMPwe9W5GpKdV
",400,73,23.0,2,2
"https://lh3.googleusercontent.com/d/1DNwUAMpOrTPtox8N377iMPwe9W5GpKdV
",390,132,20.219,1,1
"https://lh3.googleusercontent.com/d/1DNwUAMpOrTPtox8N377iMPwe9W5GpKdV
",445,90,19.569,3,2
"https://lh3.googleusercontent.com/d/1DNwUAMpOrTPtox8N377iMPwe9W5GpKdV
",561,79,27.0,2,1
"https://lh3.googleusercontent.com/d/10yNBr47tUjYL9oovEDclJzAqEtRfAB1N
",377,156,28.0,2,4
"https://lh3.googleusercontent.com/d/10yNBr47tUjYL9oovEDclJzAqEtRfAB1N
",451,121,27.0,2,3
"https://lh3.googleusercontent.com/d/10yNBr47tUjYL9oovEDclJzAqEtRfAB1N
",434,193,22.0,1,5
"https://lh3.googleusercontent.com/d/10yNBr47tUjYL9oovEDclJzAqEtRfAB1N
",490,160,20.0,1,8
"https://lh3.googleusercontent.com/d/10yNBr47tUjYL9oovEDclJzAqEtRfAB1N
",547,536,27.0,2,6
"https://lh3.googleusercontent.com/d/1PlkpvZUOkNz34TOZZpNPJAIhRF3F6Y1l
",394,129,27.0,3,
"https://lh3.googleusercontent.com/d/1PlkpvZUOkNz34TOZZpNPJAIhRF3F6Y1l
",454,161,19.0,2,
"https://lh3.googleusercontent.com/d/1PlkpvZUOkNz34TOZZpNPJAIhRF3F6Y1l
",431,196,18.0,1,
"https://lh3.googleusercontent.com/d/1PlkpvZUOkNz34TOZZpNPJAIhRF3F6Y1l
",483,351,28.0,2,
"https://lh3.googleusercontent.com/d/1PlkpvZUOkNz34TOZZpNPJAIhRF3F6Y1l
",511,526,20.035,1,5
"https://lh3.googleusercontent.com/d/1PlkpvZUOkNz34TOZZpNPJAIhRF3F6Y1l
",553,550,28.0,2,3
"https://lh3.googleusercontent.com/d/1yfWIaYejo-dyIsk80a75F6Gu-1DDI7_-
",345,204,37.0,2,3
"https://lh3.googleusercontent.com/d/1yfWIaYejo-dyIsk80a75F6Gu-1DDI7_-
",497,213,26.0,1,2
"https://lh3.googleusercontent.com/d/1yfWIaYejo-dyIsk80a75F6Gu-1DDI7_-
",527,345,26.0,2,
"https://lh3.googleusercontent.com/d/1yfWIaYejo-dyIsk80a75F6Gu-1DDI7_-
",574,439,29.0,2,
"https://lh3.googleusercontent.com/d/1yfWIaYejo-dyIsk80a75F6Gu-1DDI7_-
",636,489,22.0,1,3
"https://lh3.googleusercontent.com/d/1lxzd7V8TxtYAcOhmUdm2u5poPPKD-Xp7
",490,234,29.0,2,2
"https://lh3.googleusercontent.com/d/1lxzd7V8TxtYAcOhmUdm2u5poPPKD-Xp7
",596,532,27.0,1,2
"https://lh3.googleusercontent.com/d/1lxzd7V8TxtYAcOhmUdm2u5poPPKD-Xp7
",737,520,23.0,2,
"https://lh3.googleusercontent.com/d/1mosQ6SCfNawt9cVcds0tcy2ZgAJkFYwo
",570,395,19.0,1,
"https://lh3.googleusercontent.com/d/1mosQ6SCfNawt9cVcds0tcy2ZgAJkFYwo
",455,558,20.0,2,
"https://lh3.googleusercontent.com/d/1mosQ6SCfNawt9cVcds0tcy2ZgAJkFYwo
",483,573,23.0,1,
"https://lh3.googleusercontent.com/d/1mosQ6SCfNawt9cVcds0tcy2ZgAJkFYwo
",583,142,20.0,1,
"https://lh3.googleusercontent.com/d/1_0TK4F9Lsvqxy6p2gNPIy8azcNYQjbnk
",364,278,17.0,1,
"https://lh3.googleusercontent.com/d/1_0TK4F9Lsvqxy6p2gNPIy8azcNYQjbnk
",411,268,17.0,1,
"https://lh3.googleusercontent.com/d/1_0TK4F9Lsvqxy6p2gNPIy8azcNYQjbnk
",438,311,22.0,1,2
"https://lh3.googleusercontent.com/d/1_0TK4F9Lsvqxy6p2gNPIy8azcNYQjbnk
",429,368,24.0,2,
"https://lh3.googleusercontent.com/d/1_0TK4F9Lsvqxy6p2gNPIy8azcNYQjbnk
",428,437,18.0,1,4
"https://lh3.googleusercontent.com/d/1_0TK4F9Lsvqxy6p2gNPIy8azcNYQjbnk
",595,240,18.0,1,
"https://lh3.googleusercontent.com/d/1_0TK4F9Lsvqxy6p2gNPIy8azcNYQjbnk
",643,268,19.0,1,
"https://lh3.googleusercontent.com/d/1_0TK4F9Lsvqxy6p2gNPIy8azcNYQjbnk
",635,354,26.0,1,9
"https://lh3.googleusercontent.com/d/1_0TK4F9Lsvqxy6p2gNPIy8azcNYQjbnk
",634,423,27.0,1,4
"https://lh3.googleusercontent.com/d/1_0TK4F9Lsvqxy6p2gNPIy8azcNYQjbnk
",540,420,38.0,1,44
"https://lh3.googleusercontent.com/d/1_0TK4F9Lsvqxy6p2gNPIy8azcNYQjbnk
",689,263,14.0,1,
"https://lh3.googleusercontent.com/d/1_0TK4F9Lsvqxy6p2gNPIy8azcNYQjbnk
",723,312,14.0,1,
"https://lh3.googleusercontent.com/d/1_0TK4F9Lsvqxy6p2gNPIy8azcNYQjbnk
",797,282,16.0,1,2
"https://lh3.googleusercontent.com/d/1_0TK4F9Lsvqxy6p2gNPIy8azcNYQjbnk
",876,269,14.0,1,
"https://lh3.googleusercontent.com/d/1_0TK4F9Lsvqxy6p2gNPIy8azcNYQjbnk
",797,319,21.0,2,2
"https://lh3.googleusercontent.com/d/1_0TK4F9Lsvqxy6p2gNPIy8azcNYQjbnk
",684,411,13.0,1,
"https://lh3.googleusercontent.com/d/1_0TK4F9Lsvqxy6p2gNPIy8azcNYQjbnk
",786,373,14.0,1,
"https://lh3.googleusercontent.com/d/1_0TK4F9Lsvqxy6p2gNPIy8azcNYQjbnk
",800,444,14.0,1,
"https://lh3.googleusercontent.com/d/1_0TK4F9Lsvqxy6p2gNPIy8azcNYQjbnk
",897,368,16.0,1,
"https://lh3.googleusercontent.com/d/1_0TK4F9Lsvqxy6p2gNPIy8azcNYQjbnk
",872,408,14.0,1,2
"https://lh3.googleusercontent.com/d/1_0TK4F9Lsvqxy6p2gNPIy8azcNYQjbnk
",923,409,15.0,1,
"https://lh3.googleusercontent.com/d/1_0TK4F9Lsvqxy6p2gNPIy8azcNYQjbnk
",894,447,17.0,1,3
"https://lh3.googleusercontent.com/d/1_0TK4F9Lsvqxy6p2gNPIy8azcNYQjbnk
",960,395,16.0,1,
"https://lh3.googleusercontent.com/d/1_0TK4F9Lsvqxy6p2gNPIy8azcNYQjbnk
",990,450,17.0,1,2
"https://lh3.googleusercontent.com/d/1_0TK4F9Lsvqxy6p2gNPIy8azcNYQjbnk
",1080,450,19.0,1,3
"https://lh3.googleusercontent.com/d/1_0TK4F9Lsvqxy6p2gNPIy8azcNYQjbnk
",1243,416,16.0,1,2
"https://lh3.googleusercontent.com/d/1_0TK4F9Lsvqxy6p2gNPIy8azcNYQjbnk
",1264,378,15.0,1,
"https://lh3.googleusercontent.com/d/1_0TK4F9Lsvqxy6p2gNPIy8azcNYQjbnk
",1344,273,22.0,2,
"https://lh3.googleusercontent.com/d/1_0TK4F9Lsvqxy6p2gNPIy8azcNYQjbnk
",1338,328,14.0,1,
"https://lh3.googleusercontent.com/d/1_0TK4F9Lsvqxy6p2gNPIy8azcNYQjbnk
",1384,309,17.0,1,2
"https://lh3.googleusercontent.com/d/1_0TK4F9Lsvqxy6p2gNPIy8azcNYQjbnk
",1484,296,14.0,1,
"https://lh3.googleusercontent.com/d/1_0TK4F9Lsvqxy6p2gNPIy8azcNYQjbnk
",1431,382,14.0,1,5
"https://lh3.googleusercontent.com/d/1_0TK4F9Lsvqxy6p2gNPIy8azcNYQjbnk
",1469,385,19.0,2,
"https://lh3.googleusercontent.com/d/1_0TK4F9Lsvqxy6p2gNPIy8azcNYQjbnk
",1476,432,15.0,1,2
"https://lh3.googleusercontent.com/d/1_0TK4F9Lsvqxy6p2gNPIy8azcNYQjbnk
",1432,450,17.0,1,3
"https://lh3.googleusercontent.com/d/1_0TK4F9Lsvqxy6p2gNPIy8azcNYQjbnk
",1470,514,16.0,1,5
"https://lh3.googleusercontent.com/d/1_0TK4F9Lsvqxy6p2gNPIy8azcNYQjbnk
",617,500,16.0,1,2
"https://lh3.googleusercontent.com/d/1_0TK4F9Lsvqxy6p2gNPIy8azcNYQjbnk
",618,634,20.0,1,2
"https://lh3.googleusercontent.com/d/1_0TK4F9Lsvqxy6p2gNPIy8azcNYQjbnk
",822,502,13.0,1,
"https://lh3.googleusercontent.com/d/1_0TK4F9Lsvqxy6p2gNPIy8azcNYQjbnk
",674,700,16.0,1,
"https://lh3.googleusercontent.com/d/1_0TK4F9Lsvqxy6p2gNPIy8azcNYQjbnk
",712,800,22.0,1,2
"https://lh3.googleusercontent.com/d/1_0TK4F9Lsvqxy6p2gNPIy8azcNYQjbnk
",869,533,20.0,1,9
"https://lh3.googleusercontent.com/d/1_0TK4F9Lsvqxy6p2gNPIy8azcNYQjbnk
",900,505,17.0,1,5
"https://lh3.googleusercontent.com/d/1_0TK4F9Lsvqxy6p2gNPIy8azcNYQjbnk
",914,559,14.0,1,2
"https://lh3.googleusercontent.com/d/1_0TK4F9Lsvqxy6p2gNPIy8azcNYQjbnk
",1082,586,18.0,1,2
"https://lh3.googleusercontent.com/d/1_0TK4F9Lsvqxy6p2gNPIy8azcNYQjbnk
",1004,672,19.0,1,3
"https://lh3.googleusercontent.com/d/1_0TK4F9Lsvqxy6p2gNPIy8azcNYQjbnk
",1286,521,18.0,1,3
"https://lh3.googleusercontent.com/d/1_0TK4F9Lsvqxy6p2gNPIy8azcNYQjbnk
",1354,512,17.0,1,4
"https://lh3.googleusercontent.com/d/1_0TK4F9Lsvqxy6p2gNPIy8azcNYQjbnk
",1427,535,13.0,1,2
"https://lh3.googleusercontent.com/d/1_0TK4F9Lsvqxy6p2gNPIy8azcNYQjbnk
",1383,545,10.0,1,
"https://lh3.googleusercontent.com/d/1_0TK4F9Lsvqxy6p2gNPIy8azcNYQjbnk
",1431,580,19.0,1,9
"https://lh3.googleusercontent.com/d/1_0TK4F9Lsvqxy6p2gNPIy8azcNYQjbnk
",1357,581,24.0,2,
"https://lh3.googleusercontent.com/d/1_0TK4F9Lsvqxy6p2gNPIy8azcNYQjbnk
",1254,581,16.0,1,2
"https://lh3.googleusercontent.com/d/1_0TK4F9Lsvqxy6p2gNPIy8azcNYQjbnk
",1264,643,22.0,2,2
"https://lh3.googleusercontent.com/d/1_0TK4F9Lsvqxy6p2gNPIy8azcNYQjbnk
",1238,680,13.0,1,
"https://lh3.googleusercontent.com/d/1_0TK4F9Lsvqxy6p2gNPIy8azcNYQjbnk
",1278,714,17.0,1,2
"https://lh3.googleusercontent.com/d/1_0TK4F9Lsvqxy6p2gNPIy8azcNYQjbnk
",1336,711,14.0,1,
"https://lh3.googleusercontent.com/d/1_0TK4F9Lsvqxy6p2gNPIy8azcNYQjbnk
",1477,676,14.0,1,
"https://lh3.googleusercontent.com/d/1JUlt07mOzawpmIyrMwU8j3zmjxnrcvY8
",527,380,25.0,2,3
"https://lh3.googleusercontent.com/d/1JUlt07mOzawpmIyrMwU8j3zmjxnrcvY8
",631,341,28.0,1,21
"https://lh3.googleusercontent.com/d/1JUlt07mOzawpmIyrMwU8j3zmjxnrcvY8
",672,432,35.22,1,20
"https://lh3.googleusercontent.com/d/1JUlt07mOzawpmIyrMwU8j3zmjxnrcvY8
",708,292,18.0,1,2
"https://lh3.googleusercontent.com/d/1JUlt07mOzawpmIyrMwU8j3zmjxnrcvY8
",750,287,15.0,1,2
"https://lh3.googleusercontent.com/d/1JUlt07mOzawpmIyrMwU8j3zmjxnrcvY8
",768,328,15.0,1,2
"https://lh3.googleusercontent.com/d/1JUlt07mOzawpmIyrMwU8j3zmjxnrcvY8
",792,287,12.0,1,
"https://lh3.googleusercontent.com/d/1JUlt07mOzawpmIyrMwU8j3zmjxnrcvY8
",829,406,12.0,1,
"https://lh3.googleusercontent.com/d/1JUlt07mOzawpmIyrMwU8j3zmjxnrcvY8
",872,273,13.0,1,
"https://lh3.googleusercontent.com/d/1JUlt07mOzawpmIyrMwU8j3zmjxnrcvY8
",905,307,14.0,1,
"https://lh3.googleusercontent.com/d/1JUlt07mOzawpmIyrMwU8j3zmjxnrcvY8
",989,294,18.0,2,
"https://lh3.googleusercontent.com/d/1JUlt07mOzawpmIyrMwU8j3zmjxnrcvY8
",945,431,17.0,1,2
"https://lh3.googleusercontent.com/d/1JUlt07mOzawpmIyrMwU8j3zmjxnrcvY8
",1012,374,16.0,1,4
"https://lh3.googleusercontent.com/d/1JUlt07mOzawpmIyrMwU8j3zmjxnrcvY8
",988,423,11.0,1,
"https://lh3.googleusercontent.com/d/1JUlt07mOzawpmIyrMwU8j3zmjxnrcvY8
",1020,439,12.0,1,
"https://lh3.googleusercontent.com/d/1JUlt07mOzawpmIyrMwU8j3zmjxnrcvY8
",1085,435,12.0,1,3
"https://lh3.googleusercontent.com/d/1JUlt07mOzawpmIyrMwU8j3zmjxnrcvY8
",1110,395,14.0,1,
"https://lh3.googleusercontent.com/d/1JUlt07mOzawpmIyrMwU8j3zmjxnrcvY8
",1111,287,16.0,1,
"https://lh3.googleusercontent.com/d/1JUlt07mOzawpmIyrMwU8j3zmjxnrcvY8
",1268,295,16.0,1,
"https://lh3.googleusercontent.com/d/1JUlt07mOzawpmIyrMwU8j3zmjxnrcvY8
",1383,292,15.0,1,
"https://lh3.googleusercontent.com/d/1JUlt07mOzawpmIyrMwU8j3zmjxnrcvY8
",1430,294,16.0,1,
"https://lh3.googleusercontent.com/d/1JUlt07mOzawpmIyrMwU8j3zmjxnrcvY8
",1324,329,17.0,1,2
"https://lh3.googleusercontent.com/d/1JUlt07mOzawpmIyrMwU8j3zmjxnrcvY8
",1242,369,16.0,1,5
"https://lh3.googleusercontent.com/d/1JUlt07mOzawpmIyrMwU8j3zmjxnrcvY8
",1323,369,14.0,1,3
"https://lh3.googleusercontent.com/d/1JUlt07mOzawpmIyrMwU8j3zmjxnrcvY8
",1347,409,16.0,1,2
"https://lh3.googleusercontent.com/d/1JUlt07mOzawpmIyrMwU8j3zmjxnrcvY8
",1429,403,13.0,1,
"https://lh3.googleusercontent.com/d/1JUlt07mOzawpmIyrMwU8j3zmjxnrcvY8
",533,598,13.0,1,
"https://lh3.googleusercontent.com/d/1JUlt07mOzawpmIyrMwU8j3zmjxnrcvY8
",609,600,14.0,1,
"https://lh3.googleusercontent.com/d/1JUlt07mOzawpmIyrMwU8j3zmjxnrcvY8
",589,684,14.0,1,
"https://lh3.googleusercontent.com/d/1JUlt07mOzawpmIyrMwU8j3zmjxnrcvY8
",710,652,12.0,1,
"https://lh3.googleusercontent.com/d/1JUlt07mOzawpmIyrMwU8j3zmjxnrcvY8
",691,484,14.0,1,3
"https://lh3.googleusercontent.com/d/1JUlt07mOzawpmIyrMwU8j3zmjxnrcvY8
",785,517,17.0,1,2
"https://lh3.googleusercontent.com/d/1JUlt07mOzawpmIyrMwU8j3zmjxnrcvY8
",846,479,15.0,1,3
"https://lh3.googleusercontent.com/d/1JUlt07mOzawpmIyrMwU8j3zmjxnrcvY8
",827,515,14.0,1,
"https://lh3.googleusercontent.com/d/1JUlt07mOzawpmIyrMwU8j3zmjxnrcvY8
",871,516,12.0,1,
"https://lh3.googleusercontent.com/d/1JUlt07mOzawpmIyrMwU8j3zmjxnrcvY8
",911,511,20.0,1,10
"https://lh3.googleusercontent.com/d/1JUlt07mOzawpmIyrMwU8j3zmjxnrcvY8
",952,515,15.0,1,2
"https://lh3.googleusercontent.com/d/1JUlt07mOzawpmIyrMwU8j3zmjxnrcvY8
",928,550,13.0,1,2
"https://lh3.googleusercontent.com/d/1JUlt07mOzawpmIyrMwU8j3zmjxnrcvY8
",987,516,15.0,1,4
"https://lh3.googleusercontent.com/d/1JUlt07mOzawpmIyrMwU8j3zmjxnrcvY8
",1078,483,13.0,1,2
"https://lh3.googleusercontent.com/d/1JUlt07mOzawpmIyrMwU8j3zmjxnrcvY8
",1078,549,11.0,1,
"https://lh3.googleusercontent.com/d/1JUlt07mOzawpmIyrMwU8j3zmjxnrcvY8
",1110,493,11.0,1,
"https://lh3.googleusercontent.com/d/1JUlt07mOzawpmIyrMwU8j3zmjxnrcvY8
",1151,514,13.0,1,
"https://lh3.googleusercontent.com/d/1JUlt07mOzawpmIyrMwU8j3zmjxnrcvY8
",1107,546,13.0,2,
"https://lh3.googleusercontent.com/d/1JUlt07mOzawpmIyrMwU8j3zmjxnrcvY8
",1106,599,16.0,2,
"https://lh3.googleusercontent.com/d/1JUlt07mOzawpmIyrMwU8j3zmjxnrcvY8
",1071,632,13.0,1,
"https://lh3.googleusercontent.com/d/1JUlt07mOzawpmIyrMwU8j3zmjxnrcvY8
",1149,632,15.0,1,7
"https://lh3.googleusercontent.com/d/1JUlt07mOzawpmIyrMwU8j3zmjxnrcvY8
",1153,664,14.0,2,
"https://lh3.googleusercontent.com/d/1JUlt07mOzawpmIyrMwU8j3zmjxnrcvY8
",1226,538,15.0,1,2
"https://lh3.googleusercontent.com/d/1JUlt07mOzawpmIyrMwU8j3zmjxnrcvY8
",1265,524,20.0,1,10
"https://lh3.googleusercontent.com/d/1JUlt07mOzawpmIyrMwU8j3zmjxnrcvY8
",1261,487,20.0,2,3
"https://lh3.googleusercontent.com/d/1JUlt07mOzawpmIyrMwU8j3zmjxnrcvY8
",1323,481,14.0,1,4
"https://lh3.googleusercontent.com/d/1JUlt07mOzawpmIyrMwU8j3zmjxnrcvY8
",1306,519,13.669,1,3
"https://lh3.googleusercontent.com/d/1JUlt07mOzawpmIyrMwU8j3zmjxnrcvY8
",1385,517,14.0,1,3
"https://lh3.googleusercontent.com/d/1JUlt07mOzawpmIyrMwU8j3zmjxnrcvY8
",1410,545,14.0,1,6
"https://lh3.googleusercontent.com/d/1JUlt07mOzawpmIyrMwU8j3zmjxnrcvY8
",1421,596,16.0,1,3
"https://lh3.googleusercontent.com/d/1JUlt07mOzawpmIyrMwU8j3zmjxnrcvY8
",1405,663,15.0,1,2
"https://lh3.googleusercontent.com/d/1akCuU3ayQRULpz7UVlXrAE6pz5WMXGyC
",403,473,13.0,1,
"https://lh3.googleusercontent.com/d/1akCuU3ayQRULpz7UVlXrAE6pz5WMXGyC
",445,406,13.0,1,
"https://lh3.googleusercontent.com/d/1akCuU3ayQRULpz7UVlXrAE6pz5WMXGyC
",472,407,16.0,2,
"https://lh3.googleusercontent.com/d/1akCuU3ayQRULpz7UVlXrAE6pz5WMXGyC
",487,353,15.0,1,
"https://lh3.googleusercontent.com/d/1akCuU3ayQRULpz7UVlXrAE6pz5WMXGyC
",536,357,22.0,1,2
"https://lh3.googleusercontent.com/d/1akCuU3ayQRULpz7UVlXrAE6pz5WMXGyC
",584,462,31.0,1,31
"https://lh3.googleusercontent.com/d/1akCuU3ayQRULpz7UVlXrAE6pz5WMXGyC
",645,407,25.0,2,
"https://lh3.googleusercontent.com/d/1akCuU3ayQRULpz7UVlXrAE6pz5WMXGyC
",746,318,14.0,1,
"https://lh3.googleusercontent.com/d/1akCuU3ayQRULpz7UVlXrAE6pz5WMXGyC
",786,286,12.0,1,
"https://lh3.googleusercontent.com/d/1akCuU3ayQRULpz7UVlXrAE6pz5WMXGyC
",795,360,15.0,1,
"https://lh3.googleusercontent.com/d/1akCuU3ayQRULpz7UVlXrAE6pz5WMXGyC
",797,328,18.0,2,
"https://lh3.googleusercontent.com/d/1akCuU3ayQRULpz7UVlXrAE6pz5WMXGyC
",876,322,24.0,1,5
"https://lh3.googleusercontent.com/d/1akCuU3ayQRULpz7UVlXrAE6pz5WMXGyC
",716,476,20.0,1,2
"https://lh3.googleusercontent.com/d/1akCuU3ayQRULpz7UVlXrAE6pz5WMXGyC
",785,462,15.0,1,2
"https://lh3.googleusercontent.com/d/1akCuU3ayQRULpz7UVlXrAE6pz5WMXGyC
",833,408,12.0,1,
"https://lh3.googleusercontent.com/d/1akCuU3ayQRULpz7UVlXrAE6pz5WMXGyC
",889,397,9.0,1,
"https://lh3.googleusercontent.com/d/1akCuU3ayQRULpz7UVlXrAE6pz5WMXGyC
",890,474,14.0,1,2
"https://lh3.googleusercontent.com/d/1akCuU3ayQRULpz7UVlXrAE6pz5WMXGyC
",969,476,15.0,1,3
"https://lh3.googleusercontent.com/d/1akCuU3ayQRULpz7UVlXrAE6pz5WMXGyC
",993,419,16.0,1,4
"https://lh3.googleusercontent.com/d/1akCuU3ayQRULpz7UVlXrAE6pz5WMXGyC
",1078,323,19.0,1,4
"https://lh3.googleusercontent.com/d/1akCuU3ayQRULpz7UVlXrAE6pz5WMXGyC
",1039,435,14.0,1,
"https://lh3.googleusercontent.com/d/1akCuU3ayQRULpz7UVlXrAE6pz5WMXGyC
",1135,357,11.0,1,
"https://lh3.googleusercontent.com/d/1akCuU3ayQRULpz7UVlXrAE6pz5WMXGyC
",1156,399,12.0,1,
"https://lh3.googleusercontent.com/d/1akCuU3ayQRULpz7UVlXrAE6pz5WMXGyC
",1122,432,14.0,1,
"https://lh3.googleusercontent.com/d/1akCuU3ayQRULpz7UVlXrAE6pz5WMXGyC
",1208,336,14.0,1,
"https://lh3.googleusercontent.com/d/1akCuU3ayQRULpz7UVlXrAE6pz5WMXGyC
",1332,336,17.0,1,2
"https://lh3.googleusercontent.com/d/1akCuU3ayQRULpz7UVlXrAE6pz5WMXGyC
",1286,410,15.0,1,
"https://lh3.googleusercontent.com/d/1akCuU3ayQRULpz7UVlXrAE6pz5WMXGyC
",1227,471,20.0,1,2
"https://lh3.googleusercontent.com/d/1akCuU3ayQRULpz7UVlXrAE6pz5WMXGyC
",1387,564,35.0,1,22
"https://lh3.googleusercontent.com/d/1akCuU3ayQRULpz7UVlXrAE6pz5WMXGyC
",1389,631,17.0,1,2
"https://lh3.googleusercontent.com/d/1akCuU3ayQRULpz7UVlXrAE6pz5WMXGyC
",1413,697,18.0,1,7
"https://lh3.googleusercontent.com/d/1akCuU3ayQRULpz7UVlXrAE6pz5WMXGyC
",1217,544,19.0,2,4
"https://lh3.googleusercontent.com/d/1akCuU3ayQRULpz7UVlXrAE6pz5WMXGyC
",1245,583,18.0,1,2
"https://lh3.googleusercontent.com/d/1akCuU3ayQRULpz7UVlXrAE6pz5WMXGyC
",1211,648,15.0,1,2
"https://lh3.googleusercontent.com/d/1akCuU3ayQRULpz7UVlXrAE6pz5WMXGyC
",1235,704,12.0,1,
"https://lh3.googleusercontent.com/d/1akCuU3ayQRULpz7UVlXrAE6pz5WMXGyC
",1161,644,18.0,1,4
"https://lh3.googleusercontent.com/d/1akCuU3ayQRULpz7UVlXrAE6pz5WMXGyC
",1124,697,17.0,2,
"https://lh3.googleusercontent.com/d/1akCuU3ayQRULpz7UVlXrAE6pz5WMXGyC
",1077,650,18.0,1,7
"https://lh3.googleusercontent.com/d/1akCuU3ayQRULpz7UVlXrAE6pz5WMXGyC
",1039,698,13.0,1,2
"https://lh3.googleusercontent.com/d/1akCuU3ayQRULpz7UVlXrAE6pz5WMXGyC
",1053,584,18.0,1,2
"https://lh3.googleusercontent.com/d/1akCuU3ayQRULpz7UVlXrAE6pz5WMXGyC
",1081,554,12.0,1,
"https://lh3.googleusercontent.com/d/1akCuU3ayQRULpz7UVlXrAE6pz5WMXGyC
",972,635,17.0,1,3
"https://lh3.googleusercontent.com/d/1akCuU3ayQRULpz7UVlXrAE6pz5WMXGyC
",825,553,19.0,1,4
"https://lh3.googleusercontent.com/d/1akCuU3ayQRULpz7UVlXrAE6pz5WMXGyC
",719,589,17.0,1,
"https://lh3.googleusercontent.com/d/1akCuU3ayQRULpz7UVlXrAE6pz5WMXGyC
",528,550,11.0,1,
"https://lh3.googleusercontent.com/d/1akCuU3ayQRULpz7UVlXrAE6pz5WMXGyC
",490,543,16.0,1,2
"https://lh3.googleusercontent.com/d/1akCuU3ayQRULpz7UVlXrAE6pz5WMXGyC
",471,579,16.0,1,2
"https://lh3.googleusercontent.com/d/1akCuU3ayQRULpz7UVlXrAE6pz5WMXGyC
",406,667,12.0,1,
"https://lh3.googleusercontent.com/d/1akCuU3ayQRULpz7UVlXrAE6pz5WMXGyC
",566,644,12.0,1,
"https://lh3.googleusercontent.com/d/1akCuU3ayQRULpz7UVlXrAE6pz5WMXGyC
",533,677,11.0,1,
"https://lh3.googleusercontent.com/d/1akCuU3ayQRULpz7UVlXrAE6pz5WMXGyC
",742,778,18.0,1,4
"https://lh3.googleusercontent.com/d/1akCuU3ayQRULpz7UVlXrAE6pz5WMXGyC
",739,852,16.0,1,2
"https://lh3.googleusercontent.com/d/1DHIfcwN3kps1tp59nQijNySoDwC2aRX0
",467,290,13.0,1,
"https://lh3.googleusercontent.com/d/1DHIfcwN3kps1tp59nQijNySoDwC2aRX0
",409,324,14.0,1,
"https://lh3.googleusercontent.com/d/1DHIfcwN3kps1tp59nQijNySoDwC2aRX0
",466,361,13.0,1,
"https://lh3.googleusercontent.com/d/1DHIfcwN3kps1tp59nQijNySoDwC2aRX0
",492,340,16.0,1,2
"https://lh3.googleusercontent.com/d/1DHIfcwN3kps1tp59nQijNySoDwC2aRX0
",379,409,20.0,2,3
"https://lh3.googleusercontent.com/d/1DHIfcwN3kps1tp59nQijNySoDwC2aRX0
",365,452,16.0,1,3
"https://lh3.googleusercontent.com/d/1DHIfcwN3kps1tp59nQijNySoDwC2aRX0
",409,410,14.0,1,2
"https://lh3.googleusercontent.com/d/1DHIfcwN3kps1tp59nQijNySoDwC2aRX0
",547,414,26.0,1,12
"https://lh3.googleusercontent.com/d/1DHIfcwN3kps1tp59nQijNySoDwC2aRX0
",541,465,15.0,2,
"https://lh3.googleusercontent.com/d/1DHIfcwN3kps1tp59nQijNySoDwC2aRX0
",631,470,28.0,1,12
"https://lh3.googleusercontent.com/d/1DHIfcwN3kps1tp59nQijNySoDwC2aRX0
",658,305,16.0,1,
"https://lh3.googleusercontent.com/d/1DHIfcwN3kps1tp59nQijNySoDwC2aRX0
",719,289,14.0,1,
"https://lh3.googleusercontent.com/d/1DHIfcwN3kps1tp59nQijNySoDwC2aRX0
",705,354,16.0,1,2
"https://lh3.googleusercontent.com/d/1DHIfcwN3kps1tp59nQijNySoDwC2aRX0
",742,318,16.0,1,2
"https://lh3.googleusercontent.com/d/1DHIfcwN3kps1tp59nQijNySoDwC2aRX0
",741,360,17.0,2,
"https://lh3.googleusercontent.com/d/1DHIfcwN3kps1tp59nQijNySoDwC2aRX0
",721,410,14.0,1,2
"https://lh3.googleusercontent.com/d/1DHIfcwN3kps1tp59nQijNySoDwC2aRX0
",817,293,13.0,1,
"https://lh3.googleusercontent.com/d/1DHIfcwN3kps1tp59nQijNySoDwC2aRX0
",814,359,15.0,1,5
"https://lh3.googleusercontent.com/d/1DHIfcwN3kps1tp59nQijNySoDwC2aRX0
",831,448,16.0,1,
"https://lh3.googleusercontent.com/d/1DHIfcwN3kps1tp59nQijNySoDwC2aRX0
",869,320,16.0,1,2
"https://lh3.googleusercontent.com/d/1DHIfcwN3kps1tp59nQijNySoDwC2aRX0
",912,323,18.0,1,2
"https://lh3.googleusercontent.com/d/1DHIfcwN3kps1tp59nQijNySoDwC2aRX0
",1213,291,14.0,1,
"https://lh3.googleusercontent.com/d/1DHIfcwN3kps1tp59nQijNySoDwC2aRX0
",1302,291,12.0,1,
"https://lh3.googleusercontent.com/d/1DHIfcwN3kps1tp59nQijNySoDwC2aRX0
",1332,318,16.0,2,
"https://lh3.googleusercontent.com/d/1DHIfcwN3kps1tp59nQijNySoDwC2aRX0
",1399,293,16.0,1,4
"https://lh3.googleusercontent.com/d/1DHIfcwN3kps1tp59nQijNySoDwC2aRX0
",1379,332,18.0,1,4
"https://lh3.googleusercontent.com/d/1DHIfcwN3kps1tp59nQijNySoDwC2aRX0
",1420,331,15.0,1,
"https://lh3.googleusercontent.com/d/1DHIfcwN3kps1tp59nQijNySoDwC2aRX0
",1304,478,12.0,1,
"https://lh3.googleusercontent.com/d/1DHIfcwN3kps1tp59nQijNySoDwC2aRX0
",1332,482,16.0,2,
"https://lh3.googleusercontent.com/d/1DHIfcwN3kps1tp59nQijNySoDwC2aRX0
",1406,480,13.0,1,4
"https://lh3.googleusercontent.com/d/1DHIfcwN3kps1tp59nQijNySoDwC2aRX0
",374,557,17.0,1,2
"https://lh3.googleusercontent.com/d/1DHIfcwN3kps1tp59nQijNySoDwC2aRX0
",476,580,13.0,1,
"https://lh3.googleusercontent.com/d/1DHIfcwN3kps1tp59nQijNySoDwC2aRX0
",647,586,15.0,1,
"https://lh3.googleusercontent.com/d/1DHIfcwN3kps1tp59nQijNySoDwC2aRX0
",634,647,16.0,1,2
"https://lh3.googleusercontent.com/d/1DHIfcwN3kps1tp59nQijNySoDwC2aRX0
",725,647,18.0,1,2
"https://lh3.googleusercontent.com/d/1DHIfcwN3kps1tp59nQijNySoDwC2aRX0
",787,560,19.0,1,5
"https://lh3.googleusercontent.com/d/1DHIfcwN3kps1tp59nQijNySoDwC2aRX0
",828,567,16.0,1,2
"https://lh3.googleusercontent.com/d/1DHIfcwN3kps1tp59nQijNySoDwC2aRX0
",870,563,17.0,1,4
"https://lh3.googleusercontent.com/d/1DHIfcwN3kps1tp59nQijNySoDwC2aRX0
",915,565,13.0,1,
"https://lh3.googleusercontent.com/d/1DHIfcwN3kps1tp59nQijNySoDwC2aRX0
",954,554,15.0,1,2
"https://lh3.googleusercontent.com/d/1DHIfcwN3kps1tp59nQijNySoDwC2aRX0
",980,601,14.0,1,2
"https://lh3.googleusercontent.com/d/1DHIfcwN3kps1tp59nQijNySoDwC2aRX0
",996,677,16.0,1,2
"https://lh3.googleusercontent.com/d/1DHIfcwN3kps1tp59nQijNySoDwC2aRX0
",1058,644,11.0,1,
"https://lh3.googleusercontent.com/d/1DHIfcwN3kps1tp59nQijNySoDwC2aRX0
",1124,682,17.0,1,4
"https://lh3.googleusercontent.com/d/1DHIfcwN3kps1tp59nQijNySoDwC2aRX0
",1122,562,14.0,1,
"https://lh3.googleusercontent.com/d/1DHIfcwN3kps1tp59nQijNySoDwC2aRX0
",1166,566,15.0,1,
"https://lh3.googleusercontent.com/d/1DHIfcwN3kps1tp59nQijNySoDwC2aRX0
",1250,681,18.0,1,
"https://lh3.googleusercontent.com/d/1DHIfcwN3kps1tp59nQijNySoDwC2aRX0
",1228,596,12.0,1,
"https://lh3.googleusercontent.com/d/1DHIfcwN3kps1tp59nQijNySoDwC2aRX0
",1247,549,16.0,1,3
"https://lh3.googleusercontent.com/d/1DHIfcwN3kps1tp59nQijNySoDwC2aRX0
",1296,546,23.0,1,11
"https://lh3.googleusercontent.com/d/1DHIfcwN3kps1tp59nQijNySoDwC2aRX0
",1306,590,16.0,2,
"https://lh3.googleusercontent.com/d/1DHIfcwN3kps1tp59nQijNySoDwC2aRX0
",1333,590,16.0,1,9
"https://lh3.googleusercontent.com/d/1DHIfcwN3kps1tp59nQijNySoDwC2aRX0
",1377,554,16.0,1,6
"https://lh3.googleusercontent.com/d/1DHIfcwN3kps1tp59nQijNySoDwC2aRX0
",1392,595,15.0,1,5
"https://lh3.googleusercontent.com/d/1DHIfcwN3kps1tp59nQijNySoDwC2aRX0
",1320,646,18.0,1,2
"https://lh3.googleusercontent.com/d/1hJm2kSZCJRrPnq4OgYWwCK2ZY6plyXLP
",405,440,19.0,1,4
"https://lh3.googleusercontent.com/d/1hJm2kSZCJRrPnq4OgYWwCK2ZY6plyXLP
",552,424,31.0,2,13
"https://lh3.googleusercontent.com/d/1hJm2kSZCJRrPnq4OgYWwCK2ZY6plyXLP
",635,395,39.0,1,36
"https://lh3.googleusercontent.com/d/1hJm2kSZCJRrPnq4OgYWwCK2ZY6plyXLP
",741,334,23.0,1,2
"https://lh3.googleusercontent.com/d/1hJm2kSZCJRrPnq4OgYWwCK2ZY6plyXLP
",795,298,14.0,1,2
"https://lh3.googleusercontent.com/d/1hJm2kSZCJRrPnq4OgYWwCK2ZY6plyXLP
",829,307,20.0,2,
"https://lh3.googleusercontent.com/d/1hJm2kSZCJRrPnq4OgYWwCK2ZY6plyXLP
",809,367,21.0,1,4
"https://lh3.googleusercontent.com/d/1hJm2kSZCJRrPnq4OgYWwCK2ZY6plyXLP
",915,333,13.0,1,
"https://lh3.googleusercontent.com/d/1hJm2kSZCJRrPnq4OgYWwCK2ZY6plyXLP
",703,463,17.0,1,
"https://lh3.googleusercontent.com/d/1hJm2kSZCJRrPnq4OgYWwCK2ZY6plyXLP
",815,485,14.0,1,
"https://lh3.googleusercontent.com/d/1hJm2kSZCJRrPnq4OgYWwCK2ZY6plyXLP
",872,445,18.0,1,2
"https://lh3.googleusercontent.com/d/1hJm2kSZCJRrPnq4OgYWwCK2ZY6plyXLP
",975,418,14.0,1,
"https://lh3.googleusercontent.com/d/1hJm2kSZCJRrPnq4OgYWwCK2ZY6plyXLP
",1054,419,18.0,1,2
"https://lh3.googleusercontent.com/d/1hJm2kSZCJRrPnq4OgYWwCK2ZY6plyXLP
",1122,341,17.0,1,
"https://lh3.googleusercontent.com/d/1hJm2kSZCJRrPnq4OgYWwCK2ZY6plyXLP
",1142,488,19.0,1,2
"https://lh3.googleusercontent.com/d/1hJm2kSZCJRrPnq4OgYWwCK2ZY6plyXLP
",1224,371,17.0,1,2
"https://lh3.googleusercontent.com/d/1hJm2kSZCJRrPnq4OgYWwCK2ZY6plyXLP
",1291,361,15.0,1,
"https://lh3.googleusercontent.com/d/1hJm2kSZCJRrPnq4OgYWwCK2ZY6plyXLP
",1378,321,21.0,3,
"https://lh3.googleusercontent.com/d/1hJm2kSZCJRrPnq4OgYWwCK2ZY6plyXLP
",1408,370,18.0,1,2
"https://lh3.googleusercontent.com/d/1hJm2kSZCJRrPnq4OgYWwCK2ZY6plyXLP
",1392,417,16.0,1,2
"https://lh3.googleusercontent.com/d/1hJm2kSZCJRrPnq4OgYWwCK2ZY6plyXLP
",1390,487,19.0,1,3
"https://lh3.googleusercontent.com/d/1hJm2kSZCJRrPnq4OgYWwCK2ZY6plyXLP
",1421,561,17.0,1,
"https://lh3.googleusercontent.com/d/1hJm2kSZCJRrPnq4OgYWwCK2ZY6plyXLP
",1374,578,30.0,1,16
"https://lh3.googleusercontent.com/d/1hJm2kSZCJRrPnq4OgYWwCK2ZY6plyXLP
",1416,656,12.0,1,
"https://lh3.googleusercontent.com/d/1hJm2kSZCJRrPnq4OgYWwCK2ZY6plyXLP
",1374,678,20.0,1,3
"https://lh3.googleusercontent.com/d/1hJm2kSZCJRrPnq4OgYWwCK2ZY6plyXLP
",1416,729,15.0,1,3
"https://lh3.googleusercontent.com/d/1hJm2kSZCJRrPnq4OgYWwCK2ZY6plyXLP
",1328,714,19.0,2,
"https://lh3.googleusercontent.com/d/1hJm2kSZCJRrPnq4OgYWwCK2ZY6plyXLP
",1205,569,19.0,1,2
"https://lh3.googleusercontent.com/d/1hJm2kSZCJRrPnq4OgYWwCK2ZY6plyXLP
",1084,584,14.0,1,
"https://lh3.googleusercontent.com/d/1hJm2kSZCJRrPnq4OgYWwCK2ZY6plyXLP
",1058,662,23.0,2,3
"https://lh3.googleusercontent.com/d/1hJm2kSZCJRrPnq4OgYWwCK2ZY6plyXLP
",973,655,16.0,3,
"https://lh3.googleusercontent.com/d/1hJm2kSZCJRrPnq4OgYWwCK2ZY6plyXLP
",978,534,14.0,1,2
"https://lh3.googleusercontent.com/d/1hJm2kSZCJRrPnq4OgYWwCK2ZY6plyXLP
",872,582,20.0,1,3
"https://lh3.googleusercontent.com/d/1hJm2kSZCJRrPnq4OgYWwCK2ZY6plyXLP
",745,575,17.0,1,
"https://lh3.googleusercontent.com/d/1hJm2kSZCJRrPnq4OgYWwCK2ZY6plyXLP
",552,532,14.0,1,
"https://lh3.googleusercontent.com/d/1hJm2kSZCJRrPnq4OgYWwCK2ZY6plyXLP
",473,529,11.0,1,
"https://lh3.googleusercontent.com/d/1hJm2kSZCJRrPnq4OgYWwCK2ZY6plyXLP
",481,581,19.0,1,2
"https://lh3.googleusercontent.com/d/1hJm2kSZCJRrPnq4OgYWwCK2ZY6plyXLP
",371,559,18.0,1,2
"https://lh3.googleusercontent.com/d/1hJm2kSZCJRrPnq4OgYWwCK2ZY6plyXLP
",531,832,20.0,1,
"https://lh3.googleusercontent.com/d/1hJm2kSZCJRrPnq4OgYWwCK2ZY6plyXLP
",736,855,19.0,1,
"https://lh3.googleusercontent.com/d/1hJm2kSZCJRrPnq4OgYWwCK2ZY6plyXLP
",464,882,20.0,3,
"https://lh3.googleusercontent.com/d/1Mjmoln4DXXbMoR8tYzlYd1gzHYURqmwx
",366,406,16.0,1,3
"https://lh3.googleusercontent.com/d/1Mjmoln4DXXbMoR8tYzlYd1gzHYURqmwx
",410,402,12.0,1,
"https://lh3.googleusercontent.com/d/1Mjmoln4DXXbMoR8tYzlYd1gzHYURqmwx
",366,446,19.0,2,
"https://lh3.googleusercontent.com/d/1Mjmoln4DXXbMoR8tYzlYd1gzHYURqmwx
",410,431,17.0,2,
"https://lh3.googleusercontent.com/d/1Mjmoln4DXXbMoR8tYzlYd1gzHYURqmwx
",569,398,32.0,1,35
"https://lh3.googleusercontent.com/d/1Mjmoln4DXXbMoR8tYzlYd1gzHYURqmwx
",627,433,31.0,2,4
"https://lh3.googleusercontent.com/d/1Mjmoln4DXXbMoR8tYzlYd1gzHYURqmwx
",699,310,16.0,1,
"https://lh3.googleusercontent.com/d/1Mjmoln4DXXbMoR8tYzlYd1gzHYURqmwx
",722,469,23.0,2,
"https://lh3.googleusercontent.com/d/1Mjmoln4DXXbMoR8tYzlYd1gzHYURqmwx
",787,463,16.0,1,
"https://lh3.googleusercontent.com/d/1Mjmoln4DXXbMoR8tYzlYd1gzHYURqmwx
",1039,311,17.0,1,
"https://lh3.googleusercontent.com/d/1Mjmoln4DXXbMoR8tYzlYd1gzHYURqmwx
",1125,430,16.0,1,
"https://lh3.googleusercontent.com/d/1Mjmoln4DXXbMoR8tYzlYd1gzHYURqmwx
",1207,314,15.0,1,
"https://lh3.googleusercontent.com/d/1Mjmoln4DXXbMoR8tYzlYd1gzHYURqmwx
",1254,316,15.0,1,
"https://lh3.googleusercontent.com/d/1Mjmoln4DXXbMoR8tYzlYd1gzHYURqmwx
",1311,353,16.0,1,
"https://lh3.googleusercontent.com/d/1Mjmoln4DXXbMoR8tYzlYd1gzHYURqmwx
",1394,401,15.0,1,
"https://lh3.googleusercontent.com/d/1Mjmoln4DXXbMoR8tYzlYd1gzHYURqmwx
",1311,401,17.0,1,
"https://lh3.googleusercontent.com/d/1Mjmoln4DXXbMoR8tYzlYd1gzHYURqmwx
",1210,420,17.0,1,2
"https://lh3.googleusercontent.com/d/1Mjmoln4DXXbMoR8tYzlYd1gzHYURqmwx
",1229,469,17.0,1,3
"https://lh3.googleusercontent.com/d/1Mjmoln4DXXbMoR8tYzlYd1gzHYURqmwx
",1391,467,16.0,1,4
"https://lh3.googleusercontent.com/d/1Mjmoln4DXXbMoR8tYzlYd1gzHYURqmwx
",491,570,18.0,1,
"https://lh3.googleusercontent.com/d/1Mjmoln4DXXbMoR8tYzlYd1gzHYURqmwx
",544,647,18.0,1,
"https://lh3.googleusercontent.com/d/1Mjmoln4DXXbMoR8tYzlYd1gzHYURqmwx
",573,547,17.0,1,2
"https://lh3.googleusercontent.com/d/1Mjmoln4DXXbMoR8tYzlYd1gzHYURqmwx
",742,565,22.0,1,3
"https://lh3.googleusercontent.com/d/1Mjmoln4DXXbMoR8tYzlYd1gzHYURqmwx
",804,585,17.0,1,3
"https://lh3.googleusercontent.com/d/1Mjmoln4DXXbMoR8tYzlYd1gzHYURqmwx
",828,537,20.0,1,9
"https://lh3.googleusercontent.com/d/1Mjmoln4DXXbMoR8tYzlYd1gzHYURqmwx
",911,559,18.0,1,2
"https://lh3.googleusercontent.com/d/1Mjmoln4DXXbMoR8tYzlYd1gzHYURqmwx
",981,591,17.0,1,
"https://lh3.googleusercontent.com/d/1Mjmoln4DXXbMoR8tYzlYd1gzHYURqmwx
",956,667,18.0,1,
"https://lh3.googleusercontent.com/d/1Mjmoln4DXXbMoR8tYzlYd1gzHYURqmwx
",1057,586,18.0,1,2
"https://lh3.googleusercontent.com/d/1Mjmoln4DXXbMoR8tYzlYd1gzHYURqmwx
",1078,547,19.0,1,2
"https://lh3.googleusercontent.com/d/1Mjmoln4DXXbMoR8tYzlYd1gzHYURqmwx
",1165,551,17.0,1,
"https://lh3.googleusercontent.com/d/1Mjmoln4DXXbMoR8tYzlYd1gzHYURqmwx
",1079,665,20.0,1,3
"https://lh3.googleusercontent.com/d/1Mjmoln4DXXbMoR8tYzlYd1gzHYURqmwx
",1231,520,17.0,1,2
"https://lh3.googleusercontent.com/d/1Mjmoln4DXXbMoR8tYzlYd1gzHYURqmwx
",1221,589,16.0,1,2
"https://lh3.googleusercontent.com/d/1Mjmoln4DXXbMoR8tYzlYd1gzHYURqmwx
",1252,556,18.0,1,3
"https://lh3.googleusercontent.com/d/1Mjmoln4DXXbMoR8tYzlYd1gzHYURqmwx
",1306,518,17.0,1,4
"https://lh3.googleusercontent.com/d/1Mjmoln4DXXbMoR8tYzlYd1gzHYURqmwx
",1333,565,22.0,1,11
"https://lh3.googleusercontent.com/d/1Mjmoln4DXXbMoR8tYzlYd1gzHYURqmwx
",1307,634,13.0,1,1
"https://lh3.googleusercontent.com/d/1Mjmoln4DXXbMoR8tYzlYd1gzHYURqmwx
",1332,683,18.0,1,1
"https://lh3.googleusercontent.com/d/1Mjmoln4DXXbMoR8tYzlYd1gzHYURqmwx
",1397,638,18.0,1,5
"https://lh3.googleusercontent.com/d/1-nmbVB2E33-9mwqszD2sC_LST6JvXYtI
",1027,127,27.0,1,"5
"
"https://lh3.googleusercontent.com/d/1-nmbVB2E33-9mwqszD2sC_LST6JvXYtI
",1087,151,21.0,1,
"https://lh3.googleusercontent.com/d/1-nmbVB2E33-9mwqszD2sC_LST6JvXYtI
",1081,203,28.0,1,
"https://lh3.googleusercontent.com/d/1-nmbVB2E33-9mwqszD2sC_LST6JvXYtI
",1075,265,23.0,1,
"https://lh3.googleusercontent.com/d/1-nmbVB2E33-9mwqszD2sC_LST6JvXYtI
",1081,371,27.0,1,"2
"
"https://lh3.googleusercontent.com/d/1-nmbVB2E33-9mwqszD2sC_LST6JvXYtI
",1226,337,22.0,1,"2
"
"https://lh3.googleusercontent.com/d/1-nmbVB2E33-9mwqszD2sC_LST6JvXYtI
",1270,373,27.0,1,"2

"
"https://lh3.googleusercontent.com/d/1-nmbVB2E33-9mwqszD2sC_LST6JvXYtI
",1226,117,27.0,1,"8
"
"https://lh3.googleusercontent.com/d/1-nmbVB2E33-9mwqszD2sC_LST6JvXYtI
",1269,486,27.0,1,2
"https://lh3.googleusercontent.com/d/1-nmbVB2E33-9mwqszD2sC_LST6JvXYtI
",1340,458,25.639,1,
"https://lh3.googleusercontent.com/d/1-nmbVB2E33-9mwqszD2sC_LST6JvXYtI
",1020,567,25.0,1,
"https://lh3.googleusercontent.com/d/1-nmbVB2E33-9mwqszD2sC_LST6JvXYtI
",1136,569,20.999,1,"2
"
"https://lh3.googleusercontent.com/d/1-nmbVB2E33-9mwqszD2sC_LST6JvXYtI
",1217,583,26.0,1,"3
"
"https://lh3.googleusercontent.com/d/1-nmbVB2E33-9mwqszD2sC_LST6JvXYtI
",1132,678,28.763,1,
"https://lh3.googleusercontent.com/d/1-nmbVB2E33-9mwqszD2sC_LST6JvXYtI
",1094,768,28.0,1,2
"https://lh3.googleusercontent.com/d/1-nmbVB2E33-9mwqszD2sC_LST6JvXYtI
",1217,794,35.556,1,2
"https://lh3.googleusercontent.com/d/1-nmbVB2E33-9mwqszD2sC_LST6JvXYtI
",1131,902,26.0,1,
"https://lh3.googleusercontent.com/d/1-nmbVB2E33-9mwqszD2sC_LST6JvXYtI
",1209,907,25.0,1,
"https://lh3.googleusercontent.com/d/1-nmbVB2E33-9mwqszD2sC_LST6JvXYtI
",1284,937,28.0,1,
"https://lh3.googleusercontent.com/d/1-nmbVB2E33-9mwqszD2sC_LST6JvXYtI
",1275,1009,34.163,1,2
"https://lh3.googleusercontent.com/d/1DfSnp0lgRDOOwq8x_RoQbfNg9Vjb0bRb
",1075,127,18.0,1,
"https://lh3.googleusercontent.com/d/1DfSnp0lgRDOOwq8x_RoQbfNg9Vjb0bRb
",1035,156,17.0,1,
"https://lh3.googleusercontent.com/d/1DfSnp0lgRDOOwq8x_RoQbfNg9Vjb0bRb
",1253,176,24.0,1,2
"https://lh3.googleusercontent.com/d/1DfSnp0lgRDOOwq8x_RoQbfNg9Vjb0bRb
",1310,140,25.0,1,
"https://lh3.googleusercontent.com/d/1DfSnp0lgRDOOwq8x_RoQbfNg9Vjb0bRb
",1208,265,26.0,1,
"https://lh3.googleusercontent.com/d/1DfSnp0lgRDOOwq8x_RoQbfNg9Vjb0bRb
",1036,339,33.0,1,
"https://lh3.googleusercontent.com/d/1DfSnp0lgRDOOwq8x_RoQbfNg9Vjb0bRb
",1140,447,24.785,1,
"https://lh3.googleusercontent.com/d/1DfSnp0lgRDOOwq8x_RoQbfNg9Vjb0bRb
",1214,455,32.0,1,
"https://lh3.googleusercontent.com/d/1DfSnp0lgRDOOwq8x_RoQbfNg9Vjb0bRb
",1255,517,30.0,1,
"https://lh3.googleusercontent.com/d/1DfSnp0lgRDOOwq8x_RoQbfNg9Vjb0bRb
",1034,241,26.0,1,2
"https://lh3.googleusercontent.com/d/1DfSnp0lgRDOOwq8x_RoQbfNg9Vjb0bRb
",1139,629,38.0,1,2
"https://lh3.googleusercontent.com/d/1DfSnp0lgRDOOwq8x_RoQbfNg9Vjb0bRb
",1212,643,29.0,1,7
"https://lh3.googleusercontent.com/d/1DfSnp0lgRDOOwq8x_RoQbfNg9Vjb0bRb
",1137,725,24.0,1,
"https://lh3.googleusercontent.com/d/1DfSnp0lgRDOOwq8x_RoQbfNg9Vjb0bRb
",1250,706,25.0,1,
"https://lh3.googleusercontent.com/d/1DfSnp0lgRDOOwq8x_RoQbfNg9Vjb0bRb
",1214,849,30.0,1,
"https://lh3.googleusercontent.com/d/1DfSnp0lgRDOOwq8x_RoQbfNg9Vjb0bRb
",1136,825,30.0,1,
"https://lh3.googleusercontent.com/d/1DfSnp0lgRDOOwq8x_RoQbfNg9Vjb0bRb
",1206,731,24.0,1,2
"https://lh3.googleusercontent.com/d/1t6b4knWNmHDVv2La2E9t3J1ErprxKkoU
",1196,129,45.0,1,2
"https://lh3.googleusercontent.com/d/1t6b4knWNmHDVv2La2E9t3J1ErprxKkoU
",1276,141,31.0,1,5
"https://lh3.googleusercontent.com/d/1t6b4knWNmHDVv2La2E9t3J1ErprxKkoU
",1188,262,30.0,1,
"https://lh3.googleusercontent.com/d/1t6b4knWNmHDVv2La2E9t3J1ErprxKkoU
",1191,395,26.0,1,
"https://lh3.googleusercontent.com/d/1t6b4knWNmHDVv2La2E9t3J1ErprxKkoU
",1068,397,31.0,1,
"https://lh3.googleusercontent.com/d/1t6b4knWNmHDVv2La2E9t3J1ErprxKkoU
",1008,470,29.0,1,
"https://lh3.googleusercontent.com/d/1t6b4knWNmHDVv2La2E9t3J1ErprxKkoU
",1008,367,30.0,1,2
"https://lh3.googleusercontent.com/d/1t6b4knWNmHDVv2La2E9t3J1ErprxKkoU
",1192,470,28.0,1,2
"https://lh3.googleusercontent.com/d/1t6b4knWNmHDVv2La2E9t3J1ErprxKkoU
",1266,500,22.0,1,
"https://lh3.googleusercontent.com/d/1t6b4knWNmHDVv2La2E9t3J1ErprxKkoU
",1111,582,30.0,1,
"https://lh3.googleusercontent.com/d/1t6b4knWNmHDVv2La2E9t3J1ErprxKkoU
",1242,601,26.0,1,
"https://lh3.googleusercontent.com/d/1t6b4knWNmHDVv2La2E9t3J1ErprxKkoU
",1191,576,26.0,1,4
"https://lh3.googleusercontent.com/d/1t6b4knWNmHDVv2La2E9t3J1ErprxKkoU
",1253,708,28.0,1,
"https://lh3.googleusercontent.com/d/1t6b4knWNmHDVv2La2E9t3J1ErprxKkoU
",1110,675,32.0,1,3
"https://lh3.googleusercontent.com/d/1t6b4knWNmHDVv2La2E9t3J1ErprxKkoU
",1191,787,33.0,2,"
"
"https://lh3.googleusercontent.com/d/1t6b4knWNmHDVv2La2E9t3J1ErprxKkoU
",1198,902,33.0,1,2
"https://lh3.googleusercontent.com/d/1t6b4knWNmHDVv2La2E9t3J1ErprxKkoU
",1258,853,29.0,1,
"https://lh3.googleusercontent.com/d/1t6b4knWNmHDVv2La2E9t3J1ErprxKkoU
",1073,910,30.0,1,
"https://lh3.googleusercontent.com/d/1fnQ6YtYYFGUVnRCcFDfR97SXycM1UT3t
",1009,175,23.0,1,3
"https://lh3.googleusercontent.com/d/1fnQ6YtYYFGUVnRCcFDfR97SXycM1UT3t
",1114,168,25.0,1,
"https://lh3.googleusercontent.com/d/1fnQ6YtYYFGUVnRCcFDfR97SXycM1UT3t
",1076,206,20.0,1,
"https://lh3.googleusercontent.com/d/1fnQ6YtYYFGUVnRCcFDfR97SXycM1UT3t
",1203,178,27.0,1,2
"https://lh3.googleusercontent.com/d/1fnQ6YtYYFGUVnRCcFDfR97SXycM1UT3t
",1300,179,26.0,1,2
"https://lh3.googleusercontent.com/d/1fnQ6YtYYFGUVnRCcFDfR97SXycM1UT3t
",1192,292,29.0,1,
"https://lh3.googleusercontent.com/d/1fnQ6YtYYFGUVnRCcFDfR97SXycM1UT3t
",1114,279,25.0,1,
"https://lh3.googleusercontent.com/d/1fnQ6YtYYFGUVnRCcFDfR97SXycM1UT3t
",1070,315,24.0,1,
"https://lh3.googleusercontent.com/d/1fnQ6YtYYFGUVnRCcFDfR97SXycM1UT3t
",1006,379,29.0,1,
"https://lh3.googleusercontent.com/d/1fnQ6YtYYFGUVnRCcFDfR97SXycM1UT3t
",1285,381,38.0,1,2
"https://lh3.googleusercontent.com/d/1fnQ6YtYYFGUVnRCcFDfR97SXycM1UT3t
",1013,484,22.0,1,3
"https://lh3.googleusercontent.com/d/1fnQ6YtYYFGUVnRCcFDfR97SXycM1UT3t
",1073,512,28.0,1,2
"https://lh3.googleusercontent.com/d/1fnQ6YtYYFGUVnRCcFDfR97SXycM1UT3t
",1188,479,33.0,1,4
"https://lh3.googleusercontent.com/d/1fnQ6YtYYFGUVnRCcFDfR97SXycM1UT3t
",1290,498,29.0,1,
"https://lh3.googleusercontent.com/d/1fnQ6YtYYFGUVnRCcFDfR97SXycM1UT3t
",1015,587,33.0,1,
"https://lh3.googleusercontent.com/d/1fnQ6YtYYFGUVnRCcFDfR97SXycM1UT3t
",1191,594,29.0,1,9
"https://lh3.googleusercontent.com/d/1fnQ6YtYYFGUVnRCcFDfR97SXycM1UT3t
",1230,667,27.0,1,
"https://lh3.googleusercontent.com/d/1fnQ6YtYYFGUVnRCcFDfR97SXycM1UT3t
",1290,705,25.0,1,
"https://lh3.googleusercontent.com/d/1fnQ6YtYYFGUVnRCcFDfR97SXycM1UT3t
",1186,804,32.0,1,
"https://lh3.googleusercontent.com/d/1fnQ6YtYYFGUVnRCcFDfR97SXycM1UT3t
",1192,895,32.0,1,2
"https://lh3.googleusercontent.com/d/1N_vIxEUzl3SfFmxQhghvfPTwkievESZw
",1109,189,31.0,1,4
"https://lh3.googleusercontent.com/d/1N_vIxEUzl3SfFmxQhghvfPTwkievESZw
",1231,160,29.0,1,
"https://lh3.googleusercontent.com/d/1N_vIxEUzl3SfFmxQhghvfPTwkievESZw
",1292,194,22.0,1,
"https://lh3.googleusercontent.com/d/1N_vIxEUzl3SfFmxQhghvfPTwkievESZw
",1010,393,30.0,1,
"https://lh3.googleusercontent.com/d/1N_vIxEUzl3SfFmxQhghvfPTwkievESZw
",1190,472,27.0,1,2
"https://lh3.googleusercontent.com/d/1N_vIxEUzl3SfFmxQhghvfPTwkievESZw
",1243,514,23.0,1,
"https://lh3.googleusercontent.com/d/1N_vIxEUzl3SfFmxQhghvfPTwkievESZw
",1110,608,28.0,1,
"https://lh3.googleusercontent.com/d/1N_vIxEUzl3SfFmxQhghvfPTwkievESZw
",1114,699,23.0,1,
"https://lh3.googleusercontent.com/d/1N_vIxEUzl3SfFmxQhghvfPTwkievESZw
",1006,698,24.0,1,
"https://lh3.googleusercontent.com/d/1N_vIxEUzl3SfFmxQhghvfPTwkievESZw
",1187,678,30.0,1,
"https://lh3.googleusercontent.com/d/1N_vIxEUzl3SfFmxQhghvfPTwkievESZw
",1226,730,26.0,1,
"https://lh3.googleusercontent.com/d/1N_vIxEUzl3SfFmxQhghvfPTwkievESZw
",1189,589,29.0,1,2
"https://lh3.googleusercontent.com/d/1N_vIxEUzl3SfFmxQhghvfPTwkievESZw
",1048,728,29.0,1,2
"https://lh3.googleusercontent.com/d/1N_vIxEUzl3SfFmxQhghvfPTwkievESZw
",1285,809,29.0,1,2
"https://lh3.googleusercontent.com/d/1N_vIxEUzl3SfFmxQhghvfPTwkievESZw
",1187,908,34.0,1,2
"https://lh3.googleusercontent.com/d/12HYuJiD7hCqwfAny4oHpLzkTuWP6uM98
",1104,158,32.0,1,14
"https://lh3.googleusercontent.com/d/12HYuJiD7hCqwfAny4oHpLzkTuWP6uM98
",1047,200,25.0,1,
"https://lh3.googleusercontent.com/d/12HYuJiD7hCqwfAny4oHpLzkTuWP6uM98
",1294,152,23.0,1,
"https://lh3.googleusercontent.com/d/12HYuJiD7hCqwfAny4oHpLzkTuWP6uM98
",1187,268,24.0,1,
"https://lh3.googleusercontent.com/d/12HYuJiD7hCqwfAny4oHpLzkTuWP6uM98
",1006,275,25.0,1,2
"https://lh3.googleusercontent.com/d/12HYuJiD7hCqwfAny4oHpLzkTuWP6uM98
",1114,364,26.0,1,
"https://lh3.googleusercontent.com/d/12HYuJiD7hCqwfAny4oHpLzkTuWP6uM98
",1187,355,23.0,1,
"https://lh3.googleusercontent.com/d/12HYuJiD7hCqwfAny4oHpLzkTuWP6uM98
",1286,354,24.0,1,
"https://lh3.googleusercontent.com/d/12HYuJiD7hCqwfAny4oHpLzkTuWP6uM98
",1241,403,27.0,1,2
"https://lh3.googleusercontent.com/d/12HYuJiD7hCqwfAny4oHpLzkTuWP6uM98
",1190,460,20.0,1,
"https://lh3.googleusercontent.com/d/12HYuJiD7hCqwfAny4oHpLzkTuWP6uM98
",1186,590,32.0,1,2
"https://lh3.googleusercontent.com/d/12HYuJiD7hCqwfAny4oHpLzkTuWP6uM98
",1239,557,22.0,1,
"https://lh3.googleusercontent.com/d/12HYuJiD7hCqwfAny4oHpLzkTuWP6uM98
",1049,602,27.0,1,
"https://lh3.googleusercontent.com/d/12HYuJiD7hCqwfAny4oHpLzkTuWP6uM98
",1005,567,29.0,1,
"https://lh3.googleusercontent.com/d/12HYuJiD7hCqwfAny4oHpLzkTuWP6uM98
",1057,751,26.0,1,
"https://lh3.googleusercontent.com/d/12HYuJiD7hCqwfAny4oHpLzkTuWP6uM98
",1291,782,29.0,1,
"https://lh3.googleusercontent.com/d/12HYuJiD7hCqwfAny4oHpLzkTuWP6uM98
",1240,910,20.0,1,2
"https://lh3.googleusercontent.com/d/12HYuJiD7hCqwfAny4oHpLzkTuWP6uM98
",1004,877,30.0,1,2
"https://lh3.googleusercontent.com/d/12HYuJiD7hCqwfAny4oHpLzkTuWP6uM98
",1248,971,28.0,1,2
"https://lh3.googleusercontent.com/d/12HYuJiD7hCqwfAny4oHpLzkTuWP6uM98
",922,577,40.0,2,
"https://lh3.googleusercontent.com/d/1_q0HhRr89RyQ66hqE6BWl2psaUerZCFM
",245,595,20.0,1,"7
"
"https://lh3.googleusercontent.com/d/1_q0HhRr89RyQ66hqE6BWl2psaUerZCFM
",305,596,23.0,2,2
"https://lh3.googleusercontent.com/d/1_q0HhRr89RyQ66hqE6BWl2psaUerZCFM
",405,777,25.0,3,
"https://lh3.googleusercontent.com/d/1_q0HhRr89RyQ66hqE6BWl2psaUerZCFM
",351,749,17.0,1,
"https://lh3.googleusercontent.com/d/1_q0HhRr89RyQ66hqE6BWl2psaUerZCFM
",416,718,13.0,1,
"https://lh3.googleusercontent.com/d/1_q0HhRr89RyQ66hqE6BWl2psaUerZCFM
",458,749,16.0,1,
"https://lh3.googleusercontent.com/d/1_q0HhRr89RyQ66hqE6BWl2psaUerZCFM
",308,551,16.0,1,
"https://lh3.googleusercontent.com/d/1_q0HhRr89RyQ66hqE6BWl2psaUerZCFM
",357,550,17.0,1,2
"https://lh3.googleusercontent.com/d/1_q0HhRr89RyQ66hqE6BWl2psaUerZCFM
",280,649,14.0,1,
"https://lh3.googleusercontent.com/d/1_q0HhRr89RyQ66hqE6BWl2psaUerZCFM
",131,745,14.0,1,
"https://lh3.googleusercontent.com/d/1_q0HhRr89RyQ66hqE6BWl2psaUerZCFM
",191,749,15.0,1,
"https://lh3.googleusercontent.com/d/1_q0HhRr89RyQ66hqE6BWl2psaUerZCFM
",162,804,18.0,1,2
"https://lh3.googleusercontent.com/d/1_q0HhRr89RyQ66hqE6BWl2psaUerZCFM
",399,861,18.0,1,2
"https://lh3.googleusercontent.com/d/1_q0HhRr89RyQ66hqE6BWl2psaUerZCFM
",486,864,17.0,1,
"https://lh3.googleusercontent.com/d/1_q0HhRr89RyQ66hqE6BWl2psaUerZCFM
",492,804,15.0,1,
"https://lh3.googleusercontent.com/d/1_q0HhRr89RyQ66hqE6BWl2psaUerZCFM
",359,598,18.0,2,3
"https://lh3.googleusercontent.com/d/1_q0HhRr89RyQ66hqE6BWl2psaUerZCFM
",415,592,15.0,1,3
"https://lh3.googleusercontent.com/d/1_q0HhRr89RyQ66hqE6BWl2psaUerZCFM
",479,550,10.0,1,
"https://lh3.googleusercontent.com/d/1_q0HhRr89RyQ66hqE6BWl2psaUerZCFM
",463,598,13.0,1,
"https://lh3.googleusercontent.com/d/1_q0HhRr89RyQ66hqE6BWl2psaUerZCFM
",524,622,16.0,1,2
"https://lh3.googleusercontent.com/d/1_q0HhRr89RyQ66hqE6BWl2psaUerZCFM
",602,556,16.0,1,
"https://lh3.googleusercontent.com/d/1_q0HhRr89RyQ66hqE6BWl2psaUerZCFM
",602,660,14.0,1,
"https://lh3.googleusercontent.com/d/1_q0HhRr89RyQ66hqE6BWl2psaUerZCFM
",694,551,14.0,1,
"https://lh3.googleusercontent.com/d/1_q0HhRr89RyQ66hqE6BWl2psaUerZCFM
",691,658,15.0,1,
"https://lh3.googleusercontent.com/d/1_q0HhRr89RyQ66hqE6BWl2psaUerZCFM
",735,530,12.0,1,2
"https://lh3.googleusercontent.com/d/1_q0HhRr89RyQ66hqE6BWl2psaUerZCFM
",820,501,19.0,1,3
"https://lh3.googleusercontent.com/d/1_q0HhRr89RyQ66hqE6BWl2psaUerZCFM
",922,556,13.0,1,
"https://lh3.googleusercontent.com/d/1_q0HhRr89RyQ66hqE6BWl2psaUerZCFM
",785,756,14.0,1,
"https://lh3.googleusercontent.com/d/1_q0HhRr89RyQ66hqE6BWl2psaUerZCFM
",1193,906,25.0,2,2
"https://lh3.googleusercontent.com/d/1_q0HhRr89RyQ66hqE6BWl2psaUerZCFM
",1300,912,20.0,2,2
"https://lh3.googleusercontent.com/d/1_q0HhRr89RyQ66hqE6BWl2psaUerZCFM
",1236,773,19.0,2,2
"https://lh3.googleusercontent.com/d/1_q0HhRr89RyQ66hqE6BWl2psaUerZCFM
",1328,811,16.0,2,
"https://lh3.googleusercontent.com/d/1_q0HhRr89RyQ66hqE6BWl2psaUerZCFM
",1242,948,14.0,2,
"https://lh3.googleusercontent.com/d/1_q0HhRr89RyQ66hqE6BWl2psaUerZCFM
",1198,970,15.0,1,4
"https://lh3.googleusercontent.com/d/1_q0HhRr89RyQ66hqE6BWl2psaUerZCFM
",1352,921,12.0,1,2
"https://lh3.googleusercontent.com/d/1_q0HhRr89RyQ66hqE6BWl2psaUerZCFM
",1409,928,13.0,1,
"https://lh3.googleusercontent.com/d/1_q0HhRr89RyQ66hqE6BWl2psaUerZCFM
",1226,867,14.0,1,
"https://lh3.googleusercontent.com/d/1_q0HhRr89RyQ66hqE6BWl2psaUerZCFM
",1405,766,12.0,1,
"https://lh3.googleusercontent.com/d/1_q0HhRr89RyQ66hqE6BWl2psaUerZCFM
",1228,717,11.0,1,
"https://lh3.googleusercontent.com/d/1_q0HhRr89RyQ66hqE6BWl2psaUerZCFM
",1204,660,17.0,1,2
"https://lh3.googleusercontent.com/d/1_q0HhRr89RyQ66hqE6BWl2psaUerZCFM
",1328,654,18.0,3,
"https://lh3.googleusercontent.com/d/1_q0HhRr89RyQ66hqE6BWl2psaUerZCFM
",1448,600,13.0,2,2
"https://lh3.googleusercontent.com/d/1_q0HhRr89RyQ66hqE6BWl2psaUerZCFM
",1373,580,11.0,1,
"https://lh3.googleusercontent.com/d/1_q0HhRr89RyQ66hqE6BWl2psaUerZCFM
",1255,420,12.0,1,
"https://lh3.googleusercontent.com/d/1_q0HhRr89RyQ66hqE6BWl2psaUerZCFM
",1307,354,14.0,1,2
"https://lh3.googleusercontent.com/d/1_q0HhRr89RyQ66hqE6BWl2psaUerZCFM
",1355,302,22.0,2,12
"https://lh3.googleusercontent.com/d/1_q0HhRr89RyQ66hqE6BWl2psaUerZCFM
",1365,254,11.0,1,
"https://lh3.googleusercontent.com/d/1_q0HhRr89RyQ66hqE6BWl2psaUerZCFM
",1449,294,21.0,2,12
"https://lh3.googleusercontent.com/d/1s3UBjwhrla7pNBpQPy0j2COIX7uPsj6y
",285,739,14.0,1,2
"https://lh3.googleusercontent.com/d/1s3UBjwhrla7pNBpQPy0j2COIX7uPsj6y
",318,739,14.0,2,2
"https://lh3.googleusercontent.com/d/1s3UBjwhrla7pNBpQPy0j2COIX7uPsj6y
",374,566,19.0,1,4
"https://lh3.googleusercontent.com/d/1s3UBjwhrla7pNBpQPy0j2COIX7uPsj6y
",379,609,21.0,1,14
"https://lh3.googleusercontent.com/d/1s3UBjwhrla7pNBpQPy0j2COIX7uPsj6y
",425,591,17.0,2,2
"https://lh3.googleusercontent.com/d/1s3UBjwhrla7pNBpQPy0j2COIX7uPsj6y
",473,557,18.0,2,4
"https://lh3.googleusercontent.com/d/1s3UBjwhrla7pNBpQPy0j2COIX7uPsj6y
",469,596,12.0,1,6
"https://lh3.googleusercontent.com/d/1s3UBjwhrla7pNBpQPy0j2COIX7uPsj6y
",561,575,15.0,1,2
"https://lh3.googleusercontent.com/d/1s3UBjwhrla7pNBpQPy0j2COIX7uPsj6y
",658,536,14.0,1,3
"https://lh3.googleusercontent.com/d/1s3UBjwhrla7pNBpQPy0j2COIX7uPsj6y
",693,536,14.0,2,
"https://lh3.googleusercontent.com/d/1s3UBjwhrla7pNBpQPy0j2COIX7uPsj6y
",768,529,13.0,1,2
"https://lh3.googleusercontent.com/d/1s3UBjwhrla7pNBpQPy0j2COIX7uPsj6y
",386,663,12.0,1,2
"https://lh3.googleusercontent.com/d/1s3UBjwhrla7pNBpQPy0j2COIX7uPsj6y
",420,686,14.0,1,5
"https://lh3.googleusercontent.com/d/1s3UBjwhrla7pNBpQPy0j2COIX7uPsj6y
",418,720,16.0,2,
"https://lh3.googleusercontent.com/d/1s3UBjwhrla7pNBpQPy0j2COIX7uPsj6y
",390,742,11.0,1,
"https://lh3.googleusercontent.com/d/1s3UBjwhrla7pNBpQPy0j2COIX7uPsj6y
",512,666,13.0,1,2
"https://lh3.googleusercontent.com/d/1s3UBjwhrla7pNBpQPy0j2COIX7uPsj6y
",514,698,17.0,2,
"https://lh3.googleusercontent.com/d/1s3UBjwhrla7pNBpQPy0j2COIX7uPsj6y
",496,742,13.0,2,
"https://lh3.googleusercontent.com/d/1s3UBjwhrla7pNBpQPy0j2COIX7uPsj6y
",468,742,12.0,1,2
"https://lh3.googleusercontent.com/d/1s3UBjwhrla7pNBpQPy0j2COIX7uPsj6y
",558,705,15.0,2,
"https://lh3.googleusercontent.com/d/1s3UBjwhrla7pNBpQPy0j2COIX7uPsj6y
",610,708,10.0,1,
"https://lh3.googleusercontent.com/d/1s3UBjwhrla7pNBpQPy0j2COIX7uPsj6y
",672,663,11.0,1,
"https://lh3.googleusercontent.com/d/1s3UBjwhrla7pNBpQPy0j2COIX7uPsj6y
",677,739,12.0,1,
"https://lh3.googleusercontent.com/d/1s3UBjwhrla7pNBpQPy0j2COIX7uPsj6y
",700,702,13.0,1,
"https://lh3.googleusercontent.com/d/1s3UBjwhrla7pNBpQPy0j2COIX7uPsj6y
",518,827,13.0,1,
"https://lh3.googleusercontent.com/d/1s3UBjwhrla7pNBpQPy0j2COIX7uPsj6y
",780,828,14.0,1,
"https://lh3.googleusercontent.com/d/1s3UBjwhrla7pNBpQPy0j2COIX7uPsj6y
",888,695,12.0,1,
"https://lh3.googleusercontent.com/d/1s3UBjwhrla7pNBpQPy0j2COIX7uPsj6y
",932,694,12.0,1,
"https://lh3.googleusercontent.com/d/1s3UBjwhrla7pNBpQPy0j2COIX7uPsj6y
",981,701,14.0,1,
"https://lh3.googleusercontent.com/d/1s3UBjwhrla7pNBpQPy0j2COIX7uPsj6y
",961,871,11.0,1,
"https://lh3.googleusercontent.com/d/1s3UBjwhrla7pNBpQPy0j2COIX7uPsj6y
",1027,835,14.0,1,
"https://lh3.googleusercontent.com/d/1s3UBjwhrla7pNBpQPy0j2COIX7uPsj6y
",1094,866,11.0,1,
"https://lh3.googleusercontent.com/d/1s3UBjwhrla7pNBpQPy0j2COIX7uPsj6y
",1199,827,22.0,1,10
"https://lh3.googleusercontent.com/d/1s3UBjwhrla7pNBpQPy0j2COIX7uPsj6y
",1315,876,16.0,1,2
"https://lh3.googleusercontent.com/d/1s3UBjwhrla7pNBpQPy0j2COIX7uPsj6y
",1380,821,15.0,2,
"https://lh3.googleusercontent.com/d/1s3UBjwhrla7pNBpQPy0j2COIX7uPsj6y
",1375,790,15.0,1,5
"https://lh3.googleusercontent.com/d/1s3UBjwhrla7pNBpQPy0j2COIX7uPsj6y
",1376,717,16.0,3,
"https://lh3.googleusercontent.com/d/1s3UBjwhrla7pNBpQPy0j2COIX7uPsj6y
",1373,676,14.0,1,
"https://lh3.googleusercontent.com/d/1s3UBjwhrla7pNBpQPy0j2COIX7uPsj6y
",1326,670,19.0,1,3
"https://lh3.googleusercontent.com/d/1s3UBjwhrla7pNBpQPy0j2COIX7uPsj6y
",1282,697,14.0,1,2
"https://lh3.googleusercontent.com/d/1s3UBjwhrla7pNBpQPy0j2COIX7uPsj6y
",1233,696,21.0,2,
"https://lh3.googleusercontent.com/d/1s3UBjwhrla7pNBpQPy0j2COIX7uPsj6y
",1219,738,12.0,1,
"https://lh3.googleusercontent.com/d/1s3UBjwhrla7pNBpQPy0j2COIX7uPsj6y
",1186,702,15.0,1,
"https://lh3.googleusercontent.com/d/1s3UBjwhrla7pNBpQPy0j2COIX7uPsj6y
",1336,531,11.0,1,
"https://lh3.googleusercontent.com/d/1s3UBjwhrla7pNBpQPy0j2COIX7uPsj6y
",1142,595,16.0,1,
"https://lh3.googleusercontent.com/d/1s3UBjwhrla7pNBpQPy0j2COIX7uPsj6y
",1399,542,18.0,1,2
"https://lh3.googleusercontent.com/d/1s3UBjwhrla7pNBpQPy0j2COIX7uPsj6y
",838,555,17.0,1,3
"https://lh3.googleusercontent.com/d/1s3UBjwhrla7pNBpQPy0j2COIX7uPsj6y
",878,603,12.0,1,
"https://lh3.googleusercontent.com/d/1s3UBjwhrla7pNBpQPy0j2COIX7uPsj6y
",1030,304,18.0,1,2
"https://lh3.googleusercontent.com/d/1s3UBjwhrla7pNBpQPy0j2COIX7uPsj6y
",1352,245,22.0,2,8
"https://lh3.googleusercontent.com/d/1a3OPxv45xGYBFoh2R-2Nv20VxqEHPTqp
",804,361,33.0,1,20
"https://lh3.googleusercontent.com/d/1a3OPxv45xGYBFoh2R-2Nv20VxqEHPTqp
",1400,339,26.0,2,12
"https://lh3.googleusercontent.com/d/1a3OPxv45xGYBFoh2R-2Nv20VxqEHPTqp
",1410,542,46.0,2,7
"https://lh3.googleusercontent.com/d/1a3OPxv45xGYBFoh2R-2Nv20VxqEHPTqp
",1408,644,26.0,2,3
"https://lh3.googleusercontent.com/d/1a3OPxv45xGYBFoh2R-2Nv20VxqEHPTqp
",1350,741,23.0,3,2
"https://lh3.googleusercontent.com/d/1a3OPxv45xGYBFoh2R-2Nv20VxqEHPTqp
",1358,785,22.0,1,4
"https://lh3.googleusercontent.com/d/1a3OPxv45xGYBFoh2R-2Nv20VxqEHPTqp
",1371,888,24.0,1,6
"https://lh3.googleusercontent.com/d/1a3OPxv45xGYBFoh2R-2Nv20VxqEHPTqp
",1264,605,24.0,1,3
"https://lh3.googleusercontent.com/d/1a3OPxv45xGYBFoh2R-2Nv20VxqEHPTqp
",824,520,22.0,1,
"https://lh3.googleusercontent.com/d/1a3OPxv45xGYBFoh2R-2Nv20VxqEHPTqp
",1089,658,21.0,1,3
"https://lh3.googleusercontent.com/d/1a3OPxv45xGYBFoh2R-2Nv20VxqEHPTqp
",947,639,20.0,1,
"https://lh3.googleusercontent.com/d/1a3OPxv45xGYBFoh2R-2Nv20VxqEHPTqp
",1266,724,25.0,1,3
"https://lh3.googleusercontent.com/d/1a3OPxv45xGYBFoh2R-2Nv20VxqEHPTqp
",1266,781,23.0,2,
"https://lh3.googleusercontent.com/d/1a3OPxv45xGYBFoh2R-2Nv20VxqEHPTqp
",1296,933,23.0,2,
"https://lh3.googleusercontent.com/d/1a3OPxv45xGYBFoh2R-2Nv20VxqEHPTqp
",1262,943,22.0,1,3
"https://lh3.googleusercontent.com/d/1a3OPxv45xGYBFoh2R-2Nv20VxqEHPTqp
",1315,857,18.0,1,
"https://lh3.googleusercontent.com/d/1a3OPxv45xGYBFoh2R-2Nv20VxqEHPTqp
",1216,778,19.0,1,
"https://lh3.googleusercontent.com/d/1a3OPxv45xGYBFoh2R-2Nv20VxqEHPTqp
",1165,743,20.0,1,
"https://lh3.googleusercontent.com/d/1a3OPxv45xGYBFoh2R-2Nv20VxqEHPTqp
",1116,786,18.0,1,
"https://lh3.googleusercontent.com/d/1a3OPxv45xGYBFoh2R-2Nv20VxqEHPTqp
",1113,730,18.0,1,3
"https://lh3.googleusercontent.com/d/1a3OPxv45xGYBFoh2R-2Nv20VxqEHPTqp
",947,782,23.0,1,2
"https://lh3.googleusercontent.com/d/1a3OPxv45xGYBFoh2R-2Nv20VxqEHPTqp
",798,719,21.0,1,
"https://lh3.googleusercontent.com/d/1a3OPxv45xGYBFoh2R-2Nv20VxqEHPTqp
",800,912,26.0,1,2
"https://lh3.googleusercontent.com/d/1a3OPxv45xGYBFoh2R-2Nv20VxqEHPTqp
",699,739,22.0,1,
"https://lh3.googleusercontent.com/d/1a3OPxv45xGYBFoh2R-2Nv20VxqEHPTqp
",646,893,21.0,1,
"https://lh3.googleusercontent.com/d/1a3OPxv45xGYBFoh2R-2Nv20VxqEHPTqp
",629,576,23.0,2,
"https://lh3.googleusercontent.com/d/1a3OPxv45xGYBFoh2R-2Nv20VxqEHPTqp
",422,933,22.0,1,
"https://lh3.googleusercontent.com/d/1a3OPxv45xGYBFoh2R-2Nv20VxqEHPTqp
",456,865,16.0,1,
"https://lh3.googleusercontent.com/d/1a3OPxv45xGYBFoh2R-2Nv20VxqEHPTqp
",430,793,17.0,1,
"https://lh3.googleusercontent.com/d/1a3OPxv45xGYBFoh2R-2Nv20VxqEHPTqp
",233,849,17.0,1,2
"https://lh3.googleusercontent.com/d/1a3OPxv45xGYBFoh2R-2Nv20VxqEHPTqp
",202,750,21.0,1,
"https://lh3.googleusercontent.com/d/1a3OPxv45xGYBFoh2R-2Nv20VxqEHPTqp
",350,784,22.0,1,2
"https://lh3.googleusercontent.com/d/1a3OPxv45xGYBFoh2R-2Nv20VxqEHPTqp
",453,748,19.0,1,2
"https://lh3.googleusercontent.com/d/1a3OPxv45xGYBFoh2R-2Nv20VxqEHPTqp
",405,755,17.0,1,
"https://lh3.googleusercontent.com/d/1a3OPxv45xGYBFoh2R-2Nv20VxqEHPTqp
",308,710,16.0,1,
"https://lh3.googleusercontent.com/d/1a3OPxv45xGYBFoh2R-2Nv20VxqEHPTqp
",352,717,24.0,2,2
"https://lh3.googleusercontent.com/d/1a3OPxv45xGYBFoh2R-2Nv20VxqEHPTqp
",442,705,23.0,2,2
"https://lh3.googleusercontent.com/d/1a3OPxv45xGYBFoh2R-2Nv20VxqEHPTqp
",405,702,21.0,1,4
"https://lh3.googleusercontent.com/d/1a3OPxv45xGYBFoh2R-2Nv20VxqEHPTqp
",410,635,21.0,2,
"https://lh3.googleusercontent.com/d/1a3OPxv45xGYBFoh2R-2Nv20VxqEHPTqp
",350,655,20.0,2,3
"https://lh3.googleusercontent.com/d/1a3OPxv45xGYBFoh2R-2Nv20VxqEHPTqp
",308,622,22.0,2,3
"https://lh3.googleusercontent.com/d/1a3OPxv45xGYBFoh2R-2Nv20VxqEHPTqp
",360,603,17.0,1,2
"https://lh3.googleusercontent.com/d/1a3OPxv45xGYBFoh2R-2Nv20VxqEHPTqp
",314,574,23.0,1,10
"https://lh3.googleusercontent.com/d/1a3OPxv45xGYBFoh2R-2Nv20VxqEHPTqp
",410,598,15.0,1,5
"https://lh3.googleusercontent.com/d/1634beOMnc5xx4TyOaEi2Km2gWYrs5qOw
",205,642,14.0,1,
"https://lh3.googleusercontent.com/d/1634beOMnc5xx4TyOaEi2Km2gWYrs5qOw
",260,604,18.0,1,2
"https://lh3.googleusercontent.com/d/1634beOMnc5xx4TyOaEi2Km2gWYrs5qOw
",309,611,26.0,2,2
"https://lh3.googleusercontent.com/d/1634beOMnc5xx4TyOaEi2Km2gWYrs5qOw
",325,575,15.0,1,2
"https://lh3.googleusercontent.com/d/1634beOMnc5xx4TyOaEi2Km2gWYrs5qOw
",355,631,15.0,2,3
"https://lh3.googleusercontent.com/d/1634beOMnc5xx4TyOaEi2Km2gWYrs5qOw
",305,652,9.0,1,
"https://lh3.googleusercontent.com/d/1634beOMnc5xx4TyOaEi2Km2gWYrs5qOw
",346,667,11.0,1,
"https://lh3.googleusercontent.com/d/1634beOMnc5xx4TyOaEi2Km2gWYrs5qOw
",406,613,17.0,1,8
"https://lh3.googleusercontent.com/d/1634beOMnc5xx4TyOaEi2Km2gWYrs5qOw
",457,605,10.0,1,
"https://lh3.googleusercontent.com/d/1634beOMnc5xx4TyOaEi2Km2gWYrs5qOw
",523,657,12.0,1,2
"https://lh3.googleusercontent.com/d/1634beOMnc5xx4TyOaEi2Km2gWYrs5qOw
",533,717,12.0,1,
"https://lh3.googleusercontent.com/d/1634beOMnc5xx4TyOaEi2Km2gWYrs5qOw
",434,713,14.0,1,2
"https://lh3.googleusercontent.com/d/1634beOMnc5xx4TyOaEi2Km2gWYrs5qOw
",407,753,14.0,1,
"https://lh3.googleusercontent.com/d/1634beOMnc5xx4TyOaEi2Km2gWYrs5qOw
",304,757,12.0,1,
"https://lh3.googleusercontent.com/d/1634beOMnc5xx4TyOaEi2Km2gWYrs5qOw
",236,854,13.0,1,
"https://lh3.googleusercontent.com/d/1634beOMnc5xx4TyOaEi2Km2gWYrs5qOw
",553,910,14.0,1,
"https://lh3.googleusercontent.com/d/1634beOMnc5xx4TyOaEi2Km2gWYrs5qOw
",629,794,14.0,1,
"https://lh3.googleusercontent.com/d/1634beOMnc5xx4TyOaEi2Km2gWYrs5qOw
",631,939,14.0,1,
"https://lh3.googleusercontent.com/d/1634beOMnc5xx4TyOaEi2Km2gWYrs5qOw
",798,896,13.0,1,
"https://lh3.googleusercontent.com/d/1634beOMnc5xx4TyOaEi2Km2gWYrs5qOw
",946,893,18.0,1,
"https://lh3.googleusercontent.com/d/1634beOMnc5xx4TyOaEi2Km2gWYrs5qOw
",798,746,12.0,1,
"https://lh3.googleusercontent.com/d/1634beOMnc5xx4TyOaEi2Km2gWYrs5qOw
",795,472,20.0,1,3
"https://lh3.googleusercontent.com/d/1634beOMnc5xx4TyOaEi2Km2gWYrs5qOw
",924,575,15.0,1,
"https://lh3.googleusercontent.com/d/1634beOMnc5xx4TyOaEi2Km2gWYrs5qOw
",992,649,17.0,1,
"https://lh3.googleusercontent.com/d/1634beOMnc5xx4TyOaEi2Km2gWYrs5qOw
",1163,634,17.0,1,
"https://lh3.googleusercontent.com/d/1634beOMnc5xx4TyOaEi2Km2gWYrs5qOw
",1192,712,17.0,2,
"https://lh3.googleusercontent.com/d/1634beOMnc5xx4TyOaEi2Km2gWYrs5qOw
",1286,940,20.0,1,7
"https://lh3.googleusercontent.com/d/1634beOMnc5xx4TyOaEi2Km2gWYrs5qOw
",1364,936,16.0,1,
"https://lh3.googleusercontent.com/d/1634beOMnc5xx4TyOaEi2Km2gWYrs5qOw
",1284,851,19.0,3,
"https://lh3.googleusercontent.com/d/1634beOMnc5xx4TyOaEi2Km2gWYrs5qOw
",1277,795,19.0,2,
"https://lh3.googleusercontent.com/d/1634beOMnc5xx4TyOaEi2Km2gWYrs5qOw
",1315,773,16.0,3,
"https://lh3.googleusercontent.com/d/1634beOMnc5xx4TyOaEi2Km2gWYrs5qOw
",1315,730,17.0,1,2
"https://lh3.googleusercontent.com/d/1634beOMnc5xx4TyOaEi2Km2gWYrs5qOw
",1326,636,16.0,1,2
"https://lh3.googleusercontent.com/d/1634beOMnc5xx4TyOaEi2Km2gWYrs5qOw
",1398,541,19.0,1,3
"https://lh3.googleusercontent.com/d/1634beOMnc5xx4TyOaEi2Km2gWYrs5qOw
",1400,480,27.0,2,5
"https://lh3.googleusercontent.com/d/1634beOMnc5xx4TyOaEi2Km2gWYrs5qOw
",903,293,12.0,1,
"https://lh3.googleusercontent.com/d/1634beOMnc5xx4TyOaEi2Km2gWYrs5qOw
",849,878,19.0,1,2
"https://lh3.googleusercontent.com/d/1634beOMnc5xx4TyOaEi2Km2gWYrs5qOw
",358,599,14.0,1,5
"https://lh3.googleusercontent.com/d/1kRS_y7GsYRNXrbJdMJE0NpOcxR9wpnUC
",255,622,18.0,1,
"https://lh3.googleusercontent.com/d/1kRS_y7GsYRNXrbJdMJE0NpOcxR9wpnUC
",331,584,14.0,1,
"https://lh3.googleusercontent.com/d/1kRS_y7GsYRNXrbJdMJE0NpOcxR9wpnUC
",460,592,16.0,1,
"https://lh3.googleusercontent.com/d/1kRS_y7GsYRNXrbJdMJE0NpOcxR9wpnUC
",530,585,14.0,1,
"https://lh3.googleusercontent.com/d/1kRS_y7GsYRNXrbJdMJE0NpOcxR9wpnUC
",313,743,15.0,1,
"https://lh3.googleusercontent.com/d/1kRS_y7GsYRNXrbJdMJE0NpOcxR9wpnUC
",336,808,14.0,1,
"https://lh3.googleusercontent.com/d/1kRS_y7GsYRNXrbJdMJE0NpOcxR9wpnUC
",437,802,15.0,1,
"https://lh3.googleusercontent.com/d/1kRS_y7GsYRNXrbJdMJE0NpOcxR9wpnUC
",503,891,15.0,1,
"https://lh3.googleusercontent.com/d/1kRS_y7GsYRNXrbJdMJE0NpOcxR9wpnUC
",533,862,12.0,1,
"https://lh3.googleusercontent.com/d/1kRS_y7GsYRNXrbJdMJE0NpOcxR9wpnUC
",629,866,16.0,1,
"https://lh3.googleusercontent.com/d/1kRS_y7GsYRNXrbJdMJE0NpOcxR9wpnUC
",704,871,15.0,1,
"https://lh3.googleusercontent.com/d/1kRS_y7GsYRNXrbJdMJE0NpOcxR9wpnUC
",721,799,13.0,1,
"https://lh3.googleusercontent.com/d/1kRS_y7GsYRNXrbJdMJE0NpOcxR9wpnUC
",722,723,16.0,1,
"https://lh3.googleusercontent.com/d/1kRS_y7GsYRNXrbJdMJE0NpOcxR9wpnUC
",628,725,16.0,1,
"https://lh3.googleusercontent.com/d/1kRS_y7GsYRNXrbJdMJE0NpOcxR9wpnUC
",533,727,15.0,1,
"https://lh3.googleusercontent.com/d/1kRS_y7GsYRNXrbJdMJE0NpOcxR9wpnUC
",702,614,15.0,1,
"https://lh3.googleusercontent.com/d/1kRS_y7GsYRNXrbJdMJE0NpOcxR9wpnUC
",652,626,23.0,2,
"https://lh3.googleusercontent.com/d/1kRS_y7GsYRNXrbJdMJE0NpOcxR9wpnUC
",550,635,20.0,1,2
"https://lh3.googleusercontent.com/d/1kRS_y7GsYRNXrbJdMJE0NpOcxR9wpnUC
",408,608,21.0,1,4
"https://lh3.googleusercontent.com/d/1kRS_y7GsYRNXrbJdMJE0NpOcxR9wpnUC
",362,612,19.0,1,3
"https://lh3.googleusercontent.com/d/1kRS_y7GsYRNXrbJdMJE0NpOcxR9wpnUC
",304,609,21.0,1,8
"https://lh3.googleusercontent.com/d/1kRS_y7GsYRNXrbJdMJE0NpOcxR9wpnUC
",455,667,21.0,1,4
"https://lh3.googleusercontent.com/d/1kRS_y7GsYRNXrbJdMJE0NpOcxR9wpnUC
",408,665,22.0,2,2
"https://lh3.googleusercontent.com/d/1kRS_y7GsYRNXrbJdMJE0NpOcxR9wpnUC
",357,651,24.0,2,2
"https://lh3.googleusercontent.com/d/1kRS_y7GsYRNXrbJdMJE0NpOcxR9wpnUC
",308,653,23.0,2,4
"https://lh3.googleusercontent.com/d/1kRS_y7GsYRNXrbJdMJE0NpOcxR9wpnUC
",436,725,19.0,1,2
"https://lh3.googleusercontent.com/d/1kRS_y7GsYRNXrbJdMJE0NpOcxR9wpnUC
",456,914,22.0,1,2
"https://lh3.googleusercontent.com/d/1kRS_y7GsYRNXrbJdMJE0NpOcxR9wpnUC
",622,805,23.0,1,2
"https://lh3.googleusercontent.com/d/1kRS_y7GsYRNXrbJdMJE0NpOcxR9wpnUC
",533,805,17.0,1,2
"https://lh3.googleusercontent.com/d/1kRS_y7GsYRNXrbJdMJE0NpOcxR9wpnUC
",504,758,20.0,1,3
"https://lh3.googleusercontent.com/d/1kRS_y7GsYRNXrbJdMJE0NpOcxR9wpnUC
",848,352,21.0,1,2
"https://lh3.googleusercontent.com/d/1kRS_y7GsYRNXrbJdMJE0NpOcxR9wpnUC
",1110,354,22.0,1,3
"https://lh3.googleusercontent.com/d/1kRS_y7GsYRNXrbJdMJE0NpOcxR9wpnUC
",1167,377,20.0,1,2
"https://lh3.googleusercontent.com/d/1kRS_y7GsYRNXrbJdMJE0NpOcxR9wpnUC
",1058,448,19.0,1,
"https://lh3.googleusercontent.com/d/1kRS_y7GsYRNXrbJdMJE0NpOcxR9wpnUC
",999,474,16.0,1,
"https://lh3.googleusercontent.com/d/1kRS_y7GsYRNXrbJdMJE0NpOcxR9wpnUC
",1109,512,19.0,1,3
"https://lh3.googleusercontent.com/d/1kRS_y7GsYRNXrbJdMJE0NpOcxR9wpnUC
",1265,592,21.0,2,
"https://lh3.googleusercontent.com/d/1kRS_y7GsYRNXrbJdMJE0NpOcxR9wpnUC
",1409,656,35.0,2,2
"https://lh3.googleusercontent.com/d/1kRS_y7GsYRNXrbJdMJE0NpOcxR9wpnUC
",1261,661,22.0,1,3
"https://lh3.googleusercontent.com/d/1kRS_y7GsYRNXrbJdMJE0NpOcxR9wpnUC
",999,604,26.0,2,2
"https://lh3.googleusercontent.com/d/1kRS_y7GsYRNXrbJdMJE0NpOcxR9wpnUC
",900,617,22.0,1,2
"https://lh3.googleusercontent.com/d/1kRS_y7GsYRNXrbJdMJE0NpOcxR9wpnUC
",843,728,24.0,1,4
"https://lh3.googleusercontent.com/d/1kRS_y7GsYRNXrbJdMJE0NpOcxR9wpnUC
",1114,722,19.0,3,
"https://lh3.googleusercontent.com/d/1kRS_y7GsYRNXrbJdMJE0NpOcxR9wpnUC
",1025,803,24.0,1,2
"https://lh3.googleusercontent.com/d/1kRS_y7GsYRNXrbJdMJE0NpOcxR9wpnUC
",1211,743,20.0,1,5
"https://lh3.googleusercontent.com/d/1kRS_y7GsYRNXrbJdMJE0NpOcxR9wpnUC
",1214,781,18.0,2,
"https://lh3.googleusercontent.com/d/1kRS_y7GsYRNXrbJdMJE0NpOcxR9wpnUC
",900,897,20.0,1,2
"https://lh3.googleusercontent.com/d/1kRS_y7GsYRNXrbJdMJE0NpOcxR9wpnUC
",845,929,14.0,1,
"https://lh3.googleusercontent.com/d/1kRS_y7GsYRNXrbJdMJE0NpOcxR9wpnUC
",1115,943,20.0,1,2
"https://lh3.googleusercontent.com/d/1kRS_y7GsYRNXrbJdMJE0NpOcxR9wpnUC
",1163,881,17.0,1,5
"https://lh3.googleusercontent.com/d/1kRS_y7GsYRNXrbJdMJE0NpOcxR9wpnUC
",1284,860,16.0,1,
"https://lh3.googleusercontent.com/d/1kRS_y7GsYRNXrbJdMJE0NpOcxR9wpnUC
",1344,838,29.0,2,3
"https://lh3.googleusercontent.com/d/1kRS_y7GsYRNXrbJdMJE0NpOcxR9wpnUC
",1360,893,20.0,1,3
"https://lh3.googleusercontent.com/d/1igp1SQlrWiSTl45pGliqa615CxzFFOHc
",1353,231,34.0,2,8
"https://lh3.googleusercontent.com/d/1igp1SQlrWiSTl45pGliqa615CxzFFOHc
",1391,295,24.0,3,
"https://lh3.googleusercontent.com/d/1igp1SQlrWiSTl45pGliqa615CxzFFOHc
",1375,334,20.0,1,3
"https://lh3.googleusercontent.com/d/1igp1SQlrWiSTl45pGliqa615CxzFFOHc
",992,361,24.0,1,3
"https://lh3.googleusercontent.com/d/1igp1SQlrWiSTl45pGliqa615CxzFFOHc
",996,440,22.0,1,
"https://lh3.googleusercontent.com/d/1igp1SQlrWiSTl45pGliqa615CxzFFOHc
",1216,494,25.0,3,
"https://lh3.googleusercontent.com/d/1igp1SQlrWiSTl45pGliqa615CxzFFOHc
",1213,583,24.0,1,5
"https://lh3.googleusercontent.com/d/1igp1SQlrWiSTl45pGliqa615CxzFFOHc
",1260,611,22.0,1,3
"https://lh3.googleusercontent.com/d/1igp1SQlrWiSTl45pGliqa615CxzFFOHc
",849,614,25.0,1,3
"https://lh3.googleusercontent.com/d/1igp1SQlrWiSTl45pGliqa615CxzFFOHc
",1359,730,32.0,2,2
"https://lh3.googleusercontent.com/d/1igp1SQlrWiSTl45pGliqa615CxzFFOHc
",1311,756,20.0,1,3
"https://lh3.googleusercontent.com/d/1igp1SQlrWiSTl45pGliqa615CxzFFOHc
",1259,718,22.0,1,3
"https://lh3.googleusercontent.com/d/1igp1SQlrWiSTl45pGliqa615CxzFFOHc
",1266,777,21.0,2,
"https://lh3.googleusercontent.com/d/1igp1SQlrWiSTl45pGliqa615CxzFFOHc
",1218,773,19.0,1,2
"https://lh3.googleusercontent.com/d/1igp1SQlrWiSTl45pGliqa615CxzFFOHc
",1165,722,22.0,3,
"https://lh3.googleusercontent.com/d/1igp1SQlrWiSTl45pGliqa615CxzFFOHc
",1117,779,20.0,1,2
"https://lh3.googleusercontent.com/d/1igp1SQlrWiSTl45pGliqa615CxzFFOHc
",1118,871,18.0,1,
"https://lh3.googleusercontent.com/d/1igp1SQlrWiSTl45pGliqa615CxzFFOHc
",314,583,23.0,2,5
"https://lh3.googleusercontent.com/d/1igp1SQlrWiSTl45pGliqa615CxzFFOHc
",361,576,12.0,1,
"https://lh3.googleusercontent.com/d/1igp1SQlrWiSTl45pGliqa615CxzFFOHc
",408,596,18.0,1,2
"https://lh3.googleusercontent.com/d/1igp1SQlrWiSTl45pGliqa615CxzFFOHc
",459,596,19.0,1,3
"https://lh3.googleusercontent.com/d/1igp1SQlrWiSTl45pGliqa615CxzFFOHc
",447,657,19.0,1,3
"https://lh3.googleusercontent.com/d/1igp1SQlrWiSTl45pGliqa615CxzFFOHc
",419,662,21.0,2,
"https://lh3.googleusercontent.com/d/1igp1SQlrWiSTl45pGliqa615CxzFFOHc
",363,615,22.0,2,2
"https://lh3.googleusercontent.com/d/1igp1SQlrWiSTl45pGliqa615CxzFFOHc
",312,630,20.0,1,8
"https://lh3.googleusercontent.com/d/1igp1SQlrWiSTl45pGliqa615CxzFFOHc
",338,663,18.0,1,7
"https://lh3.googleusercontent.com/d/1igp1SQlrWiSTl45pGliqa615CxzFFOHc
",332,714,26.0,2,2
"https://lh3.googleusercontent.com/d/1igp1SQlrWiSTl45pGliqa615CxzFFOHc
",363,754,24.0,2,3
"https://lh3.googleusercontent.com/d/1igp1SQlrWiSTl45pGliqa615CxzFFOHc
",309,753,15.0,1,
"https://lh3.googleusercontent.com/d/1igp1SQlrWiSTl45pGliqa615CxzFFOHc
",362,793,17.0,1,2
"https://lh3.googleusercontent.com/d/1igp1SQlrWiSTl45pGliqa615CxzFFOHc
",540,795,17.0,1,
"https://lh3.googleusercontent.com/d/1igp1SQlrWiSTl45pGliqa615CxzFFOHc
",630,791,20.0,1,3
"https://lh3.googleusercontent.com/d/1igp1SQlrWiSTl45pGliqa615CxzFFOHc
",724,713,20.0,1,2
"https://lh3.googleusercontent.com/d/1igp1SQlrWiSTl45pGliqa615CxzFFOHc
",261,895,21.0,1,2
"https://lh3.googleusercontent.com/d/1igp1SQlrWiSTl45pGliqa615CxzFFOHc
",529,853,19.0,1,2
"https://lh3.googleusercontent.com/d/1igp1SQlrWiSTl45pGliqa615CxzFFOHc
",436,853,17.0,1,
"https://lh3.googleusercontent.com/d/1igp1SQlrWiSTl45pGliqa615CxzFFOHc
",362,863,19.0,1,
"https://lh3.googleusercontent.com/d/1igp1SQlrWiSTl45pGliqa615CxzFFOHc
",637,938,23.0,1,
"https://lh3.googleusercontent.com/d/1c7hAfFvgnkmicS_oDPwmAP4yt2Vmc87k
",884,167,25.078,1,1
"https://lh3.googleusercontent.com/d/1c7hAfFvgnkmicS_oDPwmAP4yt2Vmc87k
",1086,189,26.0,1,2
"https://lh3.googleusercontent.com/d/1c7hAfFvgnkmicS_oDPwmAP4yt2Vmc87k
",1371,95,18.0,1,2
"https://lh3.googleusercontent.com/d/1c7hAfFvgnkmicS_oDPwmAP4yt2Vmc87k
",1423,97,19.0,2,1
"https://lh3.googleusercontent.com/d/1c7hAfFvgnkmicS_oDPwmAP4yt2Vmc87k
",1383,196,19.0,1,1
"https://lh3.googleusercontent.com/d/1c7hAfFvgnkmicS_oDPwmAP4yt2Vmc87k
",1440,169,20.0,2,1
"https://lh3.googleusercontent.com/d/1c7hAfFvgnkmicS_oDPwmAP4yt2Vmc87k
",966,301,31.0,2,1
"https://lh3.googleusercontent.com/d/1c7hAfFvgnkmicS_oDPwmAP4yt2Vmc87k
",1436,304,21.0,1,1
"https://lh3.googleusercontent.com/d/1c7hAfFvgnkmicS_oDPwmAP4yt2Vmc87k
",1082,344,16.0,1,1
"https://lh3.googleusercontent.com/d/1c7hAfFvgnkmicS_oDPwmAP4yt2Vmc87k
",965,480,29.0,1,4
"https://lh3.googleusercontent.com/d/1c7hAfFvgnkmicS_oDPwmAP4yt2Vmc87k
",1033,448,24.0,1,2
"https://lh3.googleusercontent.com/d/1c7hAfFvgnkmicS_oDPwmAP4yt2Vmc87k
",1087,403,21.0,1,1
"https://lh3.googleusercontent.com/d/1c7hAfFvgnkmicS_oDPwmAP4yt2Vmc87k
",1281,436,22.0,1,2
"https://lh3.googleusercontent.com/d/1c7hAfFvgnkmicS_oDPwmAP4yt2Vmc87k
",1398,512,18.0,1,1
"https://lh3.googleusercontent.com/d/1c7hAfFvgnkmicS_oDPwmAP4yt2Vmc87k
",816,558,19.0,1,1
"https://lh3.googleusercontent.com/d/1c7hAfFvgnkmicS_oDPwmAP4yt2Vmc87k
",813,629,27.0,1,4
"https://lh3.googleusercontent.com/d/1c7hAfFvgnkmicS_oDPwmAP4yt2Vmc87k
",881,565,19.0,1,1
"https://lh3.googleusercontent.com/d/1c7hAfFvgnkmicS_oDPwmAP4yt2Vmc87k
",1083,568,18.0,1,1
"https://lh3.googleusercontent.com/d/1c7hAfFvgnkmicS_oDPwmAP4yt2Vmc87k
",1082,654,21.0,1,1
"https://lh3.googleusercontent.com/d/1c7hAfFvgnkmicS_oDPwmAP4yt2Vmc87k
",1222,568,19.0,1,
"https://lh3.googleusercontent.com/d/1c7hAfFvgnkmicS_oDPwmAP4yt2Vmc87k
",1241,659,19.0,1,
"https://lh3.googleusercontent.com/d/1c7hAfFvgnkmicS_oDPwmAP4yt2Vmc87k
",1281,577,19.0,1,
"https://lh3.googleusercontent.com/d/1c7hAfFvgnkmicS_oDPwmAP4yt2Vmc87k
",568,595,26.0,1,
"https://lh3.googleusercontent.com/d/1c7hAfFvgnkmicS_oDPwmAP4yt2Vmc87k
",936,739,18.007,1,
"https://lh3.googleusercontent.com/d/118TgSUaYDYEKaYnaIb5_9nNUahbv91XJ
",814,126,31.0,1,3
"https://lh3.googleusercontent.com/d/118TgSUaYDYEKaYnaIb5_9nNUahbv91XJ
",1213,123,22.0,1,3
"https://lh3.googleusercontent.com/d/118TgSUaYDYEKaYnaIb5_9nNUahbv91XJ
",1350,121,18.0,1,2
"https://lh3.googleusercontent.com/d/118TgSUaYDYEKaYnaIb5_9nNUahbv91XJ
",1393,155,22.0,1,8
"https://lh3.googleusercontent.com/d/118TgSUaYDYEKaYnaIb5_9nNUahbv91XJ
",1259,301,23.0,1,2
"https://lh3.googleusercontent.com/d/118TgSUaYDYEKaYnaIb5_9nNUahbv91XJ
",1393,295,28.0,1,3
"https://lh3.googleusercontent.com/d/118TgSUaYDYEKaYnaIb5_9nNUahbv91XJ
",1087,397,18.0,1,1
"https://lh3.googleusercontent.com/d/118TgSUaYDYEKaYnaIb5_9nNUahbv91XJ
",1348,531,20.0,1,2
"https://lh3.googleusercontent.com/d/118TgSUaYDYEKaYnaIb5_9nNUahbv91XJ
",1397,562,21.0,1,8
"https://lh3.googleusercontent.com/d/118TgSUaYDYEKaYnaIb5_9nNUahbv91XJ
",688,607,22.0,1,6
"https://lh3.googleusercontent.com/d/1-GtsKyWZEbefTTl_uJlqnQkYWPUzwp2Z
",813,186,30.0,1,2
"https://lh3.googleusercontent.com/d/1-GtsKyWZEbefTTl_uJlqnQkYWPUzwp2Z
",1304,326,29.0,1,2
"https://lh3.googleusercontent.com/d/1-GtsKyWZEbefTTl_uJlqnQkYWPUzwp2Z
",630,652,24.0,1,2
"https://lh3.googleusercontent.com/d/1-GtsKyWZEbefTTl_uJlqnQkYWPUzwp2Z
",815,637,20.0,1,3
"https://lh3.googleusercontent.com/d/1-GtsKyWZEbefTTl_uJlqnQkYWPUzwp2Z
",1236,611,21.0,1,
"https://lh3.googleusercontent.com/d/1-GtsKyWZEbefTTl_uJlqnQkYWPUzwp2Z
",1303,606,22.0,1,
"https://lh3.googleusercontent.com/d/1-GtsKyWZEbefTTl_uJlqnQkYWPUzwp2Z
",1340,578,21.0,1,2
"https://lh3.googleusercontent.com/d/1-GtsKyWZEbefTTl_uJlqnQkYWPUzwp2Z
",904,732,20.0,1,1
"https://lh3.googleusercontent.com/d/1kjpagntLPayTSxLdgrw4aPhBLilhrdKp
",938,231,26.0,1,3
"https://lh3.googleusercontent.com/d/1kjpagntLPayTSxLdgrw4aPhBLilhrdKp
",1306,159,32.21,1,4
"https://lh3.googleusercontent.com/d/1kjpagntLPayTSxLdgrw4aPhBLilhrdKp
",1358,234,23.0,2,1
"https://lh3.googleusercontent.com/d/1kjpagntLPayTSxLdgrw4aPhBLilhrdKp
",1209,372,29.0,1,3
"https://lh3.googleusercontent.com/d/1kjpagntLPayTSxLdgrw4aPhBLilhrdKp
",889,536,33.0,1,10
"https://lh3.googleusercontent.com/d/1kjpagntLPayTSxLdgrw4aPhBLilhrdKp
",923,633,27.0,1,5
"https://lh3.googleusercontent.com/d/1kjpagntLPayTSxLdgrw4aPhBLilhrdKp
",1207,740,24.0,1,2
"https://lh3.googleusercontent.com/d/1z4qMDJwsyVv2im_1JLIn0AH20jlBbeLP
",961,239,22.0,1,
"https://lh3.googleusercontent.com/d/1z4qMDJwsyVv2im_1JLIn0AH20jlBbeLP
",963,301,26.0,1,
"https://lh3.googleusercontent.com/d/1z4qMDJwsyVv2im_1JLIn0AH20jlBbeLP
",824,311,24.0,1,
"https://lh3.googleusercontent.com/d/1z4qMDJwsyVv2im_1JLIn0AH20jlBbeLP
",1246,224,31.0,1,4
"https://lh3.googleusercontent.com/d/1z4qMDJwsyVv2im_1JLIn0AH20jlBbeLP
",1373,249,25.0,2,1
"https://lh3.googleusercontent.com/d/1z4qMDJwsyVv2im_1JLIn0AH20jlBbeLP
",1302,361,27.0,2,1
"https://lh3.googleusercontent.com/d/1z4qMDJwsyVv2im_1JLIn0AH20jlBbeLP
",955,505,29.0,2,
"https://lh3.googleusercontent.com/d/1z4qMDJwsyVv2im_1JLIn0AH20jlBbeLP
",1023,455,25.0,1,
"https://lh3.googleusercontent.com/d/1z4qMDJwsyVv2im_1JLIn0AH20jlBbeLP
",881,599,27.0,1,10
"https://lh3.googleusercontent.com/d/1z4qMDJwsyVv2im_1JLIn0AH20jlBbeLP
",808,649,22.0,1,2
"https://lh3.googleusercontent.com/d/1z4qMDJwsyVv2im_1JLIn0AH20jlBbeLP
",908,670,20.0,1,2
"https://lh3.googleusercontent.com/d/1z4qMDJwsyVv2im_1JLIn0AH20jlBbeLP
",958,642,21.0,1,3
"https://lh3.googleusercontent.com/d/1z4qMDJwsyVv2im_1JLIn0AH20jlBbeLP
",1162,660,25.0,1,1
"https://lh3.googleusercontent.com/d/1z4qMDJwsyVv2im_1JLIn0AH20jlBbeLP
",894,744,29.0,1,2
"https://lh3.googleusercontent.com/d/1DfhhnSBB1QZahzDKYAExVQFxhy8VJmNg
",779,584,26.0,1,2
"https://lh3.googleusercontent.com/d/1DfhhnSBB1QZahzDKYAExVQFxhy8VJmNg
",908,534,26.0,1,10
"https://lh3.googleusercontent.com/d/1DfhhnSBB1QZahzDKYAExVQFxhy8VJmNg
",1100,486,26.0,1,
"https://lh3.googleusercontent.com/d/1DfhhnSBB1QZahzDKYAExVQFxhy8VJmNg
",1176,482,26.0,1,
"https://lh3.googleusercontent.com/d/1DfhhnSBB1QZahzDKYAExVQFxhy8VJmNg
",1335,219,23.0,2,
"https://lh3.googleusercontent.com/d/1DfhhnSBB1QZahzDKYAExVQFxhy8VJmNg
",1375,171,25.0,2,3
"https://lh3.googleusercontent.com/d/1PRopxpn_jNO0zU6WnS2JyKwaWokuuNxP
",254,365,19.0,1,
"https://lh3.googleusercontent.com/d/1PRopxpn_jNO0zU6WnS2JyKwaWokuuNxP
",113,449,19.0,1,"3
"
"https://lh3.googleusercontent.com/d/1PRopxpn_jNO0zU6WnS2JyKwaWokuuNxP
",361,306,14.0,1,
"https://lh3.googleusercontent.com/d/1PRopxpn_jNO0zU6WnS2JyKwaWokuuNxP
",415,228,13.0,1,
"https://lh3.googleusercontent.com/d/1PRopxpn_jNO0zU6WnS2JyKwaWokuuNxP
",783,265,14.0,1,
"https://lh3.googleusercontent.com/d/1PRopxpn_jNO0zU6WnS2JyKwaWokuuNxP
",505,454,14.0,1,
"https://lh3.googleusercontent.com/d/1PRopxpn_jNO0zU6WnS2JyKwaWokuuNxP
",918,675,11.0,1,
"https://lh3.googleusercontent.com/d/1PRopxpn_jNO0zU6WnS2JyKwaWokuuNxP
",559,527,14.0,1,
"https://lh3.googleusercontent.com/d/1PRopxpn_jNO0zU6WnS2JyKwaWokuuNxP
",1065,615,13.0,1,
"https://lh3.googleusercontent.com/d/1PRopxpn_jNO0zU6WnS2JyKwaWokuuNxP
",1178,573,15.0,1,
"https://lh3.googleusercontent.com/d/1PRopxpn_jNO0zU6WnS2JyKwaWokuuNxP
",1262,467,11.0,1,
"https://lh3.googleusercontent.com/d/1PRopxpn_jNO0zU6WnS2JyKwaWokuuNxP
",1224,723,13.0,1,
"https://lh3.googleusercontent.com/d/1PRopxpn_jNO0zU6WnS2JyKwaWokuuNxP
",1293,420,10.0,1,
"https://lh3.googleusercontent.com/d/1PRopxpn_jNO0zU6WnS2JyKwaWokuuNxP
",1260,375,10.0,1,
"https://lh3.googleusercontent.com/d/1PRopxpn_jNO0zU6WnS2JyKwaWokuuNxP
",1255,773,11.0,1,
"https://lh3.googleusercontent.com/d/1v8QJfsj2mxElXgjl4EnO1h7-jShIGnmm
",1044,374,12.0,1,
"https://lh3.googleusercontent.com/d/1v8QJfsj2mxElXgjl4EnO1h7-jShIGnmm
",1134,367,10.0,1,
"https://lh3.googleusercontent.com/d/1v8QJfsj2mxElXgjl4EnO1h7-jShIGnmm
",1237,369,11.0,1,2
"https://lh3.googleusercontent.com/d/1v8QJfsj2mxElXgjl4EnO1h7-jShIGnmm
",1070,415,11.0,1,3
"https://lh3.googleusercontent.com/d/1v8QJfsj2mxElXgjl4EnO1h7-jShIGnmm
",1267,406,10.0,1,
"https://lh3.googleusercontent.com/d/1v8QJfsj2mxElXgjl4EnO1h7-jShIGnmm
",1216,535,11.0,1,
"https://lh3.googleusercontent.com/d/1v8QJfsj2mxElXgjl4EnO1h7-jShIGnmm
",1171,543,12.0,1,
"https://lh3.googleusercontent.com/d/1v8QJfsj2mxElXgjl4EnO1h7-jShIGnmm
",1024,545,11.413,1,
"https://lh3.googleusercontent.com/d/1v8QJfsj2mxElXgjl4EnO1h7-jShIGnmm
",950,628,11.0,1,
"https://lh3.googleusercontent.com/d/1v8QJfsj2mxElXgjl4EnO1h7-jShIGnmm
",1170,664,11.0,1,
"https://lh3.googleusercontent.com/d/1v8QJfsj2mxElXgjl4EnO1h7-jShIGnmm
",1261,621,11.0,2,
"https://lh3.googleusercontent.com/d/1v8QJfsj2mxElXgjl4EnO1h7-jShIGnmm
",1258,695,13.0,2,
"https://lh3.googleusercontent.com/d/1Byb8FTOwi0HlpCxRXBpKJ5xhXojwjFAc
",180,187,17.0,1,
"https://lh3.googleusercontent.com/d/1Byb8FTOwi0HlpCxRXBpKJ5xhXojwjFAc
",381,337,13.0,1,
"https://lh3.googleusercontent.com/d/1Byb8FTOwi0HlpCxRXBpKJ5xhXojwjFAc
",783,433,16.0,2,
"https://lh3.googleusercontent.com/d/1Byb8FTOwi0HlpCxRXBpKJ5xhXojwjFAc
",988,432,15.0,1,3
"https://lh3.googleusercontent.com/d/1Byb8FTOwi0HlpCxRXBpKJ5xhXojwjFAc
",1040,433,12.0,1,
"https://lh3.googleusercontent.com/d/1Byb8FTOwi0HlpCxRXBpKJ5xhXojwjFAc
",1212,662,10.0,1,
"https://lh3.googleusercontent.com/d/1Byb8FTOwi0HlpCxRXBpKJ5xhXojwjFAc
",1243,713,20.0,1,4
"https://lh3.googleusercontent.com/d/1Byb8FTOwi0HlpCxRXBpKJ5xhXojwjFAc
",1212,807,13.0,1,
"https://lh3.googleusercontent.com/d/1Byb8FTOwi0HlpCxRXBpKJ5xhXojwjFAc
",1114,801,14.0,1,2
"https://lh3.googleusercontent.com/d/1vC_uJUS1AqzCHyS3vWKpd9uGjwsJpBYm
",547,350,13.0,1,
"https://lh3.googleusercontent.com/d/1vC_uJUS1AqzCHyS3vWKpd9uGjwsJpBYm
",834,481,15.0,1,2
"https://lh3.googleusercontent.com/d/1vC_uJUS1AqzCHyS3vWKpd9uGjwsJpBYm
",1094,568,15.0,2,
"https://lh3.googleusercontent.com/d/1vC_uJUS1AqzCHyS3vWKpd9uGjwsJpBYm
",986,723,11.0,1,
"https://lh3.googleusercontent.com/d/1vC_uJUS1AqzCHyS3vWKpd9uGjwsJpBYm
",837,622,12.0,1,
"https://lh3.googleusercontent.com/d/1Wu7dtBNPhm5eKWskH7rb2l5Wqx52BPK4
",551,350,12.0,1,
"https://lh3.googleusercontent.com/d/1Wu7dtBNPhm5eKWskH7rb2l5Wqx52BPK4
",484,409,11.0,1,
"https://lh3.googleusercontent.com/d/1Wu7dtBNPhm5eKWskH7rb2l5Wqx52BPK4
",1004,495,15.0,2,
"https://lh3.googleusercontent.com/d/1Wu7dtBNPhm5eKWskH7rb2l5Wqx52BPK4
",1139,632,17.0,1,2
"https://lh3.googleusercontent.com/d/1Wu7dtBNPhm5eKWskH7rb2l5Wqx52BPK4
",935,691,15.0,1,2
"https://lh3.googleusercontent.com/d/1O6Th2H80F2bdevAZq3A1GDe26L9hW7yH
",431,313,17.0,1,3
"https://lh3.googleusercontent.com/d/1O6Th2H80F2bdevAZq3A1GDe26L9hW7yH
",793,540,10.0,1,
"https://lh3.googleusercontent.com/d/1O6Th2H80F2bdevAZq3A1GDe26L9hW7yH
",1013,540,14.0,1,
"https://lh3.googleusercontent.com/d/1O6Th2H80F2bdevAZq3A1GDe26L9hW7yH
",1115,399,13.0,1,3
"https://lh3.googleusercontent.com/d/1O6Th2H80F2bdevAZq3A1GDe26L9hW7yH
",1032,809,13.0,1,2
"https://lh3.googleusercontent.com/d/1O6Th2H80F2bdevAZq3A1GDe26L9hW7yH
",1221,397,13.0,1,
