file_id,neighborhood,date,count,type,x,y
Blf2qkQNYdYSNnF5Vrhbyp5DuSnNwQ9C7WUcDA==,east_village_south,2024-06-27,1,1,6282192.41283372,1838196.37271623
Blf2qkQNYdYSNnF5Vrhbyp5DuSnNwQ9C7WUcDA==,east_village_south,2024-06-27,1,1,6282157.72340258,1838670.275971124
Blf2qkQNYdYSNnF5Vrhbyp5DuSnNwQ9C7WUcDA==,east_village_south,2024-06-27,1,1,6282332.857337407,1839592.924976257
Blf2qkQNYdYSNnF5Vrhbyp5DuSnNwQ9C7WUcDA==,east_village_south,2024-06-27,1,1,6283028.588500017,1839587.7784676845
Blf2qkQNYdYSNnF5Vrhbyp5DuSnNwQ9C7WUcDA==,east_village_south,2024-06-27,1,1,6282193.236569828,1839804.0967940092
Blf2qkQNYdYSNnF5Vrhbyp5DuSnNwQ9C7WUcDA==,east_village_south,2024-06-27,1,1,6283447.394405884,1838844.1906190605
Blf2qkQNYdYSNnF5Vrhbyp5DuSnNwQ9C7WUcDA==,east_village_south,2024-06-27,1,1,6283325.391793247,1839352.0951505376
Blf2qkQNYdYSNnF5Vrhbyp5DuSnNwQ9C7WUcDA==,east_village_south,2024-06-27,1,1,6282484.224680945,1839581.7986524089
Blf2qkQNYdYSNnF5Vrhbyp5DuSnNwQ9C7WUcDA==,east_village_south,2024-06-27,1,1,6283322.221016795,1838845.1165599334
Blf2qkQNYdYSNnF5Vrhbyp5DuSnNwQ9C7WUcDA==,east_village_south,2024-06-27,1,1,6283022.57507436,1839214.2424958819
Blf2qkQNYdYSNnF5Vrhbyp5DuSnNwQ9C7WUcDA==,east_village_south,2024-06-27,1,1,6284136.896809332,1838045.231720013
Blf2qkQNYdYSNnF5Vrhbyp5DuSnNwQ9C7WUcDA==,east_village_south,2024-06-27,1,1,6283319.405711527,1839031.927612852
Blf2qkQNYdYSNnF5Vrhbyp5DuSnNwQ9C7WUcDA==,east_village_south,2024-06-27,1,1,6283884.305530574,1839347.960716873
Blf2qkQNYdYSNnF5Vrhbyp5DuSnNwQ9C7WUcDA==,east_village_south,2024-06-27,1,1,6284152.143997984,1839396.01254106
Blf2qkQNYdYSNnF5Vrhbyp5DuSnNwQ9C7WUcDA==,east_village_south,2024-06-27,1,1,6285333.615475621,1838610.0921147089
Blf2qkQNYdYSNnF5Vrhbyp5DuSnNwQ9C7WUcDA==,east_village_south,2024-06-27,1,1,6284632.414348105,1839302.4002795566
Blf2qkQNYdYSNnF5Vrhbyp5DuSnNwQ9C7WUcDA==,east_village_south,2024-06-27,1,1,6285121.709963701,1839779.0985571544
Blf2qkQNYdYSNnF5Vrhbyp5DuSnNwQ9C7WUcDA==,east_village_south,2024-06-27,1,1,6285345.550041148,1839177.0455931688
Blf2qkQNYdYSNnF5Vrhbyp5DuSnNwQ9C7WUcDA==,east_village_south,2024-06-27,1,1,6285135.75743711,1838788.3393313114
Blf2qkQNYdYSNnF5Vrhbyp5DuSnNwQ9C7WUcDA==,east_village_south,2024-06-27,1,1,6284288.332512712,1838167.5264814582
Blf2qkQNYdYSNnF5Vrhbyp5DuSnNwQ9C7WUcDA==,east_village_south,2024-06-27,2,1,6284381.41815142,1838036.7518510201
Blf2qkQNYdYSNnF5Vrhbyp5DuSnNwQ9C7WUcDA==,east_village_south,2024-06-27,2,1,6282067.270206561,1838257.338145485
Blf2qkQNYdYSNnF5Vrhbyp5DuSnNwQ9C7WUcDA==,east_village_south,2024-06-27,2,1,6284794.783145314,1838037.0296199212
Blf2qkQNYdYSNnF5Vrhbyp5DuSnNwQ9C7WUcDA==,east_village_south,2024-06-27,2,1,6283854.843386897,1838661.0574627013
Blf2qkQNYdYSNnF5Vrhbyp5DuSnNwQ9C7WUcDA==,east_village_south,2024-06-27,2,1,6284742.690892736,1838634.4765797628
Blf2qkQNYdYSNnF5Vrhbyp5DuSnNwQ9C7WUcDA==,east_village_south,2024-06-27,2,1,6284780.653640093,1838867.6835434127
Blf2qkQNYdYSNnF5Vrhbyp5DuSnNwQ9C7WUcDA==,east_village_south,2024-06-27,2,1,6284524.219949427,1838352.5717866658
Blf2qkQNYdYSNnF5Vrhbyp5DuSnNwQ9C7WUcDA==,east_village_south,2024-06-27,2,1,6284929.113392575,1838863.2498073382
Blf2qkQNYdYSNnF5Vrhbyp5DuSnNwQ9C7WUcDA==,east_village_south,2024-06-27,2,1,6284617.799488,1839185.7644974687
Blf2qkQNYdYSNnF5Vrhbyp5DuSnNwQ9C7WUcDA==,east_village_south,2024-06-27,2,1,6285059.9430271415,1838538.7346676127
Blf2qkQNYdYSNnF5Vrhbyp5DuSnNwQ9C7WUcDA==,east_village_south,2024-06-27,2,1,6285205.688305123,1838917.908085264
Blf2qkQNYdYSNnF5Vrhbyp5DuSnNwQ9C7WUcDA==,east_village_south,2024-06-27,2,1,6285083.5592267765,1839178.9836089492
Blf2qkQNYdYSNnF5Vrhbyp5DuSnNwQ9C7WUcDA==,east_village_south,2024-06-27,2,1,6284023.854520318,1838996.696759563
Blf2qkQNYdYSNnF5Vrhbyp5DuSnNwQ9C7WUcDA==,east_village_south,2024-06-27,2,1,6284906.177373377,1839550.5406646659
Blf2qkQNYdYSNnF5Vrhbyp5DuSnNwQ9C7WUcDA==,east_village_south,2024-06-27,2,1,6284786.668774746,1839244.5550423476
Blf2qkQNYdYSNnF5Vrhbyp5DuSnNwQ9C7WUcDA==,east_village_south,2024-06-27,2,1,6284798.468329583,1839548.0018773542
Blf2qkQNYdYSNnF5Vrhbyp5DuSnNwQ9C7WUcDA==,east_village_south,2024-06-27,2,1,6283889.462749199,1838050.3975953823
Blf2qkQNYdYSNnF5Vrhbyp5DuSnNwQ9C7WUcDA==,east_village_south,2024-06-27,3,1,6284905.476684988,1838182.9745404138
Blf2qkQNYdYSNnF5Vrhbyp5DuSnNwQ9C7WUcDA==,east_village_south,2024-06-27,3,1,6284027.148344487,1839743.8333036944
Blf2qkQNYdYSNnF5Vrhbyp5DuSnNwQ9C7WUcDA==,east_village_south,2024-06-27,3,1,6284122.847626926,1839032.6554187236
Blf2qkQNYdYSNnF5Vrhbyp5DuSnNwQ9C7WUcDA==,east_village_south,2024-06-27,3,1,6285211.9392812345,1839755.0823284592
Blf2qkQNYdYSNnF5Vrhbyp5DuSnNwQ9C7WUcDA==,east_village_south,2024-06-27,4,1,6283747.315496688,1839012.0845514159
Blf2qkQNYdYSNnF5Vrhbyp5DuSnNwQ9C7WUcDA==,east_village_south,2024-06-27,4,1,6284154.487620336,1838288.5959996206
Blf2qkQNYdYSNnF5Vrhbyp5DuSnNwQ9C7WUcDA==,east_village_south,2024-06-27,4,1,6283753.494694964,1839709.1666550539
Blf2qkQNYdYSNnF5Vrhbyp5DuSnNwQ9C7WUcDA==,east_village_south,2024-06-27,4,1,6284908.621826498,1838639.9202240333
Blf2qkQNYdYSNnF5Vrhbyp5DuSnNwQ9C7WUcDA==,east_village_south,2024-06-27,4,1,6284061.123415269,1837875.6797074901
Blf2qkQNYdYSNnF5Vrhbyp5DuSnNwQ9C7WUcDA==,east_village_south,2024-06-27,4,1,6284087.724110783,1838659.3347820076
Blf2qkQNYdYSNnF5Vrhbyp5DuSnNwQ9C7WUcDA==,east_village_south,2024-06-27,5,1,6285057.264441559,1838992.3878911173
Blf2qkQNYdYSNnF5Vrhbyp5DuSnNwQ9C7WUcDA==,east_village_south,2024-06-27,5,1,6284710.263052137,1837840.8579908656
Blf2qkQNYdYSNnF5Vrhbyp5DuSnNwQ9C7WUcDA==,east_village_south,2024-06-27,5,1,6285059.775545526,1838211.8530086454
Blf2qkQNYdYSNnF5Vrhbyp5DuSnNwQ9C7WUcDA==,east_village_south,2024-06-27,6,1,6284579.681222001,1838649.0245647777
Blf2qkQNYdYSNnF5Vrhbyp5DuSnNwQ9C7WUcDA==,east_village_south,2024-06-27,6,1,6283187.822409691,1837885.4752872237
Blf2qkQNYdYSNnF5Vrhbyp5DuSnNwQ9C7WUcDA==,east_village_south,2024-06-27,7,1,6283601.730864337,1838946.450684203
Blf2qkQNYdYSNnF5Vrhbyp5DuSnNwQ9C7WUcDA==,east_village_south,2024-06-27,7,1,6285138.589832339,1838634.883549716
Blf2qkQNYdYSNnF5Vrhbyp5DuSnNwQ9C7WUcDA==,east_village_south,2024-06-27,8,1,6285199.310863302,1837833.9048342768
Blf2qkQNYdYSNnF5Vrhbyp5DuSnNwQ9C7WUcDA==,east_village_south,2024-06-27,8,1,6285336.285516224,1838139.7612555427
Blf2qkQNYdYSNnF5Vrhbyp5DuSnNwQ9C7WUcDA==,east_village_south,2024-06-27,11,1,6283860.171505129,1837697.047054443
Blf2qkQNYdYSNnF5Vrhbyp5DuSnNwQ9C7WUcDA==,east_village_south,2024-06-27,14,1,6283717.9234218495,1838461.9379096695
Blf2qkQNYdYSNnF5Vrhbyp5DuSnNwQ9C7WUcDA==,east_village_south,2024-06-27,11,1,6285196.7484894525,1838514.373902779
Blf2qkQNYdYSNnF5Vrhbyp5DuSnNwQ9C7WUcDA==,east_village_south,2024-06-27,12,1,6284026.104147886,1837705.8262258458
Blf2qkQNYdYSNnF5Vrhbyp5DuSnNwQ9C7WUcDA==,east_village_south,2024-06-27,31,1,6284320.162204687,1837793.7105740428
Blf2qkQNYdYSNnF5Vrhbyp5DuSnNwQ9C7WUcDA==,east_village_south,2024-06-27,1,2,6284116.403534259,1837818.5666095759
Blf2qkQNYdYSNnF5Vrhbyp5DuSnNwQ9C7WUcDA==,east_village_south,2024-06-27,1,2,6283819.601950025,1838057.585453855
Blf2qkQNYdYSNnF5Vrhbyp5DuSnNwQ9C7WUcDA==,east_village_south,2024-06-27,1,2,6284309.11119013,1838951.224622993
Blf2qkQNYdYSNnF5Vrhbyp5DuSnNwQ9C7WUcDA==,east_village_south,2024-06-27,1,2,6284460.606708373,1839190.2628340693
Blf2qkQNYdYSNnF5Vrhbyp5DuSnNwQ9C7WUcDA==,east_village_south,2024-06-27,1,2,6285182.52840744,1839168.2448882575
Blf2qkQNYdYSNnF5Vrhbyp5DuSnNwQ9C7WUcDA==,east_village_south,2024-06-27,1,2,6285354.476184851,1839553.8955585952
Blf2qkQNYdYSNnF5Vrhbyp5DuSnNwQ9C7WUcDA==,east_village_south,2024-06-27,1,2,6284789.448191098,1838987.6979196502
Blf2qkQNYdYSNnF5Vrhbyp5DuSnNwQ9C7WUcDA==,east_village_south,2024-06-27,2,2,6285133.248042138,1839572.2097409158
Blf2qkQNYdYSNnF5Vrhbyp5DuSnNwQ9C7WUcDA==,east_village_south,2024-06-27,2,2,6285069.120393266,1839405.9071214905
Blf2qkQNYdYSNnF5Vrhbyp5DuSnNwQ9C7WUcDA==,east_village_south,2024-06-27,1,2,6285063.026644793,1838875.6013744685
Blf2qkQNYdYSNnF5Vrhbyp5DuSnNwQ9C7WUcDA==,east_village_south,2024-06-27,2,2,6284023.980986027,1839243.5257673548
Blf2qkQNYdYSNnF5Vrhbyp5DuSnNwQ9C7WUcDA==,east_village_south,2024-06-27,2,2,6284914.753172884,1839243.6075679662
Blf2qkQNYdYSNnF5Vrhbyp5DuSnNwQ9C7WUcDA==,east_village_south,2024-06-27,2,2,6284923.3580253245,1838993.378432516
Blf2qkQNYdYSNnF5Vrhbyp5DuSnNwQ9C7WUcDA==,east_village_south,2024-06-27,2,2,6285199.592847654,1838384.2668111098
Blf2qkQNYdYSNnF5Vrhbyp5DuSnNwQ9C7WUcDA==,east_village_south,2024-06-27,12,2,6285380.005339826,1838246.175121147
Blf2qkQNYdYSNnF5Vrhbyp5DuSnNwQ9C7WUcDA==,east_village_south,2024-06-27,3,2,6285362.918682664,1838986.7913455744
Blf2qkQNYdYSNnF5Vrhbyp5DuSnNwQ9C7WUcDA==,east_village_south,2024-06-27,3,2,6284781.10310606,1839744.9271792134
Blf2qkQNYdYSNnF5Vrhbyp5DuSnNwQ9C7WUcDA==,east_village_south,2024-06-27,4,2,6285062.631866701,1838105.0946069022
Blf2qkQNYdYSNnF5Vrhbyp5DuSnNwQ9C7WUcDA==,east_village_south,2024-06-27,5,2,6285350.779037608,1838019.5746112359
Blf2qkQNYdYSNnF5Vrhbyp5DuSnNwQ9C7WUcDA==,east_village_south,2024-06-27,4,2,6284923.720332492,1839700.5101845681
Blf2qkQNYdYSNnF5Vrhbyp5DuSnNwQ9C7WUcDA==,east_village_south,2024-06-27,15,1,6284145.865677935,1838505.4698637475
Blf2qkQNYdYSNnF5Vrhbyp5DuSnNwQ9C7WUcDA==,east_village_south,2024-06-27,3,2,6284110.49948435,1837658.504374242
Blf2qkQNYdYSNnF5Vrhbyp5DuSnNwQ9C7WUcDA==,east_village_south,2024-06-27,4,2,6285330.660032675,1838523.389942777
Blf2qkQNYdYSNnF5Vrhbyp5DuSnNwQ9C7WUcDA==,east_village_south,2024-06-27,2,2,6283552.294980394,1839046.8825678201
Blf2qkQNYdYSNnF5Vrhbyp5DuSnNwQ9C7WUcDA==,east_village_south,2024-06-27,1,2,6283461.992176029,1838927.4711298253
cXPxdKMSn40TjbSAaBaNRM2SV9r1fnF/yaCXcA==,east_village_south,2024-07-25,1,1,6282428.20492894,1839808.5909258071
cXPxdKMSn40TjbSAaBaNRM2SV9r1fnF/yaCXcA==,east_village_south,2024-07-25,1,1,6283141.912370599,1838434.7084478256
cXPxdKMSn40TjbSAaBaNRM2SV9r1fnF/yaCXcA==,east_village_south,2024-07-25,1,1,6282774.043323302,1837687.8875403034
cXPxdKMSn40TjbSAaBaNRM2SV9r1fnF/yaCXcA==,east_village_south,2024-07-25,1,1,6282085.541361574,1838662.5911289027
cXPxdKMSn40TjbSAaBaNRM2SV9r1fnF/yaCXcA==,east_village_south,2024-07-25,1,1,6282055.704114586,1838884.2870605118
cXPxdKMSn40TjbSAaBaNRM2SV9r1fnF/yaCXcA==,east_village_south,2024-07-25,1,1,6282484.125975039,1839278.1602166991
cXPxdKMSn40TjbSAaBaNRM2SV9r1fnF/yaCXcA==,east_village_south,2024-07-25,1,1,6283014.881376409,1839428.8516479663
cXPxdKMSn40TjbSAaBaNRM2SV9r1fnF/yaCXcA==,east_village_south,2024-07-25,1,1,6285053.695765571,1838847.181674573
cXPxdKMSn40TjbSAaBaNRM2SV9r1fnF/yaCXcA==,east_village_south,2024-07-25,1,1,6282481.433569598,1839599.8502493144
cXPxdKMSn40TjbSAaBaNRM2SV9r1fnF/yaCXcA==,east_village_south,2024-07-25,1,1,6284296.493180142,1838137.943669894
cXPxdKMSn40TjbSAaBaNRM2SV9r1fnF/yaCXcA==,east_village_south,2024-07-25,1,1,6283266.949322042,1839032.0445648693
cXPxdKMSn40TjbSAaBaNRM2SV9r1fnF/yaCXcA==,east_village_south,2024-07-25,1,1,6284159.978552234,1839353.3944131448
cXPxdKMSn40TjbSAaBaNRM2SV9r1fnF/yaCXcA==,east_village_south,2024-07-25,1,1,6285334.184848788,1839280.7321195323
cXPxdKMSn40TjbSAaBaNRM2SV9r1fnF/yaCXcA==,east_village_south,2024-07-25,1,1,6285444.981124101,1839010.5856870257
cXPxdKMSn40TjbSAaBaNRM2SV9r1fnF/yaCXcA==,east_village_south,2024-07-25,1,1,6285373.8960935725,1838877.9260278721
cXPxdKMSn40TjbSAaBaNRM2SV9r1fnF/yaCXcA==,east_village_south,2024-07-25,2,1,6285125.939429557,1839398.619557997
cXPxdKMSn40TjbSAaBaNRM2SV9r1fnF/yaCXcA==,east_village_south,2024-07-25,2,1,6284304.951068534,1839008.8869695081
cXPxdKMSn40TjbSAaBaNRM2SV9r1fnF/yaCXcA==,east_village_south,2024-07-25,2,1,6283911.616298585,1838634.4466959953
cXPxdKMSn40TjbSAaBaNRM2SV9r1fnF/yaCXcA==,east_village_south,2024-07-25,2,1,6284086.17343193,1838641.1669974844
cXPxdKMSn40TjbSAaBaNRM2SV9r1fnF/yaCXcA==,east_village_south,2024-07-25,2,1,6283023.596740748,1838828.963263645
cXPxdKMSn40TjbSAaBaNRM2SV9r1fnF/yaCXcA==,east_village_south,2024-07-25,2,1,6284783.608778368,1838885.8395124162
cXPxdKMSn40TjbSAaBaNRM2SV9r1fnF/yaCXcA==,east_village_south,2024-07-25,2,1,6285196.606411671,1838589.8240449692
cXPxdKMSn40TjbSAaBaNRM2SV9r1fnF/yaCXcA==,east_village_south,2024-07-25,2,1,6283533.212954683,1839797.5563244934
cXPxdKMSn40TjbSAaBaNRM2SV9r1fnF/yaCXcA==,east_village_south,2024-07-25,3,1,6284369.785427784,1839396.2965069164
cXPxdKMSn40TjbSAaBaNRM2SV9r1fnF/yaCXcA==,east_village_south,2024-07-25,3,1,6284891.147173679,1839178.6228949511
cXPxdKMSn40TjbSAaBaNRM2SV9r1fnF/yaCXcA==,east_village_south,2024-07-25,3,1,6284122.338869658,1837873.2346763709
cXPxdKMSn40TjbSAaBaNRM2SV9r1fnF/yaCXcA==,east_village_south,2024-07-25,3,1,6283885.487510353,1839238.017766666
cXPxdKMSn40TjbSAaBaNRM2SV9r1fnF/yaCXcA==,east_village_south,2024-07-25,3,1,6283738.420593515,1839666.3252424134
cXPxdKMSn40TjbSAaBaNRM2SV9r1fnF/yaCXcA==,east_village_south,2024-07-25,4,1,6285063.622365266,1838970.9571534584
cXPxdKMSn40TjbSAaBaNRM2SV9r1fnF/yaCXcA==,east_village_south,2024-07-25,4,1,6283790.995860602,1837892.9589881808
cXPxdKMSn40TjbSAaBaNRM2SV9r1fnF/yaCXcA==,east_village_south,2024-07-25,4,1,6285064.2480545025,1839634.3249420763
cXPxdKMSn40TjbSAaBaNRM2SV9r1fnF/yaCXcA==,east_village_south,2024-07-25,5,1,6285353.905160046,1838017.2540103078
cXPxdKMSn40TjbSAaBaNRM2SV9r1fnF/yaCXcA==,east_village_south,2024-07-25,5,1,6285059.45848175,1838542.1850674944
cXPxdKMSn40TjbSAaBaNRM2SV9r1fnF/yaCXcA==,east_village_south,2024-07-25,5,1,6285197.131743115,1837745.5125485142
cXPxdKMSn40TjbSAaBaNRM2SV9r1fnF/yaCXcA==,east_village_south,2024-07-25,2,1,6282342.939436957,1839713.0562881476
cXPxdKMSn40TjbSAaBaNRM2SV9r1fnF/yaCXcA==,east_village_south,2024-07-25,6,1,6284329.103118804,1838800.701133728
cXPxdKMSn40TjbSAaBaNRM2SV9r1fnF/yaCXcA==,east_village_south,2024-07-25,6,1,6284785.155009133,1837847.1851804375
cXPxdKMSn40TjbSAaBaNRM2SV9r1fnF/yaCXcA==,east_village_south,2024-07-25,7,1,6284909.5814968925,1838980.5973730783
cXPxdKMSn40TjbSAaBaNRM2SV9r1fnF/yaCXcA==,east_village_south,2024-07-25,7,1,6283726.449428407,1838433.6054952675
cXPxdKMSn40TjbSAaBaNRM2SV9r1fnF/yaCXcA==,east_village_south,2024-07-25,8,1,6282380.816523923,1839420.8484839713
cXPxdKMSn40TjbSAaBaNRM2SV9r1fnF/yaCXcA==,east_village_south,2024-07-25,8,1,6285196.3260973925,1838261.4899325818
cXPxdKMSn40TjbSAaBaNRM2SV9r1fnF/yaCXcA==,east_village_south,2024-07-25,8,1,6283588.853686503,1838938.791502998
cXPxdKMSn40TjbSAaBaNRM2SV9r1fnF/yaCXcA==,east_village_south,2024-07-25,8,1,6283873.236030967,1837676.9639071324
cXPxdKMSn40TjbSAaBaNRM2SV9r1fnF/yaCXcA==,east_village_south,2024-07-25,9,1,6285184.052467215,1838794.4381625426
cXPxdKMSn40TjbSAaBaNRM2SV9r1fnF/yaCXcA==,east_village_south,2024-07-25,9,1,6284148.495342226,1838170.9213948227
cXPxdKMSn40TjbSAaBaNRM2SV9r1fnF/yaCXcA==,east_village_south,2024-07-25,14,1,6284308.461578478,1837873.033477732
cXPxdKMSn40TjbSAaBaNRM2SV9r1fnF/yaCXcA==,east_village_south,2024-07-25,17,1,6284544.177142656,1837888.6379594894
cXPxdKMSn40TjbSAaBaNRM2SV9r1fnF/yaCXcA==,east_village_south,2024-07-25,11,1,6285065.611562009,1838277.385843475
cXPxdKMSn40TjbSAaBaNRM2SV9r1fnF/yaCXcA==,east_village_south,2024-07-25,36,1,6283757.392706954,1838325.8021489927
cXPxdKMSn40TjbSAaBaNRM2SV9r1fnF/yaCXcA==,east_village_south,2024-07-25,1,2,6282462.296037688,1839425.9944938193
cXPxdKMSn40TjbSAaBaNRM2SV9r1fnF/yaCXcA==,east_village_south,2024-07-25,1,2,6284783.473811003,1839770.3483919306
cXPxdKMSn40TjbSAaBaNRM2SV9r1fnF/yaCXcA==,east_village_south,2024-07-25,1,2,6282345.066367837,1839632.606037958
cXPxdKMSn40TjbSAaBaNRM2SV9r1fnF/yaCXcA==,east_village_south,2024-07-25,1,2,6285064.358104304,1839346.188212748
cXPxdKMSn40TjbSAaBaNRM2SV9r1fnF/yaCXcA==,east_village_south,2024-07-25,1,2,6284304.2028707145,1838931.8419853116
cXPxdKMSn40TjbSAaBaNRM2SV9r1fnF/yaCXcA==,east_village_south,2024-07-25,1,2,6284829.956212507,1839166.388932761
cXPxdKMSn40TjbSAaBaNRM2SV9r1fnF/yaCXcA==,east_village_south,2024-07-25,1,2,6284922.423368404,1839704.0392999998
cXPxdKMSn40TjbSAaBaNRM2SV9r1fnF/yaCXcA==,east_village_south,2024-07-25,1,2,6285192.848117788,1839400.6932062798
cXPxdKMSn40TjbSAaBaNRM2SV9r1fnF/yaCXcA==,east_village_south,2024-07-25,1,2,6285115.647383345,1838638.2745458668
cXPxdKMSn40TjbSAaBaNRM2SV9r1fnF/yaCXcA==,east_village_south,2024-07-25,1,2,6285360.826509682,1838131.0356274997
cXPxdKMSn40TjbSAaBaNRM2SV9r1fnF/yaCXcA==,east_village_south,2024-07-25,2,2,6284065.5671887165,1839214.479062718
cXPxdKMSn40TjbSAaBaNRM2SV9r1fnF/yaCXcA==,east_village_south,2024-07-25,3,2,6285363.469079996,1839002.089895256
cXPxdKMSn40TjbSAaBaNRM2SV9r1fnF/yaCXcA==,east_village_south,2024-07-25,2,2,6284778.866961509,1838996.4932839712
cXPxdKMSn40TjbSAaBaNRM2SV9r1fnF/yaCXcA==,east_village_south,2024-07-25,5,2,6284433.843904879,1838805.403271006
cXPxdKMSn40TjbSAaBaNRM2SV9r1fnF/yaCXcA==,east_village_south,2024-07-25,3,2,6285410.817341898,1838786.760623063
cXPxdKMSn40TjbSAaBaNRM2SV9r1fnF/yaCXcA==,east_village_south,2024-07-25,5,2,6284911.5132457325,1838880.0484313592
cXPxdKMSn40TjbSAaBaNRM2SV9r1fnF/yaCXcA==,east_village_south,2024-07-25,11,2,6285477.425644292,1838158.9643019435
cXPxdKMSn40TjbSAaBaNRM2SV9r1fnF/yaCXcA==,east_village_south,2024-07-25,5,2,6285056.468457245,1839731.6350700161
cXPxdKMSn40TjbSAaBaNRM2SV9r1fnF/yaCXcA==,east_village_south,2024-07-25,9,2,6285049.641931857,1838130.2728592812
cXPxdKMSn40TjbSAaBaNRM2SV9r1fnF/yaCXcA==,east_village_south,2024-07-25,1,2,6283724.387558207,1838520.7553093
zbovmznMkr4Tco1fVGveRm89rZGM9aATn2YC4Q==,east_village_south,2024-08-29,1,1,6282898.304519465,1839204.4004640903
zbovmznMkr4Tco1fVGveRm89rZGM9aATn2YC4Q==,east_village_south,2024-08-29,1,1,6283310.6524319565,1838986.9164347101
zbovmznMkr4Tco1fVGveRm89rZGM9aATn2YC4Q==,east_village_south,2024-08-29,1,1,6283369.544429582,1838578.123667388
zbovmznMkr4Tco1fVGveRm89rZGM9aATn2YC4Q==,east_village_south,2024-08-29,1,1,6283789.271178896,1839024.0278512433
zbovmznMkr4Tco1fVGveRm89rZGM9aATn2YC4Q==,east_village_south,2024-08-29,1,1,6282197.68861166,1839323.5184603024
zbovmznMkr4Tco1fVGveRm89rZGM9aATn2YC4Q==,east_village_south,2024-08-29,1,1,6283299.639838995,1838219.1890713472
zbovmznMkr4Tco1fVGveRm89rZGM9aATn2YC4Q==,east_village_south,2024-08-29,1,1,6285348.12146382,1839533.6014687123
zbovmznMkr4Tco1fVGveRm89rZGM9aATn2YC4Q==,east_village_south,2024-08-29,1,1,6283881.862611921,1838826.7269428882
zbovmznMkr4Tco1fVGveRm89rZGM9aATn2YC4Q==,east_village_south,2024-08-29,1,1,6283920.056069258,1838394.7908671608
zbovmznMkr4Tco1fVGveRm89rZGM9aATn2YC4Q==,east_village_south,2024-08-29,1,1,6284152.998140904,1838996.185521457
zbovmznMkr4Tco1fVGveRm89rZGM9aATn2YC4Q==,east_village_south,2024-08-29,1,1,6284354.138836393,1838793.2384422235
zbovmznMkr4Tco1fVGveRm89rZGM9aATn2YC4Q==,east_village_south,2024-08-29,1,1,6284899.7096768515,1837872.3650105463
zbovmznMkr4Tco1fVGveRm89rZGM9aATn2YC4Q==,east_village_south,2024-08-29,1,1,6283640.728038192,1837878.5756052805
zbovmznMkr4Tco1fVGveRm89rZGM9aATn2YC4Q==,east_village_south,2024-08-29,1,1,6284043.8201362565,1838031.7920884467
zbovmznMkr4Tco1fVGveRm89rZGM9aATn2YC4Q==,east_village_south,2024-08-29,1,1,6283852.021060842,1839191.1229742314
zbovmznMkr4Tco1fVGveRm89rZGM9aATn2YC4Q==,east_village_south,2024-08-29,1,1,6284105.481186959,1839788.7188134098
zbovmznMkr4Tco1fVGveRm89rZGM9aATn2YC4Q==,east_village_south,2024-08-29,2,1,6285193.052356659,1839166.3493535856
zbovmznMkr4Tco1fVGveRm89rZGM9aATn2YC4Q==,east_village_south,2024-08-29,2,1,6282820.593917329,1837680.2190256675
zbovmznMkr4Tco1fVGveRm89rZGM9aATn2YC4Q==,east_village_south,2024-08-29,2,1,6284308.568021318,1838123.9152189367
zbovmznMkr4Tco1fVGveRm89rZGM9aATn2YC4Q==,east_village_south,2024-08-29,2,1,6283036.96310356,1839750.513618711
zbovmznMkr4Tco1fVGveRm89rZGM9aATn2YC4Q==,east_village_south,2024-08-29,2,1,6284855.124138333,1839540.5788955311
zbovmznMkr4Tco1fVGveRm89rZGM9aATn2YC4Q==,east_village_south,2024-08-29,2,1,6285350.493298331,1839011.474668398
zbovmznMkr4Tco1fVGveRm89rZGM9aATn2YC4Q==,east_village_south,2024-08-29,2,1,6284302.06461559,1838905.4831152135
zbovmznMkr4Tco1fVGveRm89rZGM9aATn2YC4Q==,east_village_south,2024-08-29,2,1,6284914.3575050365,1838306.5604382579
zbovmznMkr4Tco1fVGveRm89rZGM9aATn2YC4Q==,east_village_south,2024-08-29,2,1,6285056.422758912,1839361.2061743804
zbovmznMkr4Tco1fVGveRm89rZGM9aATn2YC4Q==,east_village_south,2024-08-29,2,1,6282338.740111905,1839788.743665828
zbovmznMkr4Tco1fVGveRm89rZGM9aATn2YC4Q==,east_village_south,2024-08-29,2,1,6283755.436379134,1838792.329399634
zbovmznMkr4Tco1fVGveRm89rZGM9aATn2YC4Q==,east_village_south,2024-08-29,2,1,6283515.247876853,1838423.495296302
zbovmznMkr4Tco1fVGveRm89rZGM9aATn2YC4Q==,east_village_south,2024-08-29,2,1,6283929.921023314,1838115.0200215052
zbovmznMkr4Tco1fVGveRm89rZGM9aATn2YC4Q==,east_village_south,2024-08-29,3,1,6283723.8140097065,1838452.800875406
zbovmznMkr4Tco1fVGveRm89rZGM9aATn2YC4Q==,east_village_south,2024-08-29,3,1,6283570.8386129,1839712.3642035734
zbovmznMkr4Tco1fVGveRm89rZGM9aATn2YC4Q==,east_village_south,2024-08-29,3,1,6284048.74133292,1837890.2227828987
zbovmznMkr4Tco1fVGveRm89rZGM9aATn2YC4Q==,east_village_south,2024-08-29,4,1,6284931.846505741,1839602.96539724
zbovmznMkr4Tco1fVGveRm89rZGM9aATn2YC4Q==,east_village_south,2024-08-29,4,1,6285062.315545925,1838926.5796969915
zbovmznMkr4Tco1fVGveRm89rZGM9aATn2YC4Q==,east_village_south,2024-08-29,5,1,6284083.093550318,1838637.2509254164
zbovmznMkr4Tco1fVGveRm89rZGM9aATn2YC4Q==,east_village_south,2024-08-29,9,1,6284139.118856524,1838238.6230329408
zbovmznMkr4Tco1fVGveRm89rZGM9aATn2YC4Q==,east_village_south,2024-08-29,11,1,6283722.212198088,1838213.6895291368
zbovmznMkr4Tco1fVGveRm89rZGM9aATn2YC4Q==,east_village_south,2024-08-29,11,1,6285198.969183487,1838297.2195558583
zbovmznMkr4Tco1fVGveRm89rZGM9aATn2YC4Q==,east_village_south,2024-08-29,9,1,6285344.468105129,1838550.152381587
zbovmznMkr4Tco1fVGveRm89rZGM9aATn2YC4Q==,east_village_south,2024-08-29,7,1,6285189.465201063,1838630.8746485603
zbovmznMkr4Tco1fVGveRm89rZGM9aATn2YC4Q==,east_village_south,2024-08-29,7,1,6283749.88052394,1839715.3434444077
zbovmznMkr4Tco1fVGveRm89rZGM9aATn2YC4Q==,east_village_south,2024-08-29,19,1,6283865.388843933,1837681.8714287248
zbovmznMkr4Tco1fVGveRm89rZGM9aATn2YC4Q==,east_village_south,2024-08-29,16,1,6284795.923685962,1837712.867517794
zbovmznMkr4Tco1fVGveRm89rZGM9aATn2YC4Q==,east_village_south,2024-08-29,19,1,6284308.975593491,1837746.6639110856
zbovmznMkr4Tco1fVGveRm89rZGM9aATn2YC4Q==,east_village_south,2024-08-29,10,1,6284785.308311569,1839632.9864470307
zbovmznMkr4Tco1fVGveRm89rZGM9aATn2YC4Q==,east_village_south,2024-08-29,17,1,6285066.832128589,1838286.5195277375
zbovmznMkr4Tco1fVGveRm89rZGM9aATn2YC4Q==,east_village_south,2024-08-29,15,1,6283774.758715073,1838610.0390161742
zbovmznMkr4Tco1fVGveRm89rZGM9aATn2YC4Q==,east_village_south,2024-08-29,12,1,6283474.16516737,1838862.2284814354
zbovmznMkr4Tco1fVGveRm89rZGM9aATn2YC4Q==,east_village_south,2024-08-29,13,1,6283580.298952956,1838934.1024942119
zbovmznMkr4Tco1fVGveRm89rZGM9aATn2YC4Q==,east_village_south,2024-08-29,1,3,6284770.0332202865,1837790.8803296518
zbovmznMkr4Tco1fVGveRm89rZGM9aATn2YC4Q==,east_village_south,2024-08-29,1,3,6284767.595182681,1837865.0327478661
zbovmznMkr4Tco1fVGveRm89rZGM9aATn2YC4Q==,east_village_south,2024-08-29,1,2,6282337.997087,1839239.7363205156
zbovmznMkr4Tco1fVGveRm89rZGM9aATn2YC4Q==,east_village_south,2024-08-29,1,2,6282164.575755163,1839199.5885027861
zbovmznMkr4Tco1fVGveRm89rZGM9aATn2YC4Q==,east_village_south,2024-08-29,1,2,6282192.3387611825,1839401.1002224826
zbovmznMkr4Tco1fVGveRm89rZGM9aATn2YC4Q==,east_village_south,2024-08-29,1,2,6284848.223514036,1837634.3004992083
zbovmznMkr4Tco1fVGveRm89rZGM9aATn2YC4Q==,east_village_south,2024-08-29,1,2,6285108.050202435,1837867.9929352463
zbovmznMkr4Tco1fVGveRm89rZGM9aATn2YC4Q==,east_village_south,2024-08-29,1,2,6285160.36667489,1839544.2780252157
zbovmznMkr4Tco1fVGveRm89rZGM9aATn2YC4Q==,east_village_south,2024-08-29,1,2,6284162.708128043,1837817.0981461613
zbovmznMkr4Tco1fVGveRm89rZGM9aATn2YC4Q==,east_village_south,2024-08-29,1,2,6285144.25535762,1838015.4356723202
zbovmznMkr4Tco1fVGveRm89rZGM9aATn2YC4Q==,east_village_south,2024-08-29,1,2,6285121.88436536,1838618.8198928817
zbovmznMkr4Tco1fVGveRm89rZGM9aATn2YC4Q==,east_village_south,2024-08-29,1,2,6285193.595293195,1838809.3046383767
zbovmznMkr4Tco1fVGveRm89rZGM9aATn2YC4Q==,east_village_south,2024-08-29,1,2,6284409.891934789,1838792.0684502418
zbovmznMkr4Tco1fVGveRm89rZGM9aATn2YC4Q==,east_village_south,2024-08-29,1,2,6285122.604829539,1839164.4594727536
zbovmznMkr4Tco1fVGveRm89rZGM9aATn2YC4Q==,east_village_south,2024-08-29,1,2,6285052.96948859,1839283.8091477763
zbovmznMkr4Tco1fVGveRm89rZGM9aATn2YC4Q==,east_village_south,2024-08-29,2,2,6284783.073320507,1839737.4487542089
zbovmznMkr4Tco1fVGveRm89rZGM9aATn2YC4Q==,east_village_south,2024-08-29,2,2,6285067.484910586,1838822.055811288
zbovmznMkr4Tco1fVGveRm89rZGM9aATn2YC4Q==,east_village_south,2024-08-29,3,2,6285332.483921819,1838075.4821900653
zbovmznMkr4Tco1fVGveRm89rZGM9aATn2YC4Q==,east_village_south,2024-08-29,1,2,6284308.497380964,1838989.554094173
zbovmznMkr4Tco1fVGveRm89rZGM9aATn2YC4Q==,east_village_south,2024-08-29,4,2,6284915.00732886,1839717.8388933658
zbovmznMkr4Tco1fVGveRm89rZGM9aATn2YC4Q==,east_village_south,2024-08-29,7,2,6285191.271538312,1838462.4247980143
zbovmznMkr4Tco1fVGveRm89rZGM9aATn2YC4Q==,east_village_south,2024-08-29,7,2,6285396.068550665,1838367.1846343486
zbovmznMkr4Tco1fVGveRm89rZGM9aATn2YC4Q==,east_village_south,2024-08-29,20,2,6285065.658970783,1838111.3957248363
zbovmznMkr4Tco1fVGveRm89rZGM9aATn2YC4Q==,east_village_south,2024-08-29,2,2,6283488.024849196,1838740.681032954
zbovmznMkr4Tco1fVGveRm89rZGM9aATn2YC4Q==,east_village_south,2024-08-29,7,2,6285367.625764662,1838940.3821229972
zbovmznMkr4Tco1fVGveRm89rZGM9aATn2YC4Q==,east_village_south,2024-08-29,1,2,6283871.863772589,1838648.4201101225
zbovmznMkr4Tco1fVGveRm89rZGM9aATn2YC4Q==,east_village_south,2024-08-29,1,2,6284136.928986916,1838349.8208709997
zbovmznMkr4Tco1fVGveRm89rZGM9aATn2YC4Q==,east_village_south,2024-08-29,1,2,6283598.46921273,1839017.92715907
bGGKZOdV+XWpEqlK7+rI16NNQKnoWBexb0Kl/Q==,east_village_south,2024-09-27,1,1,6282204.302252524,1838595.135954681
bGGKZOdV+XWpEqlK7+rI16NNQKnoWBexb0Kl/Q==,east_village_south,2024-09-27,1,1,6283162.053696578,1838425.78472862
bGGKZOdV+XWpEqlK7+rI16NNQKnoWBexb0Kl/Q==,east_village_south,2024-09-27,1,1,6282100.644426914,1839422.269158137
bGGKZOdV+XWpEqlK7+rI16NNQKnoWBexb0Kl/Q==,east_village_south,2024-09-27,1,1,6282204.581713066,1839345.0130614436
bGGKZOdV+XWpEqlK7+rI16NNQKnoWBexb0Kl/Q==,east_village_south,2024-09-27,1,1,6282493.607449092,1839605.485803563
bGGKZOdV+XWpEqlK7+rI16NNQKnoWBexb0Kl/Q==,east_village_south,2024-09-27,1,1,6282905.5081693325,1839193.3252365142
bGGKZOdV+XWpEqlK7+rI16NNQKnoWBexb0Kl/Q==,east_village_south,2024-09-27,1,1,6283177.841621631,1839601.964102776
bGGKZOdV+XWpEqlK7+rI16NNQKnoWBexb0Kl/Q==,east_village_south,2024-09-27,1,1,6283462.682089226,1839002.5447847114
bGGKZOdV+XWpEqlK7+rI16NNQKnoWBexb0Kl/Q==,east_village_south,2024-09-27,1,1,6283756.912219396,1838812.3216350086
bGGKZOdV+XWpEqlK7+rI16NNQKnoWBexb0Kl/Q==,east_village_south,2024-09-27,1,1,6282379.43466168,1837739.397652639
bGGKZOdV+XWpEqlK7+rI16NNQKnoWBexb0Kl/Q==,east_village_south,2024-09-27,1,1,6283892.246884505,1838916.8988575204
bGGKZOdV+XWpEqlK7+rI16NNQKnoWBexb0Kl/Q==,east_village_south,2024-09-27,1,1,6284288.380914397,1838047.4815439205
bGGKZOdV+XWpEqlK7+rI16NNQKnoWBexb0Kl/Q==,east_village_south,2024-09-27,1,1,6285160.497823114,1837642.0843179862
bGGKZOdV+XWpEqlK7+rI16NNQKnoWBexb0Kl/Q==,east_village_south,2024-09-27,1,1,6284167.60042866,1838971.1900729225
bGGKZOdV+XWpEqlK7+rI16NNQKnoWBexb0Kl/Q==,east_village_south,2024-09-27,1,1,6283932.499968183,1838369.3551386513
bGGKZOdV+XWpEqlK7+rI16NNQKnoWBexb0Kl/Q==,east_village_south,2024-09-27,1,1,6285157.678573578,1838020.507674857
bGGKZOdV+XWpEqlK7+rI16NNQKnoWBexb0Kl/Q==,east_village_south,2024-09-27,1,1,6284156.047698501,1839377.2647731283
bGGKZOdV+XWpEqlK7+rI16NNQKnoWBexb0Kl/Q==,east_village_south,2024-09-27,1,1,6284653.615374367,1838846.8479720098
bGGKZOdV+XWpEqlK7+rI16NNQKnoWBexb0Kl/Q==,east_village_south,2024-09-27,1,1,6284767.544850053,1839251.0151617127
bGGKZOdV+XWpEqlK7+rI16NNQKnoWBexb0Kl/Q==,east_village_south,2024-09-27,1,1,6285332.526657193,1839638.0062372687
bGGKZOdV+XWpEqlK7+rI16NNQKnoWBexb0Kl/Q==,east_village_south,2024-09-27,1,1,6284849.585458334,1839772.621080984
bGGKZOdV+XWpEqlK7+rI16NNQKnoWBexb0Kl/Q==,east_village_south,2024-09-27,1,1,6284333.532831975,1838803.556170078
bGGKZOdV+XWpEqlK7+rI16NNQKnoWBexb0Kl/Q==,east_village_south,2024-09-27,1,1,6285095.500120268,1839163.4740231177
bGGKZOdV+XWpEqlK7+rI16NNQKnoWBexb0Kl/Q==,east_village_south,2024-09-27,1,1,6284647.833416494,1839586.4977528865
bGGKZOdV+XWpEqlK7+rI16NNQKnoWBexb0Kl/Q==,east_village_south,2024-09-27,1,1,6285121.43860777,1839407.3071344716
bGGKZOdV+XWpEqlK7+rI16NNQKnoWBexb0Kl/Q==,east_village_south,2024-09-27,2,1,6285051.065496689,1838493.384061287
bGGKZOdV+XWpEqlK7+rI16NNQKnoWBexb0Kl/Q==,east_village_south,2024-09-27,2,1,6283322.028262933,1839334.9059077294
bGGKZOdV+XWpEqlK7+rI16NNQKnoWBexb0Kl/Q==,east_village_south,2024-09-27,2,1,6283251.938340923,1838813.1183207913
bGGKZOdV+XWpEqlK7+rI16NNQKnoWBexb0Kl/Q==,east_village_south,2024-09-27,3,1,6285204.4659214765,1838972.6273356795
bGGKZOdV+XWpEqlK7+rI16NNQKnoWBexb0Kl/Q==,east_village_south,2024-09-27,3,1,6283880.694154345,1839322.9735577262
bGGKZOdV+XWpEqlK7+rI16NNQKnoWBexb0Kl/Q==,east_village_south,2024-09-27,3,1,6282806.327394751,1837691.6303946686
bGGKZOdV+XWpEqlK7+rI16NNQKnoWBexb0Kl/Q==,east_village_south,2024-09-27,3,1,6284770.117059336,1837768.4124641363
bGGKZOdV+XWpEqlK7+rI16NNQKnoWBexb0Kl/Q==,east_village_south,2024-09-27,3,1,6283882.8173445845,1839577.4881641332
bGGKZOdV+XWpEqlK7+rI16NNQKnoWBexb0Kl/Q==,east_village_south,2024-09-27,3,1,6283806.945464702,1839795.3503580717
bGGKZOdV+XWpEqlK7+rI16NNQKnoWBexb0Kl/Q==,east_village_south,2024-09-27,3,1,6284143.907355495,1838280.1458732362
bGGKZOdV+XWpEqlK7+rI16NNQKnoWBexb0Kl/Q==,east_village_south,2024-09-27,3,1,6284785.273765668,1838868.9253336848
bGGKZOdV+XWpEqlK7+rI16NNQKnoWBexb0Kl/Q==,east_village_south,2024-09-27,4,1,6282348.387904431,1839748.726081979
bGGKZOdV+XWpEqlK7+rI16NNQKnoWBexb0Kl/Q==,east_village_south,2024-09-27,4,1,6284010.818104723,1837728.3575623918
bGGKZOdV+XWpEqlK7+rI16NNQKnoWBexb0Kl/Q==,east_village_south,2024-09-27,4,1,6285140.1754635135,1838787.8542159854
bGGKZOdV+XWpEqlK7+rI16NNQKnoWBexb0Kl/Q==,east_village_south,2024-09-27,4,1,6285063.750983134,1839655.8513060673
bGGKZOdV+XWpEqlK7+rI16NNQKnoWBexb0Kl/Q==,east_village_south,2024-09-27,5,1,6285191.141759254,1838449.9768273232
bGGKZOdV+XWpEqlK7+rI16NNQKnoWBexb0Kl/Q==,east_village_south,2024-09-27,5,1,6283721.436881991,1838499.8370429433
bGGKZOdV+XWpEqlK7+rI16NNQKnoWBexb0Kl/Q==,east_village_south,2024-09-27,5,1,6283745.872212388,1839638.0469140455
bGGKZOdV+XWpEqlK7+rI16NNQKnoWBexb0Kl/Q==,east_village_south,2024-09-27,5,1,6284515.75210585,1838797.3463515837
bGGKZOdV+XWpEqlK7+rI16NNQKnoWBexb0Kl/Q==,east_village_south,2024-09-27,5,1,6284310.905082459,1837882.0276530792
bGGKZOdV+XWpEqlK7+rI16NNQKnoWBexb0Kl/Q==,east_village_south,2024-09-27,5,1,6284310.905082459,1837882.0276530792
bGGKZOdV+XWpEqlK7+rI16NNQKnoWBexb0Kl/Q==,east_village_south,2024-09-27,3,1,6284289.750661818,1838928.0553404596
bGGKZOdV+XWpEqlK7+rI16NNQKnoWBexb0Kl/Q==,east_village_south,2024-09-27,8,1,6284931.698364249,1838870.1392913377
bGGKZOdV+XWpEqlK7+rI16NNQKnoWBexb0Kl/Q==,east_village_south,2024-09-27,10,1,6283855.430491438,1837727.2798554893
bGGKZOdV+XWpEqlK7+rI16NNQKnoWBexb0Kl/Q==,east_village_south,2024-09-27,17,1,6283593.422344209,1838914.561776048
bGGKZOdV+XWpEqlK7+rI16NNQKnoWBexb0Kl/Q==,east_village_south,2024-09-27,21,1,6283728.334089975,1838252.064958932
bGGKZOdV+XWpEqlK7+rI16NNQKnoWBexb0Kl/Q==,east_village_south,2024-09-27,16,1,6284567.930912567,1837888.4399579589
bGGKZOdV+XWpEqlK7+rI16NNQKnoWBexb0Kl/Q==,east_village_south,2024-09-27,12,1,6285062.962527969,1838128.5819999578
bGGKZOdV+XWpEqlK7+rI16NNQKnoWBexb0Kl/Q==,east_village_south,2024-09-27,10,1,6285329.951855851,1838612.9782046606
bGGKZOdV+XWpEqlK7+rI16NNQKnoWBexb0Kl/Q==,east_village_south,2024-09-27,13,1,6285180.596969223,1838618.6884370707
bGGKZOdV+XWpEqlK7+rI16NNQKnoWBexb0Kl/Q==,east_village_south,2024-09-27,1,3,6284752.678789849,1837827.1545373788
bGGKZOdV+XWpEqlK7+rI16NNQKnoWBexb0Kl/Q==,east_village_south,2024-09-27,1,3,6283910.832824391,1838995.7322472006
bGGKZOdV+XWpEqlK7+rI16NNQKnoWBexb0Kl/Q==,east_village_south,2024-09-27,1,3,6284753.166549769,1837885.624109121
bGGKZOdV+XWpEqlK7+rI16NNQKnoWBexb0Kl/Q==,east_village_south,2024-09-27,1,2,6285184.093635413,1839396.035219501
bGGKZOdV+XWpEqlK7+rI16NNQKnoWBexb0Kl/Q==,east_village_south,2024-09-27,1,2,6284064.724737627,1839175.7034728194
bGGKZOdV+XWpEqlK7+rI16NNQKnoWBexb0Kl/Q==,east_village_south,2024-09-27,1,2,6285167.175546135,1839158.9446305428
bGGKZOdV+XWpEqlK7+rI16NNQKnoWBexb0Kl/Q==,east_village_south,2024-09-27,1,2,6285051.717950111,1839287.9731934993
bGGKZOdV+XWpEqlK7+rI16NNQKnoWBexb0Kl/Q==,east_village_south,2024-09-27,1,2,6285051.717950111,1839287.9731934993
bGGKZOdV+XWpEqlK7+rI16NNQKnoWBexb0Kl/Q==,east_village_south,2024-09-27,2,2,6285187.379410166,1838357.158806767
bGGKZOdV+XWpEqlK7+rI16NNQKnoWBexb0Kl/Q==,east_village_south,2024-09-27,2,2,6284847.465996623,1839160.3648540608
bGGKZOdV+XWpEqlK7+rI16NNQKnoWBexb0Kl/Q==,east_village_south,2024-09-27,2,2,6284926.784616234,1838997.4874283746
bGGKZOdV+XWpEqlK7+rI16NNQKnoWBexb0Kl/Q==,east_village_south,2024-09-27,2,2,6285045.775027265,1838933.76179339
bGGKZOdV+XWpEqlK7+rI16NNQKnoWBexb0Kl/Q==,east_village_south,2024-09-27,2,2,6285082.118574526,1838633.9447416153
bGGKZOdV+XWpEqlK7+rI16NNQKnoWBexb0Kl/Q==,east_village_south,2024-09-27,4,2,6284913.994411865,1839613.4101264544
bGGKZOdV+XWpEqlK7+rI16NNQKnoWBexb0Kl/Q==,east_village_south,2024-09-27,4,2,6284104.382751403,1837840.4493948843
bGGKZOdV+XWpEqlK7+rI16NNQKnoWBexb0Kl/Q==,east_village_south,2024-09-27,3,2,6285313.980594653,1838489.387372614
bGGKZOdV+XWpEqlK7+rI16NNQKnoWBexb0Kl/Q==,east_village_south,2024-09-27,5,2,6285336.267771578,1839011.9016302198
bGGKZOdV+XWpEqlK7+rI16NNQKnoWBexb0Kl/Q==,east_village_south,2024-09-27,4,2,6284777.228887285,1838979.121954773
bGGKZOdV+XWpEqlK7+rI16NNQKnoWBexb0Kl/Q==,east_village_south,2024-09-27,6,2,6284584.497243668,1838799.7411490718
bGGKZOdV+XWpEqlK7+rI16NNQKnoWBexb0Kl/Q==,east_village_south,2024-09-27,13,2,6285052.016053298,1838249.1421976823
bGGKZOdV+XWpEqlK7+rI16NNQKnoWBexb0Kl/Q==,east_village_south,2024-09-27,28,2,6285421.274816724,1838814.5395049695
COs3KS0rqGRcbV1n4KQeCHqd4dL2lAPX+1Xnlg==,east_village_south,2024-10-25,1,1,6282050.61006163,1839198.510479544
COs3KS0rqGRcbV1n4KQeCHqd4dL2lAPX+1Xnlg==,east_village_south,2024-10-25,1,1,6282049.189951914,1839616.2085429651
COs3KS0rqGRcbV1n4KQeCHqd4dL2lAPX+1Xnlg==,east_village_south,2024-10-25,1,1,6283311.657293537,1839405.0925176179
COs3KS0rqGRcbV1n4KQeCHqd4dL2lAPX+1Xnlg==,east_village_south,2024-10-25,1,1,6282484.161265662,1839694.9317949044
COs3KS0rqGRcbV1n4KQeCHqd4dL2lAPX+1Xnlg==,east_village_south,2024-10-25,1,1,6282334.693077303,1838690.8066533196
COs3KS0rqGRcbV1n4KQeCHqd4dL2lAPX+1Xnlg==,east_village_south,2024-10-25,1,1,6282891.595669273,1839416.423668439
COs3KS0rqGRcbV1n4KQeCHqd4dL2lAPX+1Xnlg==,east_village_south,2024-10-25,1,1,6283453.075176123,1839791.1368640482
COs3KS0rqGRcbV1n4KQeCHqd4dL2lAPX+1Xnlg==,east_village_south,2024-10-25,1,1,6283704.428350799,1838291.3819517395
COs3KS0rqGRcbV1n4KQeCHqd4dL2lAPX+1Xnlg==,east_village_south,2024-10-25,1,1,6282730.319888815,1839187.6476247772
COs3KS0rqGRcbV1n4KQeCHqd4dL2lAPX+1Xnlg==,east_village_south,2024-10-25,1,1,6283451.709774184,1839410.2256706974
COs3KS0rqGRcbV1n4KQeCHqd4dL2lAPX+1Xnlg==,east_village_south,2024-10-25,1,1,6284164.450493279,1838847.6566085902
COs3KS0rqGRcbV1n4KQeCHqd4dL2lAPX+1Xnlg==,east_village_south,2024-10-25,1,1,6285039.012766219,1837852.2487099287
COs3KS0rqGRcbV1n4KQeCHqd4dL2lAPX+1Xnlg==,east_village_south,2024-10-25,1,1,6283699.468165202,1838535.3633310108
COs3KS0rqGRcbV1n4KQeCHqd4dL2lAPX+1Xnlg==,east_village_south,2024-10-25,1,1,6285048.553424304,1839699.969849068
COs3KS0rqGRcbV1n4KQeCHqd4dL2lAPX+1Xnlg==,east_village_south,2024-10-25,1,1,6283915.776656029,1838653.2622646498
COs3KS0rqGRcbV1n4KQeCHqd4dL2lAPX+1Xnlg==,east_village_south,2024-10-25,1,1,6284085.739155052,1838049.9189452503
COs3KS0rqGRcbV1n4KQeCHqd4dL2lAPX+1Xnlg==,east_village_south,2024-10-25,1,1,6284015.423841027,1839594.4509883928
COs3KS0rqGRcbV1n4KQeCHqd4dL2lAPX+1Xnlg==,east_village_south,2024-10-25,2,1,6284910.749101523,1837880.3996944707
COs3KS0rqGRcbV1n4KQeCHqd4dL2lAPX+1Xnlg==,east_village_south,2024-10-25,2,1,6285127.18934166,1838035.053216942
COs3KS0rqGRcbV1n4KQeCHqd4dL2lAPX+1Xnlg==,east_village_south,2024-10-25,2,1,6284846.184468954,1839401.4778913346
COs3KS0rqGRcbV1n4KQeCHqd4dL2lAPX+1Xnlg==,east_village_south,2024-10-25,2,1,6284911.922868102,1838207.8496677023
COs3KS0rqGRcbV1n4KQeCHqd4dL2lAPX+1Xnlg==,east_village_south,2024-10-25,2,1,6283763.911405009,1838608.162321434
COs3KS0rqGRcbV1n4KQeCHqd4dL2lAPX+1Xnlg==,east_village_south,2024-10-25,2,1,6284162.910611465,1839231.9414094365
COs3KS0rqGRcbV1n4KQeCHqd4dL2lAPX+1Xnlg==,east_village_south,2024-10-25,3,1,6284293.133360324,1838936.452043059
COs3KS0rqGRcbV1n4KQeCHqd4dL2lAPX+1Xnlg==,east_village_south,2024-10-25,3,1,6282332.846966302,1839803.5328595315
COs3KS0rqGRcbV1n4KQeCHqd4dL2lAPX+1Xnlg==,east_village_south,2024-10-25,3,1,6283035.894881193,1839792.4117548587
COs3KS0rqGRcbV1n4KQeCHqd4dL2lAPX+1Xnlg==,east_village_south,2024-10-25,3,1,6284090.998770899,1837889.4707224157
COs3KS0rqGRcbV1n4KQeCHqd4dL2lAPX+1Xnlg==,east_village_south,2024-10-25,3,1,6284150.685437679,1838263.053638487
COs3KS0rqGRcbV1n4KQeCHqd4dL2lAPX+1Xnlg==,east_village_south,2024-10-25,4,1,6283869.861843785,1838052.30775688
COs3KS0rqGRcbV1n4KQeCHqd4dL2lAPX+1Xnlg==,east_village_south,2024-10-25,4,1,6284560.701740374,1837890.9560955742
COs3KS0rqGRcbV1n4KQeCHqd4dL2lAPX+1Xnlg==,east_village_south,2024-10-25,5,1,6284763.039942369,1838994.7399625946
COs3KS0rqGRcbV1n4KQeCHqd4dL2lAPX+1Xnlg==,east_village_south,2024-10-25,7,1,6284911.796297066,1838986.4109669295
COs3KS0rqGRcbV1n4KQeCHqd4dL2lAPX+1Xnlg==,east_village_south,2024-10-25,7,1,6284160.515169468,1838563.676157944
COs3KS0rqGRcbV1n4KQeCHqd4dL2lAPX+1Xnlg==,east_village_south,2024-10-25,7,1,6283206.960904198,1837869.1800012845
COs3KS0rqGRcbV1n4KQeCHqd4dL2lAPX+1Xnlg==,east_village_south,2024-10-25,8,1,6283738.655343045,1839701.098820007
COs3KS0rqGRcbV1n4KQeCHqd4dL2lAPX+1Xnlg==,east_village_south,2024-10-25,9,1,6283484.321463743,1838741.5730443457
COs3KS0rqGRcbV1n4KQeCHqd4dL2lAPX+1Xnlg==,east_village_south,2024-10-25,9,1,6285330.42065613,1838574.1206652126
COs3KS0rqGRcbV1n4KQeCHqd4dL2lAPX+1Xnlg==,east_village_south,2024-10-25,15,1,6284324.2838302655,1837860.157613297
COs3KS0rqGRcbV1n4KQeCHqd4dL2lAPX+1Xnlg==,east_village_south,2024-10-25,17,1,6283877.344042416,1837698.030329874
COs3KS0rqGRcbV1n4KQeCHqd4dL2lAPX+1Xnlg==,east_village_south,2024-10-25,21,1,6284566.924711294,1838813.129861396
COs3KS0rqGRcbV1n4KQeCHqd4dL2lAPX+1Xnlg==,east_village_south,2024-10-25,12,1,6285193.536957855,1838639.1230823018
COs3KS0rqGRcbV1n4KQeCHqd4dL2lAPX+1Xnlg==,east_village_south,2024-10-25,14,1,6285201.486267676,1838415.157379337
COs3KS0rqGRcbV1n4KQeCHqd4dL2lAPX+1Xnlg==,east_village_south,2024-10-25,16,1,6285069.335188008,1838172.6932182629
COs3KS0rqGRcbV1n4KQeCHqd4dL2lAPX+1Xnlg==,east_village_south,2024-10-25,23,1,6283584.334763977,1838971.0269940107
COs3KS0rqGRcbV1n4KQeCHqd4dL2lAPX+1Xnlg==,east_village_south,2024-10-25,1,3,6283808.491568671,1838022.913726566
COs3KS0rqGRcbV1n4KQeCHqd4dL2lAPX+1Xnlg==,east_village_south,2024-10-25,1,3,6284943.268531014,1839627.6227959802
COs3KS0rqGRcbV1n4KQeCHqd4dL2lAPX+1Xnlg==,east_village_south,2024-10-25,1,3,6284738.558841442,1837862.256329982
COs3KS0rqGRcbV1n4KQeCHqd4dL2lAPX+1Xnlg==,east_village_south,2024-10-25,1,3,6284249.063038418,1838850.0617789386
COs3KS0rqGRcbV1n4KQeCHqd4dL2lAPX+1Xnlg==,east_village_south,2024-10-25,1,3,6284186.111771585,1838379.6126826392
COs3KS0rqGRcbV1n4KQeCHqd4dL2lAPX+1Xnlg==,east_village_south,2024-10-25,1,2,6284300.5984034715,1837763.5174017365
COs3KS0rqGRcbV1n4KQeCHqd4dL2lAPX+1Xnlg==,east_village_south,2024-10-25,1,2,6282480.99248329,1839624.796224736
COs3KS0rqGRcbV1n4KQeCHqd4dL2lAPX+1Xnlg==,east_village_south,2024-10-25,1,2,6284418.635467786,1838951.7705811022
COs3KS0rqGRcbV1n4KQeCHqd4dL2lAPX+1Xnlg==,east_village_south,2024-10-25,1,2,6285195.814248416,1837646.6846213585
COs3KS0rqGRcbV1n4KQeCHqd4dL2lAPX+1Xnlg==,east_village_south,2024-10-25,1,2,6285047.614023652,1838624.0305129262
COs3KS0rqGRcbV1n4KQeCHqd4dL2lAPX+1Xnlg==,east_village_south,2024-10-25,1,2,6285196.100080793,1839354.166901399
COs3KS0rqGRcbV1n4KQeCHqd4dL2lAPX+1Xnlg==,east_village_south,2024-10-25,1,2,6285057.2521200795,1838871.1918122638
COs3KS0rqGRcbV1n4KQeCHqd4dL2lAPX+1Xnlg==,east_village_south,2024-10-25,2,2,6285346.43904787,1838159.6025218577
COs3KS0rqGRcbV1n4KQeCHqd4dL2lAPX+1Xnlg==,east_village_south,2024-10-25,1,3,6284748.094321254,1838894.6615810618
COs3KS0rqGRcbV1n4KQeCHqd4dL2lAPX+1Xnlg==,east_village_south,2024-10-25,1,2,6285047.463498196,1839395.9091596387
COs3KS0rqGRcbV1n4KQeCHqd4dL2lAPX+1Xnlg==,east_village_south,2024-10-25,3,2,6284902.565425777,1838852.8547603458
COs3KS0rqGRcbV1n4KQeCHqd4dL2lAPX+1Xnlg==,east_village_south,2024-10-25,2,2,6285078.73891851,1839168.3438805104
COs3KS0rqGRcbV1n4KQeCHqd4dL2lAPX+1Xnlg==,east_village_south,2024-10-25,3,2,6285198.562207776,1839227.1642223771
COs3KS0rqGRcbV1n4KQeCHqd4dL2lAPX+1Xnlg==,east_village_south,2024-10-25,3,2,6285051.147300598,1839609.721758878
COs3KS0rqGRcbV1n4KQeCHqd4dL2lAPX+1Xnlg==,east_village_south,2024-10-25,5,2,6285049.321586406,1838286.5242796843
COs3KS0rqGRcbV1n4KQeCHqd4dL2lAPX+1Xnlg==,east_village_south,2024-10-25,6,2,6285200.971247646,1838271.480350266
COs3KS0rqGRcbV1n4KQeCHqd4dL2lAPX+1Xnlg==,east_village_south,2024-10-25,7,2,6284400.592927558,1838801.6045869458
COs3KS0rqGRcbV1n4KQeCHqd4dL2lAPX+1Xnlg==,east_village_south,2024-10-25,4,2,6284899.809046818,1839711.6401709905
COs3KS0rqGRcbV1n4KQeCHqd4dL2lAPX+1Xnlg==,east_village_south,2024-10-25,18,2,6285418.764912511,1838803.7037398305
COs3KS0rqGRcbV1n4KQeCHqd4dL2lAPX+1Xnlg==,east_village_south,2024-10-25,1,2,6284154.333308452,1838466.842258954
d0rczVnnC+N+XhVcySKf017N7ktrU1a5DoOSnA==,east_village_south,2024-11-21,1,1,6283843.5646520145,1838650.5730094623
d0rczVnnC+N+XhVcySKf017N7ktrU1a5DoOSnA==,east_village_south,2024-11-21,1,1,6282330.826941402,1839680.6643665256
d0rczVnnC+N+XhVcySKf017N7ktrU1a5DoOSnA==,east_village_south,2024-11-21,1,1,6282052.494218956,1839039.4562812177
d0rczVnnC+N+XhVcySKf017N7ktrU1a5DoOSnA==,east_village_south,2024-11-21,1,1,6282886.301736795,1839185.3309299867
d0rczVnnC+N+XhVcySKf017N7ktrU1a5DoOSnA==,east_village_south,2024-11-21,1,1,6283315.12055338,1839303.4640532136
d0rczVnnC+N+XhVcySKf017N7ktrU1a5DoOSnA==,east_village_south,2024-11-21,1,1,6282206.102429248,1839302.7206873847
d0rczVnnC+N+XhVcySKf017N7ktrU1a5DoOSnA==,east_village_south,2024-11-21,1,1,6282127.316981159,1838672.0654236823
d0rczVnnC+N+XhVcySKf017N7ktrU1a5DoOSnA==,east_village_south,2024-11-21,1,1,6283353.204135522,1838550.1341626788
d0rczVnnC+N+XhVcySKf017N7ktrU1a5DoOSnA==,east_village_south,2024-11-21,1,1,6282783.577845378,1837698.0647647702
d0rczVnnC+N+XhVcySKf017N7ktrU1a5DoOSnA==,east_village_south,2024-11-21,1,1,6284151.194686279,1839281.2749859658
d0rczVnnC+N+XhVcySKf017N7ktrU1a5DoOSnA==,east_village_south,2024-11-21,1,1,6283747.270197193,1838043.695619226
d0rczVnnC+N+XhVcySKf017N7ktrU1a5DoOSnA==,east_village_south,2024-11-21,1,1,6284392.199575103,1838649.3494470222
d0rczVnnC+N+XhVcySKf017N7ktrU1a5DoOSnA==,east_village_south,2024-11-21,1,1,6284087.664972238,1838798.2659894652
d0rczVnnC+N+XhVcySKf017N7ktrU1a5DoOSnA==,east_village_south,2024-11-21,1,1,6284402.987201935,1838410.5893628863
d0rczVnnC+N+XhVcySKf017N7ktrU1a5DoOSnA==,east_village_south,2024-11-21,1,1,6284928.35080053,1837720.7761314632
d0rczVnnC+N+XhVcySKf017N7ktrU1a5DoOSnA==,east_village_south,2024-11-21,1,1,6284150.779483615,1838437.7659151722
d0rczVnnC+N+XhVcySKf017N7ktrU1a5DoOSnA==,east_village_south,2024-11-21,1,1,6285047.449596658,1838898.6283279103
d0rczVnnC+N+XhVcySKf017N7ktrU1a5DoOSnA==,east_village_south,2024-11-21,1,1,6284285.024096812,1838257.709168367
d0rczVnnC+N+XhVcySKf017N7ktrU1a5DoOSnA==,east_village_south,2024-11-21,1,1,6284922.820070127,1839283.543527948
d0rczVnnC+N+XhVcySKf017N7ktrU1a5DoOSnA==,east_village_south,2024-11-21,1,1,6285128.6617683275,1839401.5449714032
d0rczVnnC+N+XhVcySKf017N7ktrU1a5DoOSnA==,east_village_south,2024-11-21,1,1,6284918.647084181,1839710.4024255488
d0rczVnnC+N+XhVcySKf017N7ktrU1a5DoOSnA==,east_village_south,2024-11-21,1,1,6284842.623508073,1839775.3550645271
d0rczVnnC+N+XhVcySKf017N7ktrU1a5DoOSnA==,east_village_south,2024-11-21,1,1,6285053.665555228,1839725.2503084803
d0rczVnnC+N+XhVcySKf017N7ktrU1a5DoOSnA==,east_village_south,2024-11-21,1,1,6284922.071308047,1838356.0238408884
d0rczVnnC+N+XhVcySKf017N7ktrU1a5DoOSnA==,east_village_south,2024-11-21,2,1,6283736.032107521,1839646.8730784887
d0rczVnnC+N+XhVcySKf017N7ktrU1a5DoOSnA==,east_village_south,2024-11-21,2,1,6283763.036119527,1839797.7098363999
d0rczVnnC+N+XhVcySKf017N7ktrU1a5DoOSnA==,east_village_south,2024-11-21,2,1,6284101.464798242,1837840.2900631237
d0rczVnnC+N+XhVcySKf017N7ktrU1a5DoOSnA==,east_village_south,2024-11-21,2,1,6282888.2630661735,1839679.3133536295
d0rczVnnC+N+XhVcySKf017N7ktrU1a5DoOSnA==,east_village_south,2024-11-21,2,1,6284152.649005341,1839647.5612728847
d0rczVnnC+N+XhVcySKf017N7ktrU1a5DoOSnA==,east_village_south,2024-11-21,2,1,6284642.329060621,1839576.6184624862
d0rczVnnC+N+XhVcySKf017N7ktrU1a5DoOSnA==,east_village_south,2024-11-21,2,1,6284927.313273114,1838937.3348219623
d0rczVnnC+N+XhVcySKf017N7ktrU1a5DoOSnA==,east_village_south,2024-11-21,2,1,6284116.455273742,1838660.0637439368
d0rczVnnC+N+XhVcySKf017N7ktrU1a5DoOSnA==,east_village_south,2024-11-21,2,1,6284295.905120281,1838042.4720567858
d0rczVnnC+N+XhVcySKf017N7ktrU1a5DoOSnA==,east_village_south,2024-11-21,2,1,6283994.931343018,1838349.2860743233
d0rczVnnC+N+XhVcySKf017N7ktrU1a5DoOSnA==,east_village_south,2024-11-21,2,1,6283901.984235769,1837846.5393647712
d0rczVnnC+N+XhVcySKf017N7ktrU1a5DoOSnA==,east_village_south,2024-11-21,2,1,6284031.855727369,1838042.9351458075
d0rczVnnC+N+XhVcySKf017N7ktrU1a5DoOSnA==,east_village_south,2024-11-21,3,1,6284783.028206183,1839544.3354333385
d0rczVnnC+N+XhVcySKf017N7ktrU1a5DoOSnA==,east_village_south,2024-11-21,3,1,6283040.817228705,1839677.1042123965
d0rczVnnC+N+XhVcySKf017N7ktrU1a5DoOSnA==,east_village_south,2024-11-21,3,1,6283876.94473111,1839668.3568437512
d0rczVnnC+N+XhVcySKf017N7ktrU1a5DoOSnA==,east_village_south,2024-11-21,3,1,6284078.945413799,1839557.8918944488
d0rczVnnC+N+XhVcySKf017N7ktrU1a5DoOSnA==,east_village_south,2024-11-21,3,1,6285128.55344033,1838635.325667574
d0rczVnnC+N+XhVcySKf017N7ktrU1a5DoOSnA==,east_village_south,2024-11-21,3,1,6285409.19121598,1838379.2154041927
d0rczVnnC+N+XhVcySKf017N7ktrU1a5DoOSnA==,east_village_south,2024-11-21,3,1,6284419.163559979,1838790.1049309813
d0rczVnnC+N+XhVcySKf017N7ktrU1a5DoOSnA==,east_village_south,2024-11-21,4,1,6284292.210870913,1837850.970335185
d0rczVnnC+N+XhVcySKf017N7ktrU1a5DoOSnA==,east_village_south,2024-11-21,5,1,6283460.339586683,1838931.6931673817
d0rczVnnC+N+XhVcySKf017N7ktrU1a5DoOSnA==,east_village_south,2024-11-21,7,1,6285062.463578943,1838246.4510447762
d0rczVnnC+N+XhVcySKf017N7ktrU1a5DoOSnA==,east_village_south,2024-11-21,8,1,6285318.298834747,1838393.974090838
d0rczVnnC+N+XhVcySKf017N7ktrU1a5DoOSnA==,east_village_south,2024-11-21,8,1,6284765.931224145,1838932.9505643498
d0rczVnnC+N+XhVcySKf017N7ktrU1a5DoOSnA==,east_village_south,2024-11-21,9,1,6284152.539088359,1838142.0060624313
d0rczVnnC+N+XhVcySKf017N7ktrU1a5DoOSnA==,east_village_south,2024-11-21,9,1,6284865.091111993,1838783.6474412235
d0rczVnnC+N+XhVcySKf017N7ktrU1a5DoOSnA==,east_village_south,2024-11-21,9,1,6284591.585151954,1837880.241266196
d0rczVnnC+N+XhVcySKf017N7ktrU1a5DoOSnA==,east_village_south,2024-11-21,1,3,6285130.364825596,1837613.6716068115
d0rczVnnC+N+XhVcySKf017N7ktrU1a5DoOSnA==,east_village_south,2024-11-21,1,3,6284944.570363672,1839589.0447867587
d0rczVnnC+N+XhVcySKf017N7ktrU1a5DoOSnA==,east_village_south,2024-11-21,1,3,6284747.1264178865,1837891.4313400802
d0rczVnnC+N+XhVcySKf017N7ktrU1a5DoOSnA==,east_village_south,2024-11-21,1,2,6284324.70876416,1837907.630235908
d0rczVnnC+N+XhVcySKf017N7ktrU1a5DoOSnA==,east_village_south,2024-11-21,1,2,6285226.475665112,1839652.1748651874
d0rczVnnC+N+XhVcySKf017N7ktrU1a5DoOSnA==,east_village_south,2024-11-21,1,2,6285219.407383417,1839349.8216136012
d0rczVnnC+N+XhVcySKf017N7ktrU1a5DoOSnA==,east_village_south,2024-11-21,1,2,6285118.886573142,1839156.361422363
d0rczVnnC+N+XhVcySKf017N7ktrU1a5DoOSnA==,east_village_south,2024-11-21,1,2,6284777.345942683,1838852.1304387937
d0rczVnnC+N+XhVcySKf017N7ktrU1a5DoOSnA==,east_village_south,2024-11-21,1,2,6284003.997803253,1837677.031210256
d0rczVnnC+N+XhVcySKf017N7ktrU1a5DoOSnA==,east_village_south,2024-11-21,9,2,6285194.628370355,1838281.503959097
d0rczVnnC+N+XhVcySKf017N7ktrU1a5DoOSnA==,east_village_south,2024-11-21,2,2,6284509.453945274,1837884.7912284336
d0rczVnnC+N+XhVcySKf017N7ktrU1a5DoOSnA==,east_village_south,2024-11-21,3,2,6285324.539889085,1838487.9810140852
d0rczVnnC+N+XhVcySKf017N7ktrU1a5DoOSnA==,east_village_south,2024-11-21,2,2,6285050.398261915,1839641.2821756997
d0rczVnnC+N+XhVcySKf017N7ktrU1a5DoOSnA==,east_village_south,2024-11-21,2,2,6284915.446502752,1839643.2364160214
d0rczVnnC+N+XhVcySKf017N7ktrU1a5DoOSnA==,east_village_south,2024-11-21,2,2,6284856.411580684,1839553.3546201591
d0rczVnnC+N+XhVcySKf017N7ktrU1a5DoOSnA==,east_village_south,2024-11-21,2,2,6284929.926789968,1838856.6421468619
d0rczVnnC+N+XhVcySKf017N7ktrU1a5DoOSnA==,east_village_south,2024-11-21,10,2,6285319.446279145,1838682.9706107923
d0rczVnnC+N+XhVcySKf017N7ktrU1a5DoOSnA==,east_village_south,2024-11-21,19,2,6285057.036409586,1838357.4300252176
d0rczVnnC+N+XhVcySKf017N7ktrU1a5DoOSnA==,east_village_south,2024-11-21,10,1,6283845.802993336,1837736.45253752
d0rczVnnC+N+XhVcySKf017N7ktrU1a5DoOSnA==,east_village_south,2024-11-21,18,1,6285189.294597634,1838416.0059120927
d0rczVnnC+N+XhVcySKf017N7ktrU1a5DoOSnA==,east_village_south,2024-11-21,21,1,6283592.077422039,1838859.2124928823
d0rczVnnC+N+XhVcySKf017N7ktrU1a5DoOSnA==,east_village_south,2024-11-21,1,2,6284043.138611124,1838667.8466803692
d0rczVnnC+N+XhVcySKf017N7ktrU1a5DoOSnA==,east_village_south,2024-11-21,1,2,6282212.263429326,1839376.565062728
d0rczVnnC+N+XhVcySKf017N7ktrU1a5DoOSnA==,east_village_south,2024-11-21,7,1,6285313.92571315,1838770.4266186792
Cj30nNIxCyM790BMOJpGeZPeW2vry05dkXbEDQ==,east_village_south,2024-12-19,1,1,6282045.109325799,1839213.3439195286
Cj30nNIxCyM790BMOJpGeZPeW2vry05dkXbEDQ==,east_village_south,2024-12-19,1,1,6285050.632932391,1838017.3814975051
Cj30nNIxCyM790BMOJpGeZPeW2vry05dkXbEDQ==,east_village_south,2024-12-19,1,1,6283163.082362062,1839585.4758476585
Cj30nNIxCyM790BMOJpGeZPeW2vry05dkXbEDQ==,east_village_south,2024-12-19,1,1,6282193.085994986,1839670.4814437944
Cj30nNIxCyM790BMOJpGeZPeW2vry05dkXbEDQ==,east_village_south,2024-12-19,1,1,6283245.226476462,1839424.1983933174
Cj30nNIxCyM790BMOJpGeZPeW2vry05dkXbEDQ==,east_village_south,2024-12-19,1,1,6283330.086780719,1839356.5790570132
Cj30nNIxCyM790BMOJpGeZPeW2vry05dkXbEDQ==,east_village_south,2024-12-19,1,1,6283604.640030419,1839371.0282067168
Cj30nNIxCyM790BMOJpGeZPeW2vry05dkXbEDQ==,east_village_south,2024-12-19,1,1,6282389.331382822,1839427.9589204625
Cj30nNIxCyM790BMOJpGeZPeW2vry05dkXbEDQ==,east_village_south,2024-12-19,1,1,6285435.788174747,1839549.8774952607
Cj30nNIxCyM790BMOJpGeZPeW2vry05dkXbEDQ==,east_village_south,2024-12-19,1,1,6283438.15537941,1839362.3732690983
Cj30nNIxCyM790BMOJpGeZPeW2vry05dkXbEDQ==,east_village_south,2024-12-19,1,1,6284151.301204789,1839182.473825471
Cj30nNIxCyM790BMOJpGeZPeW2vry05dkXbEDQ==,east_village_south,2024-12-19,1,1,6284286.487557159,1838809.9744686726
Cj30nNIxCyM790BMOJpGeZPeW2vry05dkXbEDQ==,east_village_south,2024-12-19,1,1,6284071.031403074,1839822.1762816561
Cj30nNIxCyM790BMOJpGeZPeW2vry05dkXbEDQ==,east_village_south,2024-12-19,1,1,6284369.583579685,1839548.692688869
Cj30nNIxCyM790BMOJpGeZPeW2vry05dkXbEDQ==,east_village_south,2024-12-19,1,1,6284635.007289881,1839730.5045490726
Cj30nNIxCyM790BMOJpGeZPeW2vry05dkXbEDQ==,east_village_south,2024-12-19,1,1,6284916.354564121,1839309.9513227788
Cj30nNIxCyM790BMOJpGeZPeW2vry05dkXbEDQ==,east_village_south,2024-12-19,1,1,6285047.704663955,1839355.7010933568
Cj30nNIxCyM790BMOJpGeZPeW2vry05dkXbEDQ==,east_village_south,2024-12-19,1,1,6282135.687515948,1839202.5546587026
Cj30nNIxCyM790BMOJpGeZPeW2vry05dkXbEDQ==,east_village_south,2024-12-19,1,1,6282198.247288989,1838646.642699295
Cj30nNIxCyM790BMOJpGeZPeW2vry05dkXbEDQ==,east_village_south,2024-12-19,1,1,6283145.086606331,1838464.8029618422
Cj30nNIxCyM790BMOJpGeZPeW2vry05dkXbEDQ==,east_village_south,2024-12-19,1,1,6282790.212089334,1837778.5273180618
Cj30nNIxCyM790BMOJpGeZPeW2vry05dkXbEDQ==,east_village_south,2024-12-19,1,1,6282691.265709476,1837608.7161944665
Cj30nNIxCyM790BMOJpGeZPeW2vry05dkXbEDQ==,east_village_south,2024-12-19,1,1,6284284.810902595,1838241.2128941084
Cj30nNIxCyM790BMOJpGeZPeW2vry05dkXbEDQ==,east_village_south,2024-12-19,1,1,6283747.740470006,1838051.6192285076
Cj30nNIxCyM790BMOJpGeZPeW2vry05dkXbEDQ==,east_village_south,2024-12-19,1,1,6284104.635492224,1837814.4543511502
Cj30nNIxCyM790BMOJpGeZPeW2vry05dkXbEDQ==,east_village_south,2024-12-19,1,1,6284005.75521929,1838949.4805798375
Cj30nNIxCyM790BMOJpGeZPeW2vry05dkXbEDQ==,east_village_south,2024-12-19,2,1,6285052.78565146,1839703.6156809328
Cj30nNIxCyM790BMOJpGeZPeW2vry05dkXbEDQ==,east_village_south,2024-12-19,2,1,6282336.296465524,1839635.83502393
Cj30nNIxCyM790BMOJpGeZPeW2vry05dkXbEDQ==,east_village_south,2024-12-19,2,1,6282476.549164056,1839617.941852687
Cj30nNIxCyM790BMOJpGeZPeW2vry05dkXbEDQ==,east_village_south,2024-12-19,2,1,6283454.005736742,1838793.4661724973
Cj30nNIxCyM790BMOJpGeZPeW2vry05dkXbEDQ==,east_village_south,2024-12-19,2,1,6284101.465420757,1837928.2357704705
Cj30nNIxCyM790BMOJpGeZPeW2vry05dkXbEDQ==,east_village_south,2024-12-19,2,1,6283587.896330329,1839013.1732368635
Cj30nNIxCyM790BMOJpGeZPeW2vry05dkXbEDQ==,east_village_south,2024-12-19,2,1,6283878.614947103,1839649.7954766012
Cj30nNIxCyM790BMOJpGeZPeW2vry05dkXbEDQ==,east_village_south,2024-12-19,2,1,6283800.277802555,1839406.2069995243
Cj30nNIxCyM790BMOJpGeZPeW2vry05dkXbEDQ==,east_village_south,2024-12-19,2,1,6285048.641709854,1838927.4388226843
Cj30nNIxCyM790BMOJpGeZPeW2vry05dkXbEDQ==,east_village_south,2024-12-19,2,1,6284777.2951349765,1838782.4792587124
Cj30nNIxCyM790BMOJpGeZPeW2vry05dkXbEDQ==,east_village_south,2024-12-19,2,1,6284914.436327411,1838851.6011148724
Cj30nNIxCyM790BMOJpGeZPeW2vry05dkXbEDQ==,east_village_south,2024-12-19,2,1,6285078.226750575,1838756.560537485
Cj30nNIxCyM790BMOJpGeZPeW2vry05dkXbEDQ==,east_village_south,2024-12-19,2,1,6284916.7423388045,1837797.674433139
Cj30nNIxCyM790BMOJpGeZPeW2vry05dkXbEDQ==,east_village_south,2024-12-19,3,1,6284049.506642109,1837644.2794224627
Cj30nNIxCyM790BMOJpGeZPeW2vry05dkXbEDQ==,east_village_south,2024-12-19,3,1,6283454.877117487,1839730.2656359207
Cj30nNIxCyM790BMOJpGeZPeW2vry05dkXbEDQ==,east_village_south,2024-12-19,3,1,6284429.65410367,1838795.402842746
Cj30nNIxCyM790BMOJpGeZPeW2vry05dkXbEDQ==,east_village_south,2024-12-19,3,1,6285514.622904044,1838231.0020978535
Cj30nNIxCyM790BMOJpGeZPeW2vry05dkXbEDQ==,east_village_south,2024-12-19,3,1,6283958.943093303,1837648.3770853095
Cj30nNIxCyM790BMOJpGeZPeW2vry05dkXbEDQ==,east_village_south,2024-12-19,3,1,6283799.0843122825,1838616.6226916444
Cj30nNIxCyM790BMOJpGeZPeW2vry05dkXbEDQ==,east_village_south,2024-12-19,3,1,6285188.513512606,1837748.5776557124
Cj30nNIxCyM790BMOJpGeZPeW2vry05dkXbEDQ==,east_village_south,2024-12-19,3,1,6284144.6316316575,1839560.5976186446
Cj30nNIxCyM790BMOJpGeZPeW2vry05dkXbEDQ==,east_village_south,2024-12-19,3,1,6284772.360781777,1839702.5982345333
Cj30nNIxCyM790BMOJpGeZPeW2vry05dkXbEDQ==,east_village_south,2024-12-19,4,1,6284449.399278907,1837781.4802268515
Cj30nNIxCyM790BMOJpGeZPeW2vry05dkXbEDQ==,east_village_south,2024-12-19,4,1,6283743.157509019,1838811.1398528265
Cj30nNIxCyM790BMOJpGeZPeW2vry05dkXbEDQ==,east_village_south,2024-12-19,4,1,6284015.719536182,1839735.6463277093
Cj30nNIxCyM790BMOJpGeZPeW2vry05dkXbEDQ==,east_village_south,2024-12-19,4,1,6284015.719536182,1839735.6463277093
Cj30nNIxCyM790BMOJpGeZPeW2vry05dkXbEDQ==,east_village_south,2024-12-19,4,1,6284631.170816461,1838813.8041332597
Cj30nNIxCyM790BMOJpGeZPeW2vry05dkXbEDQ==,east_village_south,2024-12-19,4,1,6284892.194361563,1838336.5420998519
Cj30nNIxCyM790BMOJpGeZPeW2vry05dkXbEDQ==,east_village_south,2024-12-19,5,1,6284770.779075053,1837755.3917299144
Cj30nNIxCyM790BMOJpGeZPeW2vry05dkXbEDQ==,east_village_south,2024-12-19,5,1,6284288.720361842,1837789.5057768356
Cj30nNIxCyM790BMOJpGeZPeW2vry05dkXbEDQ==,east_village_south,2024-12-19,3,1,6282193.700931357,1839389.4343286655
Cj30nNIxCyM790BMOJpGeZPeW2vry05dkXbEDQ==,east_village_south,2024-12-19,8,1,6284133.100470268,1838155.4833113642
Cj30nNIxCyM790BMOJpGeZPeW2vry05dkXbEDQ==,east_village_south,2024-12-19,15,1,6285052.734185878,1838392.0867306706
Cj30nNIxCyM790BMOJpGeZPeW2vry05dkXbEDQ==,east_village_south,2024-12-19,10,1,6285351.447417252,1838044.9955601117
Cj30nNIxCyM790BMOJpGeZPeW2vry05dkXbEDQ==,east_village_south,2024-12-19,19,1,6285372.898750623,1838921.4008660123
Cj30nNIxCyM790BMOJpGeZPeW2vry05dkXbEDQ==,east_village_south,2024-12-19,22,1,6283573.55403124,1838892.8457416007
Cj30nNIxCyM790BMOJpGeZPeW2vry05dkXbEDQ==,east_village_south,2024-12-19,12,1,6284361.500675263,1837902.6566006625
Cj30nNIxCyM790BMOJpGeZPeW2vry05dkXbEDQ==,east_village_south,2024-12-19,1,3,6285331.614173077,1837764.1182206925
Cj30nNIxCyM790BMOJpGeZPeW2vry05dkXbEDQ==,east_village_south,2024-12-19,1,3,6285200.718175735,1838845.878455947
Cj30nNIxCyM790BMOJpGeZPeW2vry05dkXbEDQ==,east_village_south,2024-12-19,1,3,6285160.026793432,1838752.5356356567
Cj30nNIxCyM790BMOJpGeZPeW2vry05dkXbEDQ==,east_village_south,2024-12-19,1,3,6284290.887501368,1838134.0988190945
Cj30nNIxCyM790BMOJpGeZPeW2vry05dkXbEDQ==,east_village_south,2024-12-19,1,2,6284134.220532944,1837643.576065951
Cj30nNIxCyM790BMOJpGeZPeW2vry05dkXbEDQ==,east_village_south,2024-12-19,1,2,6284005.484133575,1837738.3255992644
Cj30nNIxCyM790BMOJpGeZPeW2vry05dkXbEDQ==,east_village_south,2024-12-19,1,2,6284446.265810796,1837878.5326512235
Cj30nNIxCyM790BMOJpGeZPeW2vry05dkXbEDQ==,east_village_south,2024-12-19,1,2,6285313.472445693,1839380.2604010478
Cj30nNIxCyM790BMOJpGeZPeW2vry05dkXbEDQ==,east_village_south,2024-12-19,1,2,6285311.276023481,1839049.0505547472
Cj30nNIxCyM790BMOJpGeZPeW2vry05dkXbEDQ==,east_village_south,2024-12-19,1,2,6285206.26036552,1838983.007707176
Cj30nNIxCyM790BMOJpGeZPeW2vry05dkXbEDQ==,east_village_south,2024-12-19,1,2,6285054.249785678,1839034.4558830068
Cj30nNIxCyM790BMOJpGeZPeW2vry05dkXbEDQ==,east_village_south,2024-12-19,1,2,6284911.2369732605,1838978.765730151
Cj30nNIxCyM790BMOJpGeZPeW2vry05dkXbEDQ==,east_village_south,2024-12-19,1,2,6283725.403556318,1838915.0051435418
Cj30nNIxCyM790BMOJpGeZPeW2vry05dkXbEDQ==,east_village_south,2024-12-19,23,1,6285186.705306847,1838574.990006151
Cj30nNIxCyM790BMOJpGeZPeW2vry05dkXbEDQ==,east_village_south,2024-12-19,4,2,6285067.67700088,1839573.0082519732
Cj30nNIxCyM790BMOJpGeZPeW2vry05dkXbEDQ==,east_village_south,2024-12-19,5,2,6285348.218780416,1838185.543371349
Cj30nNIxCyM790BMOJpGeZPeW2vry05dkXbEDQ==,east_village_south,2024-12-19,7,2,6285547.158396099,1838046.7163630228
Cj30nNIxCyM790BMOJpGeZPeW2vry05dkXbEDQ==,east_village_south,2024-12-19,8,2,6285193.060091122,1838340.735569531
Cj30nNIxCyM790BMOJpGeZPeW2vry05dkXbEDQ==,east_village_south,2024-12-19,20,2,6285070.707758712,1838187.8474702665
Cj30nNIxCyM790BMOJpGeZPeW2vry05dkXbEDQ==,east_village_south,2024-12-19,1,2,6284356.617566761,1838799.354983556
Cj30nNIxCyM790BMOJpGeZPeW2vry05dkXbEDQ==,east_village_south,2024-12-19,1,2,6282191.014024182,1839282.3930146701
99+0TE4/9zfXn6fCTnwPIApruSEbsoIYgN8T1w==,Barrio Logan,2024-06-30,1,1,6284605.490901804,1837423.4086837238
99+0TE4/9zfXn6fCTnwPIApruSEbsoIYgN8T1w==,Barrio Logan,2024-06-30,1,1,6284552.403721459,1837253.1650337905
99+0TE4/9zfXn6fCTnwPIApruSEbsoIYgN8T1w==,Barrio Logan,2024-06-30,1,1,6284794.278076598,1837357.8513687467
99+0TE4/9zfXn6fCTnwPIApruSEbsoIYgN8T1w==,Barrio Logan,2024-06-30,1,1,6284992.99164216,1837327.050811951
99+0TE4/9zfXn6fCTnwPIApruSEbsoIYgN8T1w==,Barrio Logan,2024-06-30,1,1,6284837.067160292,1837531.7343368132
99+0TE4/9zfXn6fCTnwPIApruSEbsoIYgN8T1w==,Barrio Logan,2024-06-30,1,2,6284608.092843,1837154.6361495235
+UoTB+faNpfxDq6LaEMqVwcab/9bOaIm4RCddA==,Barrio Logan,2024-07-30,3,1,6284854.613434418,1837455.7112252791
rNEUgDfFGG1lDDLSVJeNK6DIEivFkawiJB5Fbw==,Barrio Logan,2024-08-30,3,1,6284613.295865217,1837436.7063753866
rNEUgDfFGG1lDDLSVJeNK6DIEivFkawiJB5Fbw==,Barrio Logan,2024-08-30,1,2,6284419.348745842,1837352.9350405692
rNEUgDfFGG1lDDLSVJeNK6DIEivFkawiJB5Fbw==,Barrio Logan,2024-08-30,1,2,6284791.119914759,1837370.9969759171
rNEUgDfFGG1lDDLSVJeNK6DIEivFkawiJB5Fbw==,Barrio Logan,2024-08-30,1,2,6284841.320823217,1837526.8640303933
rNEUgDfFGG1lDDLSVJeNK6DIEivFkawiJB5Fbw==,Barrio Logan,2024-08-30,1,2,6284558.221813731,1837514.260807599
f08Hos8MNfNrUEQSjbEJb7ja3qA3l7mnqf8xog==,Barrio Logan,2024-09-30,1,1,6284749.852530846,1837014.076365215
yPJ7pNWAFjPdyrZKG8c7iDDDXuAtzxQjsdxuyA==,Barrio Logan,2024-10-30,1,2,6287916.763500959,1834892.957871053
yPJ7pNWAFjPdyrZKG8c7iDDDXuAtzxQjsdxuyA==,Barrio Logan,2024-10-30,2,1,6287656.168033358,1834618.5357666134
qgD7LmNPLQAPeDz4d7V92UPBpfgEGr1fvE7YkQ==,Barrio Logan,2024-11-30,1,1,6285155.412108098,1837498.9131372236
qgD7LmNPLQAPeDz4d7V92UPBpfgEGr1fvE7YkQ==,Barrio Logan,2024-11-30,1,1,6284684.520343666,1836938.3481423077
qgD7LmNPLQAPeDz4d7V92UPBpfgEGr1fvE7YkQ==,Barrio Logan,2024-11-30,1,1,6284619.774496904,1837449.5925467277
qgD7LmNPLQAPeDz4d7V92UPBpfgEGr1fvE7YkQ==,Barrio Logan,2024-11-30,3,1,6284501.361453727,1837284.1375519498
5p7ADDV91G5ygWtxrCSFDE8NesE6Ypsn75Y+EQ==,Barrio Logan,2024-12-19,2,2,6284563.014276641,1837568.8205438203
5p7ADDV91G5ygWtxrCSFDE8NesE6Ypsn75Y+EQ==,Barrio Logan,2024-12-19,1,2,6285109.86500048,1836732.2330937565
5p7ADDV91G5ygWtxrCSFDE8NesE6Ypsn75Y+EQ==,Barrio Logan,2024-12-19,1,1,6285045.472614154,1836618.198635281
5p7ADDV91G5ygWtxrCSFDE8NesE6Ypsn75Y+EQ==,Barrio Logan,2024-12-19,1,1,6284892.447588612,1837229.772635772
5p7ADDV91G5ygWtxrCSFDE8NesE6Ypsn75Y+EQ==,Barrio Logan,2024-12-19,2,1,6284802.130053009,1837567.3159589695
5p7ADDV91G5ygWtxrCSFDE8NesE6Ypsn75Y+EQ==,Barrio Logan,2024-12-19,3,3,6284823.391280467,1837395.5477024796
5p7ADDV91G5ygWtxrCSFDE8NesE6Ypsn75Y+EQ==,Barrio Logan,2024-12-19,1,3,6284699.613984729,1837576.4528298413
Qa5z9nR86/7+wtXDJqjxqztK2UC7+JsiryC/eg==,gaslamp,2018-03-28,1,1,6281943.428548279,1838576.2073250106
Qa5z9nR86/7+wtXDJqjxqztK2UC7+JsiryC/eg==,gaslamp,2018-03-28,1,1,6281553.441820992,1839407.5350971655
Qa5z9nR86/7+wtXDJqjxqztK2UC7+JsiryC/eg==,gaslamp,2018-03-28,1,1,6281476.420174147,1838450.6516370429
Qa5z9nR86/7+wtXDJqjxqztK2UC7+JsiryC/eg==,gaslamp,2018-03-28,1,1,6281542.580816143,1840184.6934944657
Qa5z9nR86/7+wtXDJqjxqztK2UC7+JsiryC/eg==,gaslamp,2018-03-28,1,1,6281779.006066041,1839960.637751676
Qa5z9nR86/7+wtXDJqjxqztK2UC7+JsiryC/eg==,gaslamp,2018-03-28,1,1,6281757.813858432,1839223.4598684162
Qa5z9nR86/7+wtXDJqjxqztK2UC7+JsiryC/eg==,gaslamp,2018-03-28,1,1,6281909.259592367,1839567.5400300222
Qa5z9nR86/7+wtXDJqjxqztK2UC7+JsiryC/eg==,gaslamp,2018-03-28,1,1,6281540.713021415,1840340.1322105012
Qa5z9nR86/7+wtXDJqjxqztK2UC7+JsiryC/eg==,gaslamp,2018-03-28,1,1,6281466.593535521,1840815.9704075942
Qa5z9nR86/7+wtXDJqjxqztK2UC7+JsiryC/eg==,gaslamp,2018-03-28,1,1,6281757.959118457,1841211.410267445
Qa5z9nR86/7+wtXDJqjxqztK2UC7+JsiryC/eg==,gaslamp,2018-03-28,1,1,6281556.13188742,1839566.781121333
Qa5z9nR86/7+wtXDJqjxqztK2UC7+JsiryC/eg==,gaslamp,2018-03-28,2,1,6281903.715784997,1838638.2224816487
Qa5z9nR86/7+wtXDJqjxqztK2UC7+JsiryC/eg==,gaslamp,2018-03-28,2,1,6281540.071863941,1839944.0087613435
Qa5z9nR86/7+wtXDJqjxqztK2UC7+JsiryC/eg==,gaslamp,2018-03-28,2,1,6281769.365415543,1838820.214363286
Qa5z9nR86/7+wtXDJqjxqztK2UC7+JsiryC/eg==,gaslamp,2018-03-28,2,1,6281567.814189188,1839789.1681542331
Qa5z9nR86/7+wtXDJqjxqztK2UC7+JsiryC/eg==,gaslamp,2018-03-28,2,1,6281478.178022493,1840397.9178644724
Qa5z9nR86/7+wtXDJqjxqztK2UC7+JsiryC/eg==,gaslamp,2018-03-28,2,1,6281930.763658859,1840848.9117423573
Qa5z9nR86/7+wtXDJqjxqztK2UC7+JsiryC/eg==,gaslamp,2018-03-28,2,1,6281934.688595006,1840452.8938418333
Qa5z9nR86/7+wtXDJqjxqztK2UC7+JsiryC/eg==,gaslamp,2018-03-28,2,1,6281481.363011588,1839650.1976287658
Qa5z9nR86/7+wtXDJqjxqztK2UC7+JsiryC/eg==,gaslamp,2018-03-28,2,1,6281649.327837471,1840779.472998471
Qa5z9nR86/7+wtXDJqjxqztK2UC7+JsiryC/eg==,gaslamp,2018-03-28,2,1,6281651.515723546,1841164.526352013
Qa5z9nR86/7+wtXDJqjxqztK2UC7+JsiryC/eg==,gaslamp,2018-03-28,2,1,6281767.306324563,1840430.5149277688
Qa5z9nR86/7+wtXDJqjxqztK2UC7+JsiryC/eg==,gaslamp,2018-03-28,2,1,6281766.63223723,1840049.1985166029
Qa5z9nR86/7+wtXDJqjxqztK2UC7+JsiryC/eg==,gaslamp,2018-03-28,3,1,6281653.17044897,1840420.4726929266
Qa5z9nR86/7+wtXDJqjxqztK2UC7+JsiryC/eg==,gaslamp,2018-03-28,3,1,6281480.524274959,1839342.9164075588
Qa5z9nR86/7+wtXDJqjxqztK2UC7+JsiryC/eg==,gaslamp,2018-03-28,3,1,6281653.968998055,1840061.4020216262
Qa5z9nR86/7+wtXDJqjxqztK2UC7+JsiryC/eg==,gaslamp,2018-03-28,4,1,6281759.960582183,1839627.0220194478
Qa5z9nR86/7+wtXDJqjxqztK2UC7+JsiryC/eg==,gaslamp,2018-03-28,4,1,6281618.463024284,1838231.818074816
Qa5z9nR86/7+wtXDJqjxqztK2UC7+JsiryC/eg==,gaslamp,2018-03-28,4,1,6281932.959777399,1841230.2633364012
Qa5z9nR86/7+wtXDJqjxqztK2UC7+JsiryC/eg==,gaslamp,2018-03-28,4,1,6281654.891034112,1839646.8049578567
Qa5z9nR86/7+wtXDJqjxqztK2UC7+JsiryC/eg==,gaslamp,2018-03-28,4,1,6281761.809962421,1840848.7082024026
Qa5z9nR86/7+wtXDJqjxqztK2UC7+JsiryC/eg==,gaslamp,2018-03-28,4,1,6281473.314585358,1841215.9363477617
Qa5z9nR86/7+wtXDJqjxqztK2UC7+JsiryC/eg==,gaslamp,2018-03-28,5,1,6281845.135727739,1840339.765267096
Qa5z9nR86/7+wtXDJqjxqztK2UC7+JsiryC/eg==,gaslamp,2018-03-28,6,1,6281933.247913667,1841100.7017539733
Qa5z9nR86/7+wtXDJqjxqztK2UC7+JsiryC/eg==,gaslamp,2018-03-28,10,1,6281932.248426864,1838128.012962736
GHyUZkFm3SNnzul647sIyzRR5XtidhBlsIBr8w==,gaslamp,2018-04-25,1,1,6281830.9321918525,1838262.356264334
GHyUZkFm3SNnzul647sIyzRR5XtidhBlsIBr8w==,gaslamp,2018-04-25,1,1,6281559.382202669,1840162.418319371
GHyUZkFm3SNnzul647sIyzRR5XtidhBlsIBr8w==,gaslamp,2018-04-25,1,1,6281882.4685485475,1838632.6464049055
GHyUZkFm3SNnzul647sIyzRR5XtidhBlsIBr8w==,gaslamp,2018-04-25,1,1,6281779.399769208,1840066.6462907523
GHyUZkFm3SNnzul647sIyzRR5XtidhBlsIBr8w==,gaslamp,2018-04-25,1,1,6281507.844261426,1838916.2556115398
GHyUZkFm3SNnzul647sIyzRR5XtidhBlsIBr8w==,gaslamp,2018-04-25,1,1,6281495.954822085,1840801.9690638029
GHyUZkFm3SNnzul647sIyzRR5XtidhBlsIBr8w==,gaslamp,2018-04-25,1,1,6281555.417166097,1839746.206612117
GHyUZkFm3SNnzul647sIyzRR5XtidhBlsIBr8w==,gaslamp,2018-04-25,1,1,6281499.919791875,1841181.2666015555
GHyUZkFm3SNnzul647sIyzRR5XtidhBlsIBr8w==,gaslamp,2018-04-25,1,1,6281632.723285688,1841177.5143902341
GHyUZkFm3SNnzul647sIyzRR5XtidhBlsIBr8w==,gaslamp,2018-04-25,1,1,6281632.721968267,1840449.2985009798
GHyUZkFm3SNnzul647sIyzRR5XtidhBlsIBr8w==,gaslamp,2018-04-25,1,1,6281840.847691325,1840910.3298225747
GHyUZkFm3SNnzul647sIyzRR5XtidhBlsIBr8w==,gaslamp,2018-04-25,1,1,6281573.258525392,1840897.6550726884
GHyUZkFm3SNnzul647sIyzRR5XtidhBlsIBr8w==,gaslamp,2018-04-25,1,1,6281577.222499528,1840726.5959015116
GHyUZkFm3SNnzul647sIyzRR5XtidhBlsIBr8w==,gaslamp,2018-04-25,1,1,6281499.918438028,1840432.915710755
GHyUZkFm3SNnzul647sIyzRR5XtidhBlsIBr8w==,gaslamp,2018-04-25,1,1,6281791.289882436,1838553.430367094
GHyUZkFm3SNnzul647sIyzRR5XtidhBlsIBr8w==,gaslamp,2018-04-25,2,1,6281555.418240676,1840340.18915773
GHyUZkFm3SNnzul647sIyzRR5XtidhBlsIBr8w==,gaslamp,2018-04-25,2,1,6281636.684837468,1839667.477616235
GHyUZkFm3SNnzul647sIyzRR5XtidhBlsIBr8w==,gaslamp,2018-04-25,2,1,6281924.097449936,1840801.4424953563
GHyUZkFm3SNnzul647sIyzRR5XtidhBlsIBr8w==,gaslamp,2018-04-25,2,1,6281779.401123056,1840814.997181553
GHyUZkFm3SNnzul647sIyzRR5XtidhBlsIBr8w==,gaslamp,2018-04-25,3,1,6281884.453810956,1840357.5890416799
GHyUZkFm3SNnzul647sIyzRR5XtidhBlsIBr8w==,gaslamp,2018-04-25,3,1,6281785.348180087,1841164.1363879694
GHyUZkFm3SNnzul647sIyzRR5XtidhBlsIBr8w==,gaslamp,2018-04-25,3,1,6281922.114743447,1840489.3058004072
GHyUZkFm3SNnzul647sIyzRR5XtidhBlsIBr8w==,gaslamp,2018-04-25,4,1,6281787.327638555,1839680.9021117154
GHyUZkFm3SNnzul647sIyzRR5XtidhBlsIBr8w==,gaslamp,2018-04-25,4,1,6281495.952077963,1839285.1322806554
GHyUZkFm3SNnzul647sIyzRR5XtidhBlsIBr8w==,gaslamp,2018-04-25,5,1,6281777.418313359,1840445.8113155563
GHyUZkFm3SNnzul647sIyzRR5XtidhBlsIBr8w==,gaslamp,2018-04-25,6,1,6281983.556843408,1838114.744918428
w5n1JXbb6xpkCoGO3S1Zkj8OTWUnKWZS5yaveg==,gaslamp,2018-05-31,1,1,6281774.569885372,1838536.3072025327
w5n1JXbb6xpkCoGO3S1Zkj8OTWUnKWZS5yaveg==,gaslamp,2018-05-31,1,1,6281909.047174832,1838217.8384103219
w5n1JXbb6xpkCoGO3S1Zkj8OTWUnKWZS5yaveg==,gaslamp,2018-05-31,1,1,6281571.546036353,1839206.9801369829
w5n1JXbb6xpkCoGO3S1Zkj8OTWUnKWZS5yaveg==,gaslamp,2018-05-31,1,1,6281885.819615583,1838466.3007025286
w5n1JXbb6xpkCoGO3S1Zkj8OTWUnKWZS5yaveg==,gaslamp,2018-05-31,1,1,6281521.443939239,1839408.0292353088
w5n1JXbb6xpkCoGO3S1Zkj8OTWUnKWZS5yaveg==,gaslamp,2018-05-31,1,1,6281489.00457187,1839728.461868423
w5n1JXbb6xpkCoGO3S1Zkj8OTWUnKWZS5yaveg==,gaslamp,2018-05-31,1,1,6281913.204147275,1839375.8879272335
w5n1JXbb6xpkCoGO3S1Zkj8OTWUnKWZS5yaveg==,gaslamp,2018-05-31,1,1,6281917.059587944,1839599.6197923338
w5n1JXbb6xpkCoGO3S1Zkj8OTWUnKWZS5yaveg==,gaslamp,2018-05-31,1,1,6281648.532356234,1840088.6629537314
w5n1JXbb6xpkCoGO3S1Zkj8OTWUnKWZS5yaveg==,gaslamp,2018-05-31,1,1,6281839.18730434,1839024.5473647811
w5n1JXbb6xpkCoGO3S1Zkj8OTWUnKWZS5yaveg==,gaslamp,2018-05-31,1,1,6281931.480732772,1840840.8366334739
w5n1JXbb6xpkCoGO3S1Zkj8OTWUnKWZS5yaveg==,gaslamp,2018-05-31,1,1,6281491.03633868,1840063.9874660403
w5n1JXbb6xpkCoGO3S1Zkj8OTWUnKWZS5yaveg==,gaslamp,2018-05-31,1,1,6281499.351390872,1840821.6976464991
w5n1JXbb6xpkCoGO3S1Zkj8OTWUnKWZS5yaveg==,gaslamp,2018-05-31,2,1,6281881.868890582,1840352.8852713583
w5n1JXbb6xpkCoGO3S1Zkj8OTWUnKWZS5yaveg==,gaslamp,2018-05-31,2,1,6281497.423855088,1840450.1002383884
w5n1JXbb6xpkCoGO3S1Zkj8OTWUnKWZS5yaveg==,gaslamp,2018-05-31,2,1,6281490.795869117,1841185.8785324183
w5n1JXbb6xpkCoGO3S1Zkj8OTWUnKWZS5yaveg==,gaslamp,2018-05-31,2,1,6281879.2649604315,1838657.3657780916
w5n1JXbb6xpkCoGO3S1Zkj8OTWUnKWZS5yaveg==,gaslamp,2018-05-31,2,1,6281791.314274782,1840531.511523029
w5n1JXbb6xpkCoGO3S1Zkj8OTWUnKWZS5yaveg==,gaslamp,2018-05-31,2,1,6281851.357797201,1840005.9894103403
w5n1JXbb6xpkCoGO3S1Zkj8OTWUnKWZS5yaveg==,gaslamp,2018-05-31,2,1,6281491.787171172,1839284.8074793648
w5n1JXbb6xpkCoGO3S1Zkj8OTWUnKWZS5yaveg==,gaslamp,2018-05-31,2,1,6281933.439537864,1841201.6124984366
w5n1JXbb6xpkCoGO3S1Zkj8OTWUnKWZS5yaveg==,gaslamp,2018-05-31,2,1,6281633.703603099,1840546.515026881
w5n1JXbb6xpkCoGO3S1Zkj8OTWUnKWZS5yaveg==,gaslamp,2018-05-31,2,1,6281782.447536355,1838926.0560359436
w5n1JXbb6xpkCoGO3S1Zkj8OTWUnKWZS5yaveg==,gaslamp,2018-05-31,3,1,6281931.889079283,1838102.8418169415
w5n1JXbb6xpkCoGO3S1Zkj8OTWUnKWZS5yaveg==,gaslamp,2018-05-31,3,1,6281923.467581456,1840497.9811537047
w5n1JXbb6xpkCoGO3S1Zkj8OTWUnKWZS5yaveg==,gaslamp,2018-05-31,3,1,6281840.416123146,1840157.2888543205
w5n1JXbb6xpkCoGO3S1Zkj8OTWUnKWZS5yaveg==,gaslamp,2018-05-31,4,1,6281654.316070892,1839645.0663247
w5n1JXbb6xpkCoGO3S1Zkj8OTWUnKWZS5yaveg==,gaslamp,2018-05-31,4,1,6281768.253116074,1841241.7218695674
w5n1JXbb6xpkCoGO3S1Zkj8OTWUnKWZS5yaveg==,gaslamp,2018-05-31,12,1,6281790.585395801,1839745.0882942416
w5n1JXbb6xpkCoGO3S1Zkj8OTWUnKWZS5yaveg==,gaslamp,2018-05-31,1,3,6281975.413460432,1841216.849863006
w5n1JXbb6xpkCoGO3S1Zkj8OTWUnKWZS5yaveg==,gaslamp,2018-05-31,1,2,6281823.305448737,1840366.1876750374
w5n1JXbb6xpkCoGO3S1Zkj8OTWUnKWZS5yaveg==,gaslamp,2018-05-31,1,2,6281581.736508816,1840354.3236307995
ZdLGo1YYe7+k1pZAognuL1G1VM4w9QdGEovfpg==,gaslamp,2018-06-28,1,1,6281854.360991434,1838812.8230674604
ZdLGo1YYe7+k1pZAognuL1G1VM4w9QdGEovfpg==,gaslamp,2018-06-28,1,1,6281500.611519034,1839661.4074721385
ZdLGo1YYe7+k1pZAognuL1G1VM4w9QdGEovfpg==,gaslamp,2018-06-28,1,1,6281500.777602509,1840394.270305367
ZdLGo1YYe7+k1pZAognuL1G1VM4w9QdGEovfpg==,gaslamp,2018-06-28,1,1,6281772.607400107,1838502.3834825887
ZdLGo1YYe7+k1pZAognuL1G1VM4w9QdGEovfpg==,gaslamp,2018-06-28,1,1,6281571.663680052,1841276.2972179933
ZdLGo1YYe7+k1pZAognuL1G1VM4w9QdGEovfpg==,gaslamp,2018-06-28,1,1,6281573.687940223,1840346.8945848348
ZdLGo1YYe7+k1pZAognuL1G1VM4w9QdGEovfpg==,gaslamp,2018-06-28,1,1,6281771.200206751,1840432.783803971
ZdLGo1YYe7+k1pZAognuL1G1VM4w9QdGEovfpg==,gaslamp,2018-06-28,1,1,6281653.366078017,1840045.9483075354
ZdLGo1YYe7+k1pZAognuL1G1VM4w9QdGEovfpg==,gaslamp,2018-06-28,1,1,6281922.811964549,1840345.3944969822
ZdLGo1YYe7+k1pZAognuL1G1VM4w9QdGEovfpg==,gaslamp,2018-06-28,1,1,6281833.384680184,1840141.9209082474
ZdLGo1YYe7+k1pZAognuL1G1VM4w9QdGEovfpg==,gaslamp,2018-06-28,1,1,6281847.90645147,1839759.9378328084
ZdLGo1YYe7+k1pZAognuL1G1VM4w9QdGEovfpg==,gaslamp,2018-06-28,1,1,6281845.056576508,1840521.2893828016
ZdLGo1YYe7+k1pZAognuL1G1VM4w9QdGEovfpg==,gaslamp,2018-06-28,2,1,6281844.230961717,1840353.2382996362
ZdLGo1YYe7+k1pZAognuL1G1VM4w9QdGEovfpg==,gaslamp,2018-06-28,2,1,6281595.113633953,1838120.510571384
ZdLGo1YYe7+k1pZAognuL1G1VM4w9QdGEovfpg==,gaslamp,2018-06-28,2,1,6281494.617415828,1841262.74782142
ZdLGo1YYe7+k1pZAognuL1G1VM4w9QdGEovfpg==,gaslamp,2018-06-28,2,1,6281854.949697998,1838655.5485688702
ZdLGo1YYe7+k1pZAognuL1G1VM4w9QdGEovfpg==,gaslamp,2018-06-28,4,1,6281498.19532144,1841084.1334469102
ZdLGo1YYe7+k1pZAognuL1G1VM4w9QdGEovfpg==,gaslamp,2018-06-28,5,1,6281650.3328136075,1840467.6765940832
ZdLGo1YYe7+k1pZAognuL1G1VM4w9QdGEovfpg==,gaslamp,2018-06-28,5,1,6281759.650328539,1841186.6665732733
ZdLGo1YYe7+k1pZAognuL1G1VM4w9QdGEovfpg==,gaslamp,2018-06-28,5,1,6281497.693144738,1839275.2100965853
BOo3fhsfO0DN9OHAHl02IBhH+MqUo1lUPci6iA==,gaslamp,2018-11-28,1,1,6281490.624160796,1839196.7681103714
BOo3fhsfO0DN9OHAHl02IBhH+MqUo1lUPci6iA==,gaslamp,2018-11-28,1,1,6281498.129187752,1840441.1005204937
BOo3fhsfO0DN9OHAHl02IBhH+MqUo1lUPci6iA==,gaslamp,2018-11-28,1,1,6281830.24435209,1841102.2945567663
BOo3fhsfO0DN9OHAHl02IBhH+MqUo1lUPci6iA==,gaslamp,2018-11-28,1,1,6281542.696913545,1841289.862309336
BOo3fhsfO0DN9OHAHl02IBhH+MqUo1lUPci6iA==,gaslamp,2018-11-28,1,1,6281768.272409261,1840071.617163475
BOo3fhsfO0DN9OHAHl02IBhH+MqUo1lUPci6iA==,gaslamp,2018-11-28,1,1,6281825.553068417,1839972.0659682583
BOo3fhsfO0DN9OHAHl02IBhH+MqUo1lUPci6iA==,gaslamp,2018-11-28,1,1,6281841.799058159,1841269.9205287257
BOo3fhsfO0DN9OHAHl02IBhH+MqUo1lUPci6iA==,gaslamp,2018-11-28,1,1,6281844.555861139,1838613.7718953912
BOo3fhsfO0DN9OHAHl02IBhH+MqUo1lUPci6iA==,gaslamp,2018-11-28,1,1,6281647.280616136,1840816.1820495175
BOo3fhsfO0DN9OHAHl02IBhH+MqUo1lUPci6iA==,gaslamp,2018-11-28,2,1,6281494.81218916,1840811.87752322
BOo3fhsfO0DN9OHAHl02IBhH+MqUo1lUPci6iA==,gaslamp,2018-11-28,2,1,6281768.460412902,1838477.9208755307
BOo3fhsfO0DN9OHAHl02IBhH+MqUo1lUPci6iA==,gaslamp,2018-11-28,2,1,6281767.506425078,1840809.6343005223
BOo3fhsfO0DN9OHAHl02IBhH+MqUo1lUPci6iA==,gaslamp,2018-11-28,2,1,6281920.363394756,1840439.582308028
BOo3fhsfO0DN9OHAHl02IBhH+MqUo1lUPci6iA==,gaslamp,2018-11-28,2,1,6281649.941925643,1839664.5971996528
BOo3fhsfO0DN9OHAHl02IBhH+MqUo1lUPci6iA==,gaslamp,2018-11-28,3,1,6281773.04438478,1839711.543169229
BOo3fhsfO0DN9OHAHl02IBhH+MqUo1lUPci6iA==,gaslamp,2018-11-28,3,1,6281499.039487796,1839564.0366764665
BOo3fhsfO0DN9OHAHl02IBhH+MqUo1lUPci6iA==,gaslamp,2018-11-28,4,1,6281931.624334495,1838065.1350364927
BOo3fhsfO0DN9OHAHl02IBhH+MqUo1lUPci6iA==,gaslamp,2018-11-28,5,1,6281491.602502363,1841079.260820756
BOo3fhsfO0DN9OHAHl02IBhH+MqUo1lUPci6iA==,gaslamp,2018-11-28,5,1,6281770.042637859,1841191.1356355592
BOo3fhsfO0DN9OHAHl02IBhH+MqUo1lUPci6iA==,gaslamp,2018-11-28,6,1,6281842.761163897,1840342.9424821928
BOo3fhsfO0DN9OHAHl02IBhH+MqUo1lUPci6iA==,gaslamp,2018-11-28,7,1,6281489.906999,1841300.3023239088
BOo3fhsfO0DN9OHAHl02IBhH+MqUo1lUPci6iA==,gaslamp,2018-11-28,8,1,6281767.891267373,1840438.8430819092
BOo3fhsfO0DN9OHAHl02IBhH+MqUo1lUPci6iA==,gaslamp,2018-11-28,1,2,6281485.619776757,1841193.3219947093
BOo3fhsfO0DN9OHAHl02IBhH+MqUo1lUPci6iA==,gaslamp,2018-11-28,1,2,6281490.490946156,1839325.1189168144
BOo3fhsfO0DN9OHAHl02IBhH+MqUo1lUPci6iA==,gaslamp,2018-11-28,1,2,6281763.555222742,1838966.3456762198
BOo3fhsfO0DN9OHAHl02IBhH+MqUo1lUPci6iA==,gaslamp,2018-11-28,2,2,6281506.218161861,1839710.2495235214
87qxpylxw0t3ZzwprKHKuHWviKeNwfN2E7y7vQ==,marina,2024-06-27,2,1,6278457.987593613,1840889.1792821607
87qxpylxw0t3ZzwprKHKuHWviKeNwfN2E7y7vQ==,marina,2024-06-27,3,1,6278846.233787746,1840932.3031787805
87qxpylxw0t3ZzwprKHKuHWviKeNwfN2E7y7vQ==,marina,2024-06-27,1,1,6279868.370422516,1840711.6487583243
87qxpylxw0t3ZzwprKHKuHWviKeNwfN2E7y7vQ==,marina,2024-06-27,3,1,6279005.475344942,1840353.0707707577
87qxpylxw0t3ZzwprKHKuHWviKeNwfN2E7y7vQ==,marina,2024-06-27,2,1,6281230.6662220275,1839950.0633075756
87qxpylxw0t3ZzwprKHKuHWviKeNwfN2E7y7vQ==,marina,2024-06-27,1,1,6280947.468160173,1840187.549015427
87qxpylxw0t3ZzwprKHKuHWviKeNwfN2E7y7vQ==,marina,2024-06-27,1,1,6280362.538033729,1840142.346560393
87qxpylxw0t3ZzwprKHKuHWviKeNwfN2E7y7vQ==,marina,2024-06-27,1,1,6280752.307916987,1839423.1879801524
87qxpylxw0t3ZzwprKHKuHWviKeNwfN2E7y7vQ==,marina,2024-06-27,2,1,6280655.772593828,1839251.0472130103
87qxpylxw0t3ZzwprKHKuHWviKeNwfN2E7y7vQ==,marina,2024-06-27,1,2,6278848.462501633,1840846.0521860786
87qxpylxw0t3ZzwprKHKuHWviKeNwfN2E7y7vQ==,marina,2024-06-27,1,2,6278768.302392391,1840760.0958714322
87qxpylxw0t3ZzwprKHKuHWviKeNwfN2E7y7vQ==,marina,2024-06-27,1,2,6278446.927787639,1840802.9758181772
87qxpylxw0t3ZzwprKHKuHWviKeNwfN2E7y7vQ==,marina,2024-06-27,1,2,6278456.271633271,1840544.2133343278
87qxpylxw0t3ZzwprKHKuHWviKeNwfN2E7y7vQ==,marina,2024-06-27,1,2,6281232.176072761,1839184.998847265
RZS54zEgV7tyAjxO0Yr5+PWKDn3xoo0LeHSKQA==,marina,2024-07-25,1,1,6279420.312417185,1840398.8815933906
RZS54zEgV7tyAjxO0Yr5+PWKDn3xoo0LeHSKQA==,marina,2024-07-25,1,1,6279915.572528076,1840583.5064162249
RZS54zEgV7tyAjxO0Yr5+PWKDn3xoo0LeHSKQA==,marina,2024-07-25,1,1,6279383.631153513,1839970.5797167183
RZS54zEgV7tyAjxO0Yr5+PWKDn3xoo0LeHSKQA==,marina,2024-07-25,1,1,6280654.7055715695,1840105.1351437294
RZS54zEgV7tyAjxO0Yr5+PWKDn3xoo0LeHSKQA==,marina,2024-07-25,1,1,6281239.760243521,1840175.375449816
RZS54zEgV7tyAjxO0Yr5+PWKDn3xoo0LeHSKQA==,marina,2024-07-25,1,1,6281008.22244812,1839578.0665019695
RZS54zEgV7tyAjxO0Yr5+PWKDn3xoo0LeHSKQA==,marina,2024-07-25,1,1,6281225.102456187,1839365.8562887635
RZS54zEgV7tyAjxO0Yr5+PWKDn3xoo0LeHSKQA==,marina,2024-07-25,1,1,6281362.500436113,1839204.0069499742
RZS54zEgV7tyAjxO0Yr5+PWKDn3xoo0LeHSKQA==,marina,2024-07-25,1,1,6281371.622867507,1838900.7327309204
RZS54zEgV7tyAjxO0Yr5+PWKDn3xoo0LeHSKQA==,marina,2024-07-25,2,1,6280156.913035334,1839411.4073494964
HXkB17vgroXch6ElUnNsY5MMxWUqCrLFrrBUpg==,marina,2024-08-29,2,1,6278766.341901437,1840226.056310542
HXkB17vgroXch6ElUnNsY5MMxWUqCrLFrrBUpg==,marina,2024-08-29,2,1,6279080.376607473,1840090.7032221905
HXkB17vgroXch6ElUnNsY5MMxWUqCrLFrrBUpg==,marina,2024-08-29,3,1,6279324.158691057,1840421.3403419836
HXkB17vgroXch6ElUnNsY5MMxWUqCrLFrrBUpg==,marina,2024-08-29,3,1,6280440.714291938,1839410.164299733
HXkB17vgroXch6ElUnNsY5MMxWUqCrLFrrBUpg==,marina,2024-08-29,3,1,6281074.364169783,1839706.3076902654
HXkB17vgroXch6ElUnNsY5MMxWUqCrLFrrBUpg==,marina,2024-08-29,3,1,6281325.841844052,1839963.5460794896
HXkB17vgroXch6ElUnNsY5MMxWUqCrLFrrBUpg==,marina,2024-08-29,3,1,6281224.893686902,1840212.6390933148
HXkB17vgroXch6ElUnNsY5MMxWUqCrLFrrBUpg==,marina,2024-08-29,2,1,6281369.756450742,1840135.1993320007
HXkB17vgroXch6ElUnNsY5MMxWUqCrLFrrBUpg==,marina,2024-08-29,1,1,6281208.855889789,1839705.1108622681
HXkB17vgroXch6ElUnNsY5MMxWUqCrLFrrBUpg==,marina,2024-08-29,2,1,6280765.004991801,1839176.0061485607
HXkB17vgroXch6ElUnNsY5MMxWUqCrLFrrBUpg==,marina,2024-08-29,1,1,6280966.800096813,1839185.4919713167
HXkB17vgroXch6ElUnNsY5MMxWUqCrLFrrBUpg==,marina,2024-08-29,1,1,6280787.803598308,1839426.818346816
Z7OPxLoqjC4TWdM6ZBpksmhZCqugGJ0zqKXv7g==,marina,2024-09-27,1,1,6279387.040380216,1839955.4163720517
Z7OPxLoqjC4TWdM6ZBpksmhZCqugGJ0zqKXv7g==,marina,2024-09-27,4,1,6280384.321722954,1840149.3087339283
Z7OPxLoqjC4TWdM6ZBpksmhZCqugGJ0zqKXv7g==,marina,2024-09-27,10,1,6280800.966257056,1840091.711114019
Z7OPxLoqjC4TWdM6ZBpksmhZCqugGJ0zqKXv7g==,marina,2024-09-27,1,1,6281271.400848205,1839655.7978627174
Z7OPxLoqjC4TWdM6ZBpksmhZCqugGJ0zqKXv7g==,marina,2024-09-27,1,1,6281207.986588658,1839234.1151724178
Z7OPxLoqjC4TWdM6ZBpksmhZCqugGJ0zqKXv7g==,marina,2024-09-27,1,1,6281365.922830391,1839208.1846304182
Z7OPxLoqjC4TWdM6ZBpksmhZCqugGJ0zqKXv7g==,marina,2024-09-27,1,1,6281204.580989369,1838858.665133165
Z7OPxLoqjC4TWdM6ZBpksmhZCqugGJ0zqKXv7g==,marina,2024-09-27,1,1,6281247.994813261,1838766.2640506502
Z7OPxLoqjC4TWdM6ZBpksmhZCqugGJ0zqKXv7g==,marina,2024-09-27,2,1,6280768.984860969,1838979.7927786084
Z7OPxLoqjC4TWdM6ZBpksmhZCqugGJ0zqKXv7g==,marina,2024-09-27,1,3,6280758.356905888,1839127.0800158822
kYlTAmHy7qhzYgRFqgc5whf48xpbCTGizLwJGA==,marina,2024-10-25,1,1,6278434.884922046,1840151.1484549649
kYlTAmHy7qhzYgRFqgc5whf48xpbCTGizLwJGA==,marina,2024-10-25,1,1,6279046.855010542,1839974.2572911615
kYlTAmHy7qhzYgRFqgc5whf48xpbCTGizLwJGA==,marina,2024-10-25,1,1,6280645.0117359385,1840200.743300587
kYlTAmHy7qhzYgRFqgc5whf48xpbCTGizLwJGA==,marina,2024-10-25,3,1,6280948.278592623,1840154.8142975497
kYlTAmHy7qhzYgRFqgc5whf48xpbCTGizLwJGA==,marina,2024-10-25,3,1,6279959.646765085,1839595.5668855198
kYlTAmHy7qhzYgRFqgc5whf48xpbCTGizLwJGA==,marina,2024-10-25,2,1,6280734.403829017,1839021.589892284
kfj6XfacWe/Lp6jdzQRFQMboYqGqnskaHtZiZQ==,marina,2024-11-21,1,1,6278517.53483187,1841014.559294769
kfj6XfacWe/Lp6jdzQRFQMboYqGqnskaHtZiZQ==,marina,2024-11-21,1,1,6278394.571071043,1840872.856269432
kfj6XfacWe/Lp6jdzQRFQMboYqGqnskaHtZiZQ==,marina,2024-11-21,2,1,6278781.99634289,1840195.518041969
kfj6XfacWe/Lp6jdzQRFQMboYqGqnskaHtZiZQ==,marina,2024-11-21,1,1,6279878.63282813,1839960.2939992533
kfj6XfacWe/Lp6jdzQRFQMboYqGqnskaHtZiZQ==,marina,2024-11-21,1,1,6280174.704044952,1840592.288914263
kfj6XfacWe/Lp6jdzQRFQMboYqGqnskaHtZiZQ==,marina,2024-11-21,1,1,6280655.512330025,1840101.998522365
kfj6XfacWe/Lp6jdzQRFQMboYqGqnskaHtZiZQ==,marina,2024-11-21,4,1,6280811.033331084,1840065.1561652212
kfj6XfacWe/Lp6jdzQRFQMboYqGqnskaHtZiZQ==,marina,2024-11-21,1,1,6281027.790172274,1840209.6934602624
kfj6XfacWe/Lp6jdzQRFQMboYqGqnskaHtZiZQ==,marina,2024-11-21,1,1,6280940.650345663,1839625.877956659
kfj6XfacWe/Lp6jdzQRFQMboYqGqnskaHtZiZQ==,marina,2024-11-21,1,1,6281385.407582413,1839679.7260179655
kfj6XfacWe/Lp6jdzQRFQMboYqGqnskaHtZiZQ==,marina,2024-11-21,2,1,6280782.682784891,1839557.860277867
kfj6XfacWe/Lp6jdzQRFQMboYqGqnskaHtZiZQ==,marina,2024-11-21,1,1,6280453.366676795,1839413.322725012
kfj6XfacWe/Lp6jdzQRFQMboYqGqnskaHtZiZQ==,marina,2024-11-21,1,1,6280812.812391583,1839265.952694872
kfj6XfacWe/Lp6jdzQRFQMboYqGqnskaHtZiZQ==,marina,2024-11-21,5,1,6280719.530317959,1839033.5599815568
kfj6XfacWe/Lp6jdzQRFQMboYqGqnskaHtZiZQ==,marina,2024-11-21,1,1,6281240.039951925,1838767.1600156273
kfj6XfacWe/Lp6jdzQRFQMboYqGqnskaHtZiZQ==,marina,2024-11-21,1,2,6281296.356212075,1839954.6291367589
X/iZXJJqNrp/rWPEdF/xu6Vu5nBNNzHnpWytyg==,marina,2024-12-19,1,1,6281285.597065982,1839957.9338386937
X/iZXJJqNrp/rWPEdF/xu6Vu5nBNNzHnpWytyg==,marina,2024-12-19,2,1,6280807.814635253,1840032.0112053575
X/iZXJJqNrp/rWPEdF/xu6Vu5nBNNzHnpWytyg==,marina,2024-12-19,5,1,6280788.520192094,1840193.2937127321
X/iZXJJqNrp/rWPEdF/xu6Vu5nBNNzHnpWytyg==,marina,2024-12-19,1,1,6280241.718258206,1840179.7424832038
X/iZXJJqNrp/rWPEdF/xu6Vu5nBNNzHnpWytyg==,marina,2024-12-19,1,1,6279932.179445092,1840205.541380661
X/iZXJJqNrp/rWPEdF/xu6Vu5nBNNzHnpWytyg==,marina,2024-12-19,1,3,6278854.711930762,1840144.4715814895
X/iZXJJqNrp/rWPEdF/xu6Vu5nBNNzHnpWytyg==,marina,2024-12-19,1,2,6280687.12988257,1840199.0622501452
9bxAczXlF7HDIXRlmyM0dFknk1Ij3RvQdB2UiA==,Sherman Heights,2024-06-30,2,2,6286236.143259246,1840318.6469959226
9bxAczXlF7HDIXRlmyM0dFknk1Ij3RvQdB2UiA==,Sherman Heights,2024-06-30,1,2,6285788.224608395,1838581.8124123507
9bxAczXlF7HDIXRlmyM0dFknk1Ij3RvQdB2UiA==,Sherman Heights,2024-06-30,1,1,6285685.10781361,1838153.1168060342
9bxAczXlF7HDIXRlmyM0dFknk1Ij3RvQdB2UiA==,Sherman Heights,2024-06-30,1,1,6285717.722270105,1839949.4427257641
9bxAczXlF7HDIXRlmyM0dFknk1Ij3RvQdB2UiA==,Sherman Heights,2024-06-30,1,1,6285986.602153608,1839936.314000333
9bxAczXlF7HDIXRlmyM0dFknk1Ij3RvQdB2UiA==,Sherman Heights,2024-06-30,1,1,6286062.234874499,1840312.7631482643
MQO2hZ3TLrO21bsQkKBVFUFylASWq1AZPyErow==,Sherman Heights,2024-07-30,4,2,6286125.101691354,1840311.9739438472
MQO2hZ3TLrO21bsQkKBVFUFylASWq1AZPyErow==,Sherman Heights,2024-07-30,1,2,6285751.048834812,1839778.9707018333
MQO2hZ3TLrO21bsQkKBVFUFylASWq1AZPyErow==,Sherman Heights,2024-07-30,1,2,6285783.257636616,1838923.5671997753
MQO2hZ3TLrO21bsQkKBVFUFylASWq1AZPyErow==,Sherman Heights,2024-07-30,6,2,6285704.903195309,1838470.254438704
MQO2hZ3TLrO21bsQkKBVFUFylASWq1AZPyErow==,Sherman Heights,2024-07-30,1,2,6285755.368126885,1837995.5490589428
MQO2hZ3TLrO21bsQkKBVFUFylASWq1AZPyErow==,Sherman Heights,2024-07-30,1,1,6286248.387856178,1840312.7692987046
MQO2hZ3TLrO21bsQkKBVFUFylASWq1AZPyErow==,Sherman Heights,2024-07-30,1,1,6285682.5430652825,1839784.0846686866
MQO2hZ3TLrO21bsQkKBVFUFylASWq1AZPyErow==,Sherman Heights,2024-07-30,1,1,6285713.278463716,1839537.0446242501
MQO2hZ3TLrO21bsQkKBVFUFylASWq1AZPyErow==,Sherman Heights,2024-07-30,1,1,6285736.47429929,1839009.3821076644
MQO2hZ3TLrO21bsQkKBVFUFylASWq1AZPyErow==,Sherman Heights,2024-07-30,3,1,6285705.118487126,1838381.361148093
MQO2hZ3TLrO21bsQkKBVFUFylASWq1AZPyErow==,Sherman Heights,2024-07-30,2,1,6285738.734863366,1838076.002556245
DzjlnznpCpNchuF+SijIBnDw9im6pNjjGBh+lA==,Sherman Heights,2024-08-30,1,3,6286125.682221399,1840355.2954541813
DzjlnznpCpNchuF+SijIBnDw9im6pNjjGBh+lA==,Sherman Heights,2024-08-30,3,2,6285718.944155445,1840208.4345314046
DzjlnznpCpNchuF+SijIBnDw9im6pNjjGBh+lA==,Sherman Heights,2024-08-30,2,2,6285745.449604942,1839017.3312991676
DzjlnznpCpNchuF+SijIBnDw9im6pNjjGBh+lA==,Sherman Heights,2024-08-30,1,2,6285791.045594216,1838560.55042968
DzjlnznpCpNchuF+SijIBnDw9im6pNjjGBh+lA==,Sherman Heights,2024-08-30,2,2,6285698.253222815,1838164.8500300413
DzjlnznpCpNchuF+SijIBnDw9im6pNjjGBh+lA==,Sherman Heights,2024-08-30,2,1,6285791.620149495,1838637.5638776135
DzjlnznpCpNchuF+SijIBnDw9im6pNjjGBh+lA==,Sherman Heights,2024-08-30,3,1,6285719.361494679,1839534.544512824
DzjlnznpCpNchuF+SijIBnDw9im6pNjjGBh+lA==,Sherman Heights,2024-08-30,1,1,6287097.273522526,1840312.7994049059
DzjlnznpCpNchuF+SijIBnDw9im6pNjjGBh+lA==,Sherman Heights,2024-08-30,1,1,6285727.337074464,1839143.9316142662
yPCzrW/VOGc3NeTG/SUZmEqGaH1uYJSrfRGwig==,Sherman Heights,2024-09-30,8,2,6285722.9703132,1839534.0024975152
yPCzrW/VOGc3NeTG/SUZmEqGaH1uYJSrfRGwig==,Sherman Heights,2024-09-30,2,2,6285512.042164664,1838578.992229449
yPCzrW/VOGc3NeTG/SUZmEqGaH1uYJSrfRGwig==,Sherman Heights,2024-09-30,4,2,6285699.789663918,1838206.5035576178
yPCzrW/VOGc3NeTG/SUZmEqGaH1uYJSrfRGwig==,Sherman Heights,2024-09-30,2,1,6285703.932543331,1838308.380507166
yPCzrW/VOGc3NeTG/SUZmEqGaH1uYJSrfRGwig==,Sherman Heights,2024-09-30,1,1,6285799.297928214,1839604.1094712433
RbrP43pi7sIelThZ5HvaoOz6y/0Vth5Zq/Rc2A==,Sherman Heights,"2024-10-30
",7,2,6286210.866386562,1840332.056792829
RbrP43pi7sIelThZ5HvaoOz6y/0Vth5Zq/Rc2A==,Sherman Heights,"2024-10-30
",3,2,6285713.130864213,1840213.3502796106
RbrP43pi7sIelThZ5HvaoOz6y/0Vth5Zq/Rc2A==,Sherman Heights,"2024-10-30
",1,2,6285702.114435366,1839937.7599626963
RbrP43pi7sIelThZ5HvaoOz6y/0Vth5Zq/Rc2A==,Sherman Heights,"2024-10-30
",2,2,6285760.778717735,1839540.5238418037
RbrP43pi7sIelThZ5HvaoOz6y/0Vth5Zq/Rc2A==,Sherman Heights,"2024-10-30
",4,2,6285751.008606868,1839386.211917523
RbrP43pi7sIelThZ5HvaoOz6y/0Vth5Zq/Rc2A==,Sherman Heights,"2024-10-30
",13,2,6285719.308061399,1838159.7452740993
RbrP43pi7sIelThZ5HvaoOz6y/0Vth5Zq/Rc2A==,Sherman Heights,"2024-10-30
",1,3,6285865.909909897,1838090.0740113652
RbrP43pi7sIelThZ5HvaoOz6y/0Vth5Zq/Rc2A==,Sherman Heights,"2024-10-30
",1,3,6285764.628818199,1839118.7634010746
RbrP43pi7sIelThZ5HvaoOz6y/0Vth5Zq/Rc2A==,Sherman Heights,"2024-10-30
",1,3,6285766.5070186015,1839036.0594567095
RbrP43pi7sIelThZ5HvaoOz6y/0Vth5Zq/Rc2A==,Sherman Heights,"2024-10-30
",1,1,6285677.503965488,1839135.7535622849
RbrP43pi7sIelThZ5HvaoOz6y/0Vth5Zq/Rc2A==,Sherman Heights,"2024-10-30
",1,1,6285690.010762449,1839025.4298220447
RbrP43pi7sIelThZ5HvaoOz6y/0Vth5Zq/Rc2A==,Sherman Heights,"2024-10-30
",1,1,6285701.750618268,1838044.0643229098
RbrP43pi7sIelThZ5HvaoOz6y/0Vth5Zq/Rc2A==,Sherman Heights,"2024-10-30
",1,1,6285711.662356178,1838212.157882717
S2Bv8LVNDNf3Fr08531C4nfhnfB/9skm4YPL4Q==,Sherman Heights,2024-11-30,2,2,6285726.226220805,1839807.2813152138
S2Bv8LVNDNf3Fr08531C4nfhnfB/9skm4YPL4Q==,Sherman Heights,2024-11-30,7,2,6285791.198778032,1839697.1022060087
S2Bv8LVNDNf3Fr08531C4nfhnfB/9skm4YPL4Q==,Sherman Heights,2024-11-30,4,2,6285689.686903235,1839526.0893432996
S2Bv8LVNDNf3Fr08531C4nfhnfB/9skm4YPL4Q==,Sherman Heights,2024-11-30,6,2,6285648.30637073,1839399.248308811
S2Bv8LVNDNf3Fr08531C4nfhnfB/9skm4YPL4Q==,Sherman Heights,2024-11-30,6,2,6285698.585765989,1839018.9281107388
S2Bv8LVNDNf3Fr08531C4nfhnfB/9skm4YPL4Q==,Sherman Heights,2024-11-30,1,2,6285660.578925229,1839746.5648663908
S2Bv8LVNDNf3Fr08531C4nfhnfB/9skm4YPL4Q==,Sherman Heights,2024-11-30,2,2,6285754.995164485,1838120.4179898358
S2Bv8LVNDNf3Fr08531C4nfhnfB/9skm4YPL4Q==,Sherman Heights,2024-11-30,1,1,6285747.156549623,1838205.8562576596
S2Bv8LVNDNf3Fr08531C4nfhnfB/9skm4YPL4Q==,Sherman Heights,2024-11-30,2,1,6285792.0350943785,1838528.403440287
S2Bv8LVNDNf3Fr08531C4nfhnfB/9skm4YPL4Q==,Sherman Heights,2024-11-30,1,2,6285778.713174863,1838605.5662274128
S2Bv8LVNDNf3Fr08531C4nfhnfB/9skm4YPL4Q==,Sherman Heights,2024-11-30,3,1,6285766.729849169,1839021.7637506265
S2Bv8LVNDNf3Fr08531C4nfhnfB/9skm4YPL4Q==,Sherman Heights,2024-11-30,1,3,6285831.4102338785,1840218.1024055528
S2Bv8LVNDNf3Fr08531C4nfhnfB/9skm4YPL4Q==,Sherman Heights,2024-11-30,1,3,6285782.271875511,1839506.9024770127
S2Bv8LVNDNf3Fr08531C4nfhnfB/9skm4YPL4Q==,Sherman Heights,2024-11-30,1,3,6285758.902117183,1839109.9583984183
S2Bv8LVNDNf3Fr08531C4nfhnfB/9skm4YPL4Q==,Sherman Heights,2024-11-30,1,3,6285802.686100266,1838465.0193826056
S2Bv8LVNDNf3Fr08531C4nfhnfB/9skm4YPL4Q==,Sherman Heights,2024-11-30,1,3,6285805.215536499,1838415.4077135748
A+98mXs0KnztaVbwneFpDLx+gWa9JU261P4xdA==,Sherman Heights,2024-12-19,1,2,6285758.990519129,1839945.7617608048
A+98mXs0KnztaVbwneFpDLx+gWa9JU261P4xdA==,Sherman Heights,2024-12-19,6,2,6285705.684674445,1839017.107777328
A+98mXs0KnztaVbwneFpDLx+gWa9JU261P4xdA==,Sherman Heights,2024-12-19,1,2,6285773.206045541,1838925.7919017514
A+98mXs0KnztaVbwneFpDLx+gWa9JU261P4xdA==,Sherman Heights,2024-12-19,1,2,6285980.9863300705,1838985.3505277992
A+98mXs0KnztaVbwneFpDLx+gWa9JU261P4xdA==,Sherman Heights,2024-12-19,15,2,6285747.714834995,1838068.6611789153
A+98mXs0KnztaVbwneFpDLx+gWa9JU261P4xdA==,Sherman Heights,2024-12-19,4,3,6285761.533205162,1838823.8632186893
A+98mXs0KnztaVbwneFpDLx+gWa9JU261P4xdA==,Sherman Heights,2024-12-19,1,3,6285657.7186232805,1839535.575256113
A+98mXs0KnztaVbwneFpDLx+gWa9JU261P4xdA==,Sherman Heights,2024-12-19,1,3,6286430.167350158,1840319.8978343685
A+98mXs0KnztaVbwneFpDLx+gWa9JU261P4xdA==,Sherman Heights,2024-12-19,1,1,6285790.27319278,1839019.4230224225
A+98mXs0KnztaVbwneFpDLx+gWa9JU261P4xdA==,Sherman Heights,2024-12-19,3,1,6285749.421839898,1839394.5166954682
A+98mXs0KnztaVbwneFpDLx+gWa9JU261P4xdA==,Sherman Heights,2024-12-19,2,1,6285758.61344266,1839529.5360197804
A+98mXs0KnztaVbwneFpDLx+gWa9JU261P4xdA==,Sherman Heights,2024-12-19,2,1,6285695.074438161,1839788.976090679
A+98mXs0KnztaVbwneFpDLx+gWa9JU261P4xdA==,Sherman Heights,2024-12-19,1,1,6285658.2190802125,1839968.339202883
A+98mXs0KnztaVbwneFpDLx+gWa9JU261P4xdA==,Sherman Heights,2024-12-19,1,1,6286249.111838999,1840185.7749848748
A+98mXs0KnztaVbwneFpDLx+gWa9JU261P4xdA==,Sherman Heights,2024-12-19,2,1,6286561.111280365,1840319.214805935
XGCtnjAgPKkR9FdeGLdqQsmHKO22c/CokXS99Q==,columbia,2019-12-19,1,1,6278546.401224988,1841538.2898140722
XGCtnjAgPKkR9FdeGLdqQsmHKO22c/CokXS99Q==,columbia,2019-12-19,1,1,6278810.2558408305,1841594.5655939628
XGCtnjAgPKkR9FdeGLdqQsmHKO22c/CokXS99Q==,columbia,2019-12-19,1,1,6278888.25565781,1841733.5571839472
XGCtnjAgPKkR9FdeGLdqQsmHKO22c/CokXS99Q==,columbia,2019-12-19,5,1,6279045.173020854,1841849.2447185162
XGCtnjAgPKkR9FdeGLdqQsmHKO22c/CokXS99Q==,columbia,2019-12-19,3,1,6279296.04989808,1841622.1691644834
XGCtnjAgPKkR9FdeGLdqQsmHKO22c/CokXS99Q==,columbia,2019-12-19,1,1,6279844.066915917,1841984.571698537
XGCtnjAgPKkR9FdeGLdqQsmHKO22c/CokXS99Q==,columbia,2019-12-19,1,1,6279622.663330544,1842103.406576393
XGCtnjAgPKkR9FdeGLdqQsmHKO22c/CokXS99Q==,columbia,2019-12-19,1,1,6279103.110895696,1842096.4627740544
XGCtnjAgPKkR9FdeGLdqQsmHKO22c/CokXS99Q==,columbia,2019-12-19,3,1,6279550.18696076,1841626.9376301477
XGCtnjAgPKkR9FdeGLdqQsmHKO22c/CokXS99Q==,columbia,2019-12-19,14,1,6279898.054766294,1841567.1620835206
XGCtnjAgPKkR9FdeGLdqQsmHKO22c/CokXS99Q==,columbia,2019-12-19,4,1,6279854.535548781,1842479.166968591
XGCtnjAgPKkR9FdeGLdqQsmHKO22c/CokXS99Q==,columbia,2019-12-19,1,1,6279849.10396262,1842832.1007823066
XGCtnjAgPKkR9FdeGLdqQsmHKO22c/CokXS99Q==,columbia,2019-12-19,1,2,6279032.886883759,1842632.3974753458
XGCtnjAgPKkR9FdeGLdqQsmHKO22c/CokXS99Q==,columbia,2019-12-19,1,2,6279913.819837534,1842636.2195135187
XGCtnjAgPKkR9FdeGLdqQsmHKO22c/CokXS99Q==,columbia,2019-12-19,2,2,6279996.899987966,1842679.8877561584
XGCtnjAgPKkR9FdeGLdqQsmHKO22c/CokXS99Q==,columbia,2019-12-19,1,2,6279998.857927515,1842375.9050752986
XGCtnjAgPKkR9FdeGLdqQsmHKO22c/CokXS99Q==,columbia,2019-12-19,1,2,6279920.522168,1842497.1000279274
XGCtnjAgPKkR9FdeGLdqQsmHKO22c/CokXS99Q==,columbia,2019-12-19,1,2,6279827.55605251,1842373.5876323946
rZQiAo/oVQ0CbrJBdWJOqEbhBlI0U6On6ENqGg==,core,2018-03-28,1,1,6283516.914586647,1842076.5490311345
rZQiAo/oVQ0CbrJBdWJOqEbhBlI0U6On6ENqGg==,core,2018-03-28,2,1,6280690.011786371,1842057.5137318338
rZQiAo/oVQ0CbrJBdWJOqEbhBlI0U6On6ENqGg==,core,2018-03-28,10,1,6280740.576093138,1841900.177661072
rZQiAo/oVQ0CbrJBdWJOqEbhBlI0U6On6ENqGg==,core,2018-03-28,4,1,6282771.159870134,1841677.2689268633
rZQiAo/oVQ0CbrJBdWJOqEbhBlI0U6On6ENqGg==,core,2018-03-28,2,1,6282193.625490851,1841575.3113561315
rZQiAo/oVQ0CbrJBdWJOqEbhBlI0U6On6ENqGg==,core,2018-03-28,1,1,6281014.724261002,1841694.3353976007
rZQiAo/oVQ0CbrJBdWJOqEbhBlI0U6On6ENqGg==,core,2018-03-28,1,1,6281088.007313003,1841546.1935843162
rZQiAo/oVQ0CbrJBdWJOqEbhBlI0U6On6ENqGg==,core,2018-03-28,1,1,6280520.955922845,1841226.9061168693
rZQiAo/oVQ0CbrJBdWJOqEbhBlI0U6On6ENqGg==,core,2018-03-28,2,1,6280501.283627721,1840585.3651529986
rZQiAo/oVQ0CbrJBdWJOqEbhBlI0U6On6ENqGg==,core,2018-03-28,4,1,6280376.993898782,1840498.0612652218
rZQiAo/oVQ0CbrJBdWJOqEbhBlI0U6On6ENqGg==,core,2018-03-28,5,1,6280434.716173996,1840369.3442672018
rZQiAo/oVQ0CbrJBdWJOqEbhBlI0U6On6ENqGg==,core,2018-03-28,5,1,6280516.287448781,1840419.0529932461
rZQiAo/oVQ0CbrJBdWJOqEbhBlI0U6On6ENqGg==,core,2018-03-28,1,1,6280457.484504086,1841882.6332456726
rZQiAo/oVQ0CbrJBdWJOqEbhBlI0U6On6ENqGg==,core,2018-03-28,1,1,6280685.261412505,1841246.4685907676
rZQiAo/oVQ0CbrJBdWJOqEbhBlI0U6On6ENqGg==,core,2018-03-28,1,1,6280961.964631672,1840389.1275162462
rZQiAo/oVQ0CbrJBdWJOqEbhBlI0U6On6ENqGg==,core,2018-03-28,1,1,6281642.085848843,1841610.2287405864
rZQiAo/oVQ0CbrJBdWJOqEbhBlI0U6On6ENqGg==,core,2018-03-28,1,1,6281510.163280936,1841976.5185824095
rZQiAo/oVQ0CbrJBdWJOqEbhBlI0U6On6ENqGg==,core,2018-03-28,1,1,6281864.228384684,1841881.0879185165
rZQiAo/oVQ0CbrJBdWJOqEbhBlI0U6On6ENqGg==,core,2018-03-28,1,1,6281857.938442884,1841510.759353036
rZQiAo/oVQ0CbrJBdWJOqEbhBlI0U6On6ENqGg==,core,2018-03-28,1,1,6282075.74028927,1841612.4416065004
rZQiAo/oVQ0CbrJBdWJOqEbhBlI0U6On6ENqGg==,core,2018-03-28,1,1,6282914.040483092,1841237.3445153707
rZQiAo/oVQ0CbrJBdWJOqEbhBlI0U6On6ENqGg==,core,2018-03-28,1,1,6283205.813451053,1841593.2427797015
rZQiAo/oVQ0CbrJBdWJOqEbhBlI0U6On6ENqGg==,core,2018-03-28,1,1,6283199.097852775,1841957.4054787827
rZQiAo/oVQ0CbrJBdWJOqEbhBlI0U6On6ENqGg==,core,2018-03-28,1,1,6283324.681450246,1841594.4167386454
rZQiAo/oVQ0CbrJBdWJOqEbhBlI0U6On6ENqGg==,core,2018-03-28,1,1,6283524.399968892,1841492.0280442603
rZQiAo/oVQ0CbrJBdWJOqEbhBlI0U6On6ENqGg==,core,2018-03-28,1,1,6283602.416866474,1841653.566465044
rZQiAo/oVQ0CbrJBdWJOqEbhBlI0U6On6ENqGg==,core,2018-03-28,4,1,6281013.463078228,1841895.541580737
rZQiAo/oVQ0CbrJBdWJOqEbhBlI0U6On6ENqGg==,core,2018-03-28,4,1,6280668.062454292,1840576.1449277904
rZQiAo/oVQ0CbrJBdWJOqEbhBlI0U6On6ENqGg==,core,2018-03-28,4,1,6281288.577515418,1841226.638619581
rZQiAo/oVQ0CbrJBdWJOqEbhBlI0U6On6ENqGg==,core,2018-03-28,4,1,6283607.150712054,1841963.2466991122
rZQiAo/oVQ0CbrJBdWJOqEbhBlI0U6On6ENqGg==,core,2018-03-28,1,1,6282171.463701345,1841713.0044431423
rZQiAo/oVQ0CbrJBdWJOqEbhBlI0U6On6ENqGg==,core,2018-03-28,2,1,6280394.143828359,1841542.0145953654
rZQiAo/oVQ0CbrJBdWJOqEbhBlI0U6On6ENqGg==,core,2018-03-28,2,1,6282339.864181057,1841892.167789178
rZQiAo/oVQ0CbrJBdWJOqEbhBlI0U6On6ENqGg==,core,2018-03-28,2,1,6282707.18070969,1842438.3871733989
rZQiAo/oVQ0CbrJBdWJOqEbhBlI0U6On6ENqGg==,core,2018-03-28,2,1,6282066.158012551,1841238.9755656987
rZQiAo/oVQ0CbrJBdWJOqEbhBlI0U6On6ENqGg==,core,2018-03-28,1,1,6281364.547103381,1841934.2847336824
rZQiAo/oVQ0CbrJBdWJOqEbhBlI0U6On6ENqGg==,core,2018-03-28,3,1,6281263.549418283,1841878.5192254824
rZQiAo/oVQ0CbrJBdWJOqEbhBlI0U6On6ENqGg==,core,2018-03-28,3,1,6281243.271324201,1842089.6287136765
rZQiAo/oVQ0CbrJBdWJOqEbhBlI0U6On6ENqGg==,core,2018-03-28,1,2,6283623.481458215,1842349.3717254414
rZQiAo/oVQ0CbrJBdWJOqEbhBlI0U6On6ENqGg==,core,2018-03-28,1,2,6282737.155295238,1841103.0330398981
rZQiAo/oVQ0CbrJBdWJOqEbhBlI0U6On6ENqGg==,core,2018-03-28,1,2,6282768.293377099,1841565.5483163672
rZQiAo/oVQ0CbrJBdWJOqEbhBlI0U6On6ENqGg==,core,2018-03-28,5,1,6283466.5138940755,1841614.361007395
rZQiAo/oVQ0CbrJBdWJOqEbhBlI0U6On6ENqGg==,core,2018-03-28,7,1,6283533.90034581,1841862.302067619
rZQiAo/oVQ0CbrJBdWJOqEbhBlI0U6On6ENqGg==,core,2018-03-28,5,1,6281375.112177712,1842346.054983797
rZQiAo/oVQ0CbrJBdWJOqEbhBlI0U6On6ENqGg==,core,2018-03-28,6,1,6281849.928790669,1841699.3065506446
rZQiAo/oVQ0CbrJBdWJOqEbhBlI0U6On6ENqGg==,core,2018-03-28,9,1,6281780.052659146,1841604.6914119155
3mtLXOsuIvr2QQpBSPpvVGWlje1p2wPuets0NQ==,core,2018-04-25,1,1,6280399.311999484,1841967.686359966
3mtLXOsuIvr2QQpBSPpvVGWlje1p2wPuets0NQ==,core,2018-04-25,1,1,6283596.556670565,1841651.5933630164
3mtLXOsuIvr2QQpBSPpvVGWlje1p2wPuets0NQ==,core,2018-04-25,1,1,6280248.575873517,1841198.3870673592
3mtLXOsuIvr2QQpBSPpvVGWlje1p2wPuets0NQ==,core,2018-04-25,1,1,6280745.6623628605,1841535.485838683
3mtLXOsuIvr2QQpBSPpvVGWlje1p2wPuets0NQ==,core,2018-04-25,1,1,6280811.820827608,1841232.3273373975
3mtLXOsuIvr2QQpBSPpvVGWlje1p2wPuets0NQ==,core,2018-04-25,1,1,6281379.345309533,1841131.8145530089
3mtLXOsuIvr2QQpBSPpvVGWlje1p2wPuets0NQ==,core,2018-04-25,1,1,6282141.3200787995,1841332.0998666089
3mtLXOsuIvr2QQpBSPpvVGWlje1p2wPuets0NQ==,core,2018-04-25,1,1,6283038.816802148,1842267.018066159
3mtLXOsuIvr2QQpBSPpvVGWlje1p2wPuets0NQ==,core,2018-04-25,1,1,6282363.770867655,1842432.2370774366
3mtLXOsuIvr2QQpBSPpvVGWlje1p2wPuets0NQ==,core,2018-04-25,1,1,6283241.966704448,1842256.6465326897
3mtLXOsuIvr2QQpBSPpvVGWlje1p2wPuets0NQ==,core,2018-04-25,1,1,6283613.073068991,1842447.0249667699
3mtLXOsuIvr2QQpBSPpvVGWlje1p2wPuets0NQ==,core,2018-04-25,2,1,6281287.66415659,1841042.9224040448
3mtLXOsuIvr2QQpBSPpvVGWlje1p2wPuets0NQ==,core,2018-04-25,2,1,6280670.025959417,1841231.5210991695
3mtLXOsuIvr2QQpBSPpvVGWlje1p2wPuets0NQ==,core,2018-04-25,2,1,6281519.504578729,1841624.4145088121
3mtLXOsuIvr2QQpBSPpvVGWlje1p2wPuets0NQ==,core,2018-04-25,2,1,6282193.822160545,1841678.1973873924
3mtLXOsuIvr2QQpBSPpvVGWlje1p2wPuets0NQ==,core,2018-04-25,2,1,6283526.1314561,1842085.3627803107
3mtLXOsuIvr2QQpBSPpvVGWlje1p2wPuets0NQ==,core,2018-04-25,3,1,6281226.104672606,1841115.5743904393
3mtLXOsuIvr2QQpBSPpvVGWlje1p2wPuets0NQ==,core,2018-04-25,3,1,6280400.399280849,1840488.441278599
3mtLXOsuIvr2QQpBSPpvVGWlje1p2wPuets0NQ==,core,2018-04-25,3,1,6281024.844790235,1841709.972753752
3mtLXOsuIvr2QQpBSPpvVGWlje1p2wPuets0NQ==,core,2018-04-25,3,1,6281287.4841215415,1842249.3756576942
3mtLXOsuIvr2QQpBSPpvVGWlje1p2wPuets0NQ==,core,2018-04-25,3,1,6281565.888225179,1841505.5697005056
3mtLXOsuIvr2QQpBSPpvVGWlje1p2wPuets0NQ==,core,2018-04-25,3,1,6281784.31618995,1841510.6538815997
3mtLXOsuIvr2QQpBSPpvVGWlje1p2wPuets0NQ==,core,2018-04-25,3,1,6282075.302173341,1841592.9948452902
3mtLXOsuIvr2QQpBSPpvVGWlje1p2wPuets0NQ==,core,2018-04-25,3,1,6281923.312650486,1842352.8884334918
3mtLXOsuIvr2QQpBSPpvVGWlje1p2wPuets0NQ==,core,2018-04-25,3,1,6282650.133455456,1841600.1055170659
3mtLXOsuIvr2QQpBSPpvVGWlje1p2wPuets0NQ==,core,2018-04-25,3,1,6282080.232243742,1842415.2560473063
3mtLXOsuIvr2QQpBSPpvVGWlje1p2wPuets0NQ==,core,2018-04-25,14,1,6281288.672486437,1841892.0567847684
3mtLXOsuIvr2QQpBSPpvVGWlje1p2wPuets0NQ==,core,2018-04-25,8,1,6280671.367661717,1840828.096565221
3mtLXOsuIvr2QQpBSPpvVGWlje1p2wPuets0NQ==,core,2018-04-25,4,1,6283508.873926881,1841512.7752048336
3mtLXOsuIvr2QQpBSPpvVGWlje1p2wPuets0NQ==,core,2018-04-25,4,1,6281918.012014688,1841642.0492456139
3mtLXOsuIvr2QQpBSPpvVGWlje1p2wPuets0NQ==,core,2018-04-25,5,1,6281305.918378947,1841315.8231828744
3mtLXOsuIvr2QQpBSPpvVGWlje1p2wPuets0NQ==,core,2018-04-25,6,1,6281789.156813531,1842359.8100525457
3mtLXOsuIvr2QQpBSPpvVGWlje1p2wPuets0NQ==,core,2018-04-25,9,1,6283310.500757576,1842391.513601342
3mtLXOsuIvr2QQpBSPpvVGWlje1p2wPuets0NQ==,core,2018-04-25,1,2,6282909.46439583,1841981.9589556248
3mtLXOsuIvr2QQpBSPpvVGWlje1p2wPuets0NQ==,core,2018-04-25,1,2,6282767.733418225,1841961.942025304
3mtLXOsuIvr2QQpBSPpvVGWlje1p2wPuets0NQ==,core,2018-04-25,1,2,6282213.494753906,1841524.620801762
3mtLXOsuIvr2QQpBSPpvVGWlje1p2wPuets0NQ==,core,2018-04-25,5,1,6283193.066910328,1841979.7292936626
+lHf5xUpr5n47auRGe7d4ApkxvBXg5Qo3BnCkA==,core,2018-05-03,2,1,6283522.845583681,1842086.3414723761
+lHf5xUpr5n47auRGe7d4ApkxvBXg5Qo3BnCkA==,core,2018-05-03,1,1,6280178.737585821,1842279.101448422
+lHf5xUpr5n47auRGe7d4ApkxvBXg5Qo3BnCkA==,core,2018-05-03,1,1,6280117.178104904,1842019.6421907865
+lHf5xUpr5n47auRGe7d4ApkxvBXg5Qo3BnCkA==,core,2018-05-03,1,1,6280181.088435628,1841891.3308576536
+lHf5xUpr5n47auRGe7d4ApkxvBXg5Qo3BnCkA==,core,2018-05-03,1,1,6280402.815081367,1842006.695331963
+lHf5xUpr5n47auRGe7d4ApkxvBXg5Qo3BnCkA==,core,2018-05-03,1,1,6280501.658260711,1841709.4641349523
+lHf5xUpr5n47auRGe7d4ApkxvBXg5Qo3BnCkA==,core,2018-05-03,3,1,6283311.593097566,1842352.4736055173
+lHf5xUpr5n47auRGe7d4ApkxvBXg5Qo3BnCkA==,core,2018-05-03,1,1,6280454.65126875,1840774.517481008
+lHf5xUpr5n47auRGe7d4ApkxvBXg5Qo3BnCkA==,core,2018-05-03,1,1,6281034.757839566,1840388.9876056248
+lHf5xUpr5n47auRGe7d4ApkxvBXg5Qo3BnCkA==,core,2018-05-03,1,1,6281355.98566661,1840504.199417492
+lHf5xUpr5n47auRGe7d4ApkxvBXg5Qo3BnCkA==,core,2018-05-03,1,1,6281088.766074839,1841586.604377787
+lHf5xUpr5n47auRGe7d4ApkxvBXg5Qo3BnCkA==,core,2018-05-03,1,1,6281374.50694635,1841620.5646560006
+lHf5xUpr5n47auRGe7d4ApkxvBXg5Qo3BnCkA==,core,2018-05-03,1,1,6281499.685851863,1841620.3725967992
+lHf5xUpr5n47auRGe7d4ApkxvBXg5Qo3BnCkA==,core,2018-05-03,1,1,6281802.1402293015,1841954.5139290756
+lHf5xUpr5n47auRGe7d4ApkxvBXg5Qo3BnCkA==,core,2018-05-03,1,1,6281376.176193433,1842374.2059910635
+lHf5xUpr5n47auRGe7d4ApkxvBXg5Qo3BnCkA==,core,2018-05-03,1,1,6281539.892464265,1842383.3362641304
+lHf5xUpr5n47auRGe7d4ApkxvBXg5Qo3BnCkA==,core,2018-05-03,1,1,6282095.367187676,1842470.0442983469
+lHf5xUpr5n47auRGe7d4ApkxvBXg5Qo3BnCkA==,core,2018-05-03,1,1,6282072.580567518,1842326.2302169306
+lHf5xUpr5n47auRGe7d4ApkxvBXg5Qo3BnCkA==,core,2018-05-03,1,1,6282487.447073484,1841243.5987252695
+lHf5xUpr5n47auRGe7d4ApkxvBXg5Qo3BnCkA==,core,2018-05-03,1,1,6282748.45912888,1841706.0169185146
+lHf5xUpr5n47auRGe7d4ApkxvBXg5Qo3BnCkA==,core,2018-05-03,1,1,6282613.374023331,1841581.1380527352
+lHf5xUpr5n47auRGe7d4ApkxvBXg5Qo3BnCkA==,core,2018-05-03,1,1,6283036.917946029,1841517.945156824
+lHf5xUpr5n47auRGe7d4ApkxvBXg5Qo3BnCkA==,core,2018-05-03,1,1,6283267.996684888,1841508.209158583
+lHf5xUpr5n47auRGe7d4ApkxvBXg5Qo3BnCkA==,core,2018-05-03,1,1,6283328.42024663,1841254.8170512794
+lHf5xUpr5n47auRGe7d4ApkxvBXg5Qo3BnCkA==,core,2018-05-03,1,1,6283585.342941772,1841320.0930755385
+lHf5xUpr5n47auRGe7d4ApkxvBXg5Qo3BnCkA==,core,2018-05-03,1,1,6283531.137947326,1841482.7882020473
+lHf5xUpr5n47auRGe7d4ApkxvBXg5Qo3BnCkA==,core,2018-05-03,1,1,6283182.158599724,1841880.4720764735
+lHf5xUpr5n47auRGe7d4ApkxvBXg5Qo3BnCkA==,core,2018-05-03,1,1,6283326.609651065,1841886.5047546409
+lHf5xUpr5n47auRGe7d4ApkxvBXg5Qo3BnCkA==,core,2018-05-03,1,1,6283182.574179911,1842068.1006246218
+lHf5xUpr5n47auRGe7d4ApkxvBXg5Qo3BnCkA==,core,2018-05-03,1,1,6283196.195718033,1842421.4480252552
+lHf5xUpr5n47auRGe7d4ApkxvBXg5Qo3BnCkA==,core,2018-05-03,2,1,6280118.016191613,1842398.0264295526
+lHf5xUpr5n47auRGe7d4ApkxvBXg5Qo3BnCkA==,core,2018-05-03,2,1,6280521.466556198,1840508.606954638
+lHf5xUpr5n47auRGe7d4ApkxvBXg5Qo3BnCkA==,core,2018-05-03,2,1,6280822.930467526,1840395.5669138273
+lHf5xUpr5n47auRGe7d4ApkxvBXg5Qo3BnCkA==,core,2018-05-03,2,1,6281287.193551524,1841326.746227964
+lHf5xUpr5n47auRGe7d4ApkxvBXg5Qo3BnCkA==,core,2018-05-03,2,1,6281011.996103001,1841705.5539818923
+lHf5xUpr5n47auRGe7d4ApkxvBXg5Qo3BnCkA==,core,2018-05-03,2,1,6281347.032479251,1842258.5460410595
+lHf5xUpr5n47auRGe7d4ApkxvBXg5Qo3BnCkA==,core,2018-05-03,2,1,6281912.420329033,1842473.452142726
+lHf5xUpr5n47auRGe7d4ApkxvBXg5Qo3BnCkA==,core,2018-05-03,2,1,6282156.240961286,1842419.9164515373
+lHf5xUpr5n47auRGe7d4ApkxvBXg5Qo3BnCkA==,core,2018-05-03,2,1,6282078.231175225,1841979.1075536662
+lHf5xUpr5n47auRGe7d4ApkxvBXg5Qo3BnCkA==,core,2018-05-03,2,1,6282163.452816446,1841328.5289560223
+lHf5xUpr5n47auRGe7d4ApkxvBXg5Qo3BnCkA==,core,2018-05-03,2,1,6282626.947077098,1841912.5954560845
+lHf5xUpr5n47auRGe7d4ApkxvBXg5Qo3BnCkA==,core,2018-05-03,2,1,6282715.572371266,1841349.5719229816
+lHf5xUpr5n47auRGe7d4ApkxvBXg5Qo3BnCkA==,core,2018-05-03,2,1,6282631.738819087,1841177.7071266465
+lHf5xUpr5n47auRGe7d4ApkxvBXg5Qo3BnCkA==,core,2018-05-03,2,1,6283042.630890764,1841198.966775782
+lHf5xUpr5n47auRGe7d4ApkxvBXg5Qo3BnCkA==,core,2018-05-03,2,1,6283215.810076101,1841133.030855805
+lHf5xUpr5n47auRGe7d4ApkxvBXg5Qo3BnCkA==,core,2018-05-03,2,1,6283326.097102169,1841655.0962119245
+lHf5xUpr5n47auRGe7d4ApkxvBXg5Qo3BnCkA==,core,2018-05-03,2,1,6283467.857913217,1841895.669499872
+lHf5xUpr5n47auRGe7d4ApkxvBXg5Qo3BnCkA==,core,2018-05-03,2,1,6283464.911398476,1842014.5058382943
+lHf5xUpr5n47auRGe7d4ApkxvBXg5Qo3BnCkA==,core,2018-05-03,1,1,6280510.269235831,1841249.759418204
+lHf5xUpr5n47auRGe7d4ApkxvBXg5Qo3BnCkA==,core,2018-05-03,3,1,6281354.188923718,1841142.1414057915
+lHf5xUpr5n47auRGe7d4ApkxvBXg5Qo3BnCkA==,core,2018-05-03,3,1,6281920.158585763,1841619.7274748657
+lHf5xUpr5n47auRGe7d4ApkxvBXg5Qo3BnCkA==,core,2018-05-03,3,1,6281047.739332982,1841902.5097869043
+lHf5xUpr5n47auRGe7d4ApkxvBXg5Qo3BnCkA==,core,2018-05-03,3,1,6280688.496437604,1840564.6394401472
+lHf5xUpr5n47auRGe7d4ApkxvBXg5Qo3BnCkA==,core,2018-05-03,3,1,6281362.4853919465,1841989.587165739
+lHf5xUpr5n47auRGe7d4ApkxvBXg5Qo3BnCkA==,core,2018-05-03,3,1,6282189.781616279,1841622.4409513623
+lHf5xUpr5n47auRGe7d4ApkxvBXg5Qo3BnCkA==,core,2018-05-03,3,1,6282206.515901217,1841932.0034328327
+lHf5xUpr5n47auRGe7d4ApkxvBXg5Qo3BnCkA==,core,2018-05-03,3,1,6282776.1275333995,1841155.5955225916
+lHf5xUpr5n47auRGe7d4ApkxvBXg5Qo3BnCkA==,core,2018-05-03,3,1,6282695.78767654,1841111.9386428965
+lHf5xUpr5n47auRGe7d4ApkxvBXg5Qo3BnCkA==,core,2018-05-03,3,1,6283612.676060389,1842067.4407289037
+lHf5xUpr5n47auRGe7d4ApkxvBXg5Qo3BnCkA==,core,2018-05-03,7,1,6281243.705138477,1841980.387948343
+lHf5xUpr5n47auRGe7d4ApkxvBXg5Qo3BnCkA==,core,2018-05-03,4,1,6280389.882072307,1840515.0631479677
+lHf5xUpr5n47auRGe7d4ApkxvBXg5Qo3BnCkA==,core,2018-05-03,1,1,6280521.182576404,1840380.3941134033
+lHf5xUpr5n47auRGe7d4ApkxvBXg5Qo3BnCkA==,core,2018-05-03,4,1,6281235.519491632,1841182.976467902
+lHf5xUpr5n47auRGe7d4ApkxvBXg5Qo3BnCkA==,core,2018-05-03,4,1,6281571.705639731,1842255.0741769467
+lHf5xUpr5n47auRGe7d4ApkxvBXg5Qo3BnCkA==,core,2018-05-03,4,1,6282389.857561037,1842106.8427091946
+lHf5xUpr5n47auRGe7d4ApkxvBXg5Qo3BnCkA==,core,2018-05-03,3,2,6282671.425956257,1841706.1351087925
+lHf5xUpr5n47auRGe7d4ApkxvBXg5Qo3BnCkA==,core,2018-05-03,1,2,6280415.234258702,1840368.0480551587
+lHf5xUpr5n47auRGe7d4ApkxvBXg5Qo3BnCkA==,core,2018-05-03,1,2,6282197.129176415,1842041.4681930374
+lHf5xUpr5n47auRGe7d4ApkxvBXg5Qo3BnCkA==,core,2018-05-03,1,2,6282354.259784121,1841975.5568960349
+lHf5xUpr5n47auRGe7d4ApkxvBXg5Qo3BnCkA==,core,2018-05-03,1,2,6282630.440772419,1842040.8033727244
+lHf5xUpr5n47auRGe7d4ApkxvBXg5Qo3BnCkA==,core,2018-05-03,1,2,6283604.344960479,1841204.3592566107
+lHf5xUpr5n47auRGe7d4ApkxvBXg5Qo3BnCkA==,core,2018-05-03,1,2,6282766.7131032515,1841252.5517129197
+lHf5xUpr5n47auRGe7d4ApkxvBXg5Qo3BnCkA==,core,2018-05-03,3,2,6282625.554883474,1841284.0398197873
+lHf5xUpr5n47auRGe7d4ApkxvBXg5Qo3BnCkA==,core,2018-05-03,2,2,6282619.571811617,1841481.0596445329
+lHf5xUpr5n47auRGe7d4ApkxvBXg5Qo3BnCkA==,core,2018-05-03,1,3,6282274.065380327,1841997.5700081915
+lHf5xUpr5n47auRGe7d4ApkxvBXg5Qo3BnCkA==,core,2018-05-03,1,3,6282559.681577782,1841975.2417219605
+lHf5xUpr5n47auRGe7d4ApkxvBXg5Qo3BnCkA==,core,2018-05-03,6,1,6283467.213763928,1841604.845250242
+lHf5xUpr5n47auRGe7d4ApkxvBXg5Qo3BnCkA==,core,2018-05-03,5,1,6283589.328406979,1841670.3281074874
+lHf5xUpr5n47auRGe7d4ApkxvBXg5Qo3BnCkA==,core,2018-05-03,13,1,6283596.301944947,1841920.4896558288
2w4mtBPimFG3Akfg1o8hOoBnkOce0NrDv+IfHw==,core,2018-06-28,1,1,6281188.83721942,1841037.972906697
2w4mtBPimFG3Akfg1o8hOoBnkOce0NrDv+IfHw==,core,2018-06-28,1,1,6280143.048052857,1842400.7989408209
2w4mtBPimFG3Akfg1o8hOoBnkOce0NrDv+IfHw==,core,2018-06-28,1,1,6280756.348356365,1841877.8559502608
2w4mtBPimFG3Akfg1o8hOoBnkOce0NrDv+IfHw==,core,2018-06-28,1,1,6281243.8528928645,1842344.1173347186
2w4mtBPimFG3Akfg1o8hOoBnkOce0NrDv+IfHw==,core,2018-06-28,1,1,6281805.5681564305,1842451.603371854
2w4mtBPimFG3Akfg1o8hOoBnkOce0NrDv+IfHw==,core,2018-06-28,1,1,6282079.942947608,1842252.118222839
2w4mtBPimFG3Akfg1o8hOoBnkOce0NrDv+IfHw==,core,2018-06-28,1,1,6283326.029208724,1842321.113549537
2w4mtBPimFG3Akfg1o8hOoBnkOce0NrDv+IfHw==,core,2018-06-28,1,1,6283461.613168745,1842323.3076641886
2w4mtBPimFG3Akfg1o8hOoBnkOce0NrDv+IfHw==,core,2018-06-28,1,1,6283545.558812071,1842446.3006079558
2w4mtBPimFG3Akfg1o8hOoBnkOce0NrDv+IfHw==,core,2018-06-28,1,1,6283632.708743415,1842340.7108304433
2w4mtBPimFG3Akfg1o8hOoBnkOce0NrDv+IfHw==,core,2018-06-28,1,1,6283200.093307707,1841969.8360688966
2w4mtBPimFG3Akfg1o8hOoBnkOce0NrDv+IfHw==,core,2018-06-28,1,1,6283332.43939921,1841879.391446329
2w4mtBPimFG3Akfg1o8hOoBnkOce0NrDv+IfHw==,core,2018-06-28,1,1,6282938.581518905,1841693.581170359
2w4mtBPimFG3Akfg1o8hOoBnkOce0NrDv+IfHw==,core,2018-06-28,1,1,6283209.738783597,1841596.0433599462
2w4mtBPimFG3Akfg1o8hOoBnkOce0NrDv+IfHw==,core,2018-06-28,1,1,6283568.077622796,1841695.6052232988
2w4mtBPimFG3Akfg1o8hOoBnkOce0NrDv+IfHw==,core,2018-06-28,1,1,6283313.012833874,1841329.7363587536
2w4mtBPimFG3Akfg1o8hOoBnkOce0NrDv+IfHw==,core,2018-06-28,1,1,6283319.454990412,1841193.7923746936
2w4mtBPimFG3Akfg1o8hOoBnkOce0NrDv+IfHw==,core,2018-06-28,1,1,6283006.310696923,1841093.9323269348
2w4mtBPimFG3Akfg1o8hOoBnkOce0NrDv+IfHw==,core,2018-06-28,1,1,6282063.695162028,1841229.8756522401
2w4mtBPimFG3Akfg1o8hOoBnkOce0NrDv+IfHw==,core,2018-06-28,1,1,6282221.909975404,1841553.1421331873
2w4mtBPimFG3Akfg1o8hOoBnkOce0NrDv+IfHw==,core,2018-06-28,1,1,6282215.5033367025,1842028.8395829673
2w4mtBPimFG3Akfg1o8hOoBnkOce0NrDv+IfHw==,core,2018-06-28,1,1,6282125.119411511,1842078.8546377027
2w4mtBPimFG3Akfg1o8hOoBnkOce0NrDv+IfHw==,core,2018-06-28,1,1,6282092.8156366665,1841869.038211392
2w4mtBPimFG3Akfg1o8hOoBnkOce0NrDv+IfHw==,core,2018-06-28,1,1,6281217.984816769,1841936.583566944
2w4mtBPimFG3Akfg1o8hOoBnkOce0NrDv+IfHw==,core,2018-06-28,1,1,6281589.1814921135,1841510.9866968214
2w4mtBPimFG3Akfg1o8hOoBnkOce0NrDv+IfHw==,core,2018-06-28,1,1,6280449.612316025,1841317.741792073
2w4mtBPimFG3Akfg1o8hOoBnkOce0NrDv+IfHw==,core,2018-06-28,1,1,6280746.604076313,1841306.516290936
2w4mtBPimFG3Akfg1o8hOoBnkOce0NrDv+IfHw==,core,2018-06-28,1,1,6280672.343624275,1841189.6367862506
2w4mtBPimFG3Akfg1o8hOoBnkOce0NrDv+IfHw==,core,2018-06-28,2,1,6283471.22215813,1841600.495485908
2w4mtBPimFG3Akfg1o8hOoBnkOce0NrDv+IfHw==,core,2018-06-28,2,1,6281311.633410301,1842235.566682653
2w4mtBPimFG3Akfg1o8hOoBnkOce0NrDv+IfHw==,core,2018-06-28,2,1,6281343.78478134,1840987.5318742385
2w4mtBPimFG3Akfg1o8hOoBnkOce0NrDv+IfHw==,core,2018-06-28,2,1,6281353.438975244,1840697.133197783
2w4mtBPimFG3Akfg1o8hOoBnkOce0NrDv+IfHw==,core,2018-06-28,2,1,6280536.685722576,1840480.137729328
2w4mtBPimFG3Akfg1o8hOoBnkOce0NrDv+IfHw==,core,2018-06-28,2,1,6282141.198971704,1841491.9012479377
2w4mtBPimFG3Akfg1o8hOoBnkOce0NrDv+IfHw==,core,2018-06-28,2,1,6282363.966443569,1841709.7270435756
2w4mtBPimFG3Akfg1o8hOoBnkOce0NrDv+IfHw==,core,2018-06-28,2,1,6283045.151234907,1842072.784455148
2w4mtBPimFG3Akfg1o8hOoBnkOce0NrDv+IfHw==,core,2018-06-28,2,1,6283600.3939903295,1842025.8796965466
2w4mtBPimFG3Akfg1o8hOoBnkOce0NrDv+IfHw==,core,2018-06-28,3,1,6283493.845262139,1841847.4398233192
2w4mtBPimFG3Akfg1o8hOoBnkOce0NrDv+IfHw==,core,2018-06-28,3,1,6281021.042153817,1841712.4100444764
2w4mtBPimFG3Akfg1o8hOoBnkOce0NrDv+IfHw==,core,2018-06-28,3,1,6281805.469675157,1841509.5596714488
2w4mtBPimFG3Akfg1o8hOoBnkOce0NrDv+IfHw==,core,2018-06-28,3,1,6282702.8632187415,1841111.3777615842
2w4mtBPimFG3Akfg1o8hOoBnkOce0NrDv+IfHw==,core,2018-06-28,3,1,6283529.31651561,1841476.5653911498
2w4mtBPimFG3Akfg1o8hOoBnkOce0NrDv+IfHw==,core,2018-06-28,4,1,6281234.136058413,1842035.3144443592
2w4mtBPimFG3Akfg1o8hOoBnkOce0NrDv+IfHw==,core,2018-06-28,5,1,6281288.923449038,1841157.7706881631
2w4mtBPimFG3Akfg1o8hOoBnkOce0NrDv+IfHw==,core,2018-06-28,6,1,6281288.93894773,1841306.0267459317
2w4mtBPimFG3Akfg1o8hOoBnkOce0NrDv+IfHw==,core,2018-06-28,7,1,6283558.416002437,1841914.96453874
2w4mtBPimFG3Akfg1o8hOoBnkOce0NrDv+IfHw==,core,2018-06-28,7,1,6280688.4486927325,1840846.68815823
2w4mtBPimFG3Akfg1o8hOoBnkOce0NrDv+IfHw==,core,2018-06-28,16,1,6281298.683550672,1841880.4550731268
2w4mtBPimFG3Akfg1o8hOoBnkOce0NrDv+IfHw==,core,2018-06-28,4,1,6281853.912098959,1841697.6489282374
2w4mtBPimFG3Akfg1o8hOoBnkOce0NrDv+IfHw==,core,2018-06-28,1,2,6282628.628274969,1841238.5030186432
2w4mtBPimFG3Akfg1o8hOoBnkOce0NrDv+IfHw==,core,2018-06-28,1,2,6282212.262885068,1841911.4915027868
2w4mtBPimFG3Akfg1o8hOoBnkOce0NrDv+IfHw==,core,2018-06-28,1,3,6282150.834438021,1841022.3598350117
2w4mtBPimFG3Akfg1o8hOoBnkOce0NrDv+IfHw==,core,2018-06-28,1,3,6283529.404664422,1842319.771719709
RfKN8Hbm9Fkt3sa9DilBqG+A+wEA0Dcl1Iqbzw==,core,2018-11-28,5,1,6280163.903909272,1842267.5897970404
RfKN8Hbm9Fkt3sa9DilBqG+A+wEA0Dcl1Iqbzw==,core,2018-11-28,1,1,6281077.546197895,1842359.827789549
RfKN8Hbm9Fkt3sa9DilBqG+A+wEA0Dcl1Iqbzw==,core,2018-11-28,1,1,6281229.91372649,1842396.6579788255
RfKN8Hbm9Fkt3sa9DilBqG+A+wEA0Dcl1Iqbzw==,core,2018-11-28,1,1,6281061.792083713,1841719.324553072
RfKN8Hbm9Fkt3sa9DilBqG+A+wEA0Dcl1Iqbzw==,core,2018-11-28,1,1,6280947.982805223,1841613.1954693967
RfKN8Hbm9Fkt3sa9DilBqG+A+wEA0Dcl1Iqbzw==,core,2018-11-28,1,1,6283310.336005218,1841223.1727935711
RfKN8Hbm9Fkt3sa9DilBqG+A+wEA0Dcl1Iqbzw==,core,2018-11-28,1,1,6280506.177977286,1840557.433222332
RfKN8Hbm9Fkt3sa9DilBqG+A+wEA0Dcl1Iqbzw==,core,2018-11-28,2,1,6281432.308565315,1841283.912398646
RfKN8Hbm9Fkt3sa9DilBqG+A+wEA0Dcl1Iqbzw==,core,2018-11-28,1,1,6282780.947823172,1841615.5108067014
RfKN8Hbm9Fkt3sa9DilBqG+A+wEA0Dcl1Iqbzw==,core,2018-11-28,1,1,6282907.504597162,1841674.4663378336
RfKN8Hbm9Fkt3sa9DilBqG+A+wEA0Dcl1Iqbzw==,core,2018-11-28,1,1,6282906.749510279,1841501.762121413
RfKN8Hbm9Fkt3sa9DilBqG+A+wEA0Dcl1Iqbzw==,core,2018-11-28,1,1,6283236.97955847,1841481.0753948796
RfKN8Hbm9Fkt3sa9DilBqG+A+wEA0Dcl1Iqbzw==,core,2018-11-28,1,1,6283324.978082353,1841609.3298204106
RfKN8Hbm9Fkt3sa9DilBqG+A+wEA0Dcl1Iqbzw==,core,2018-11-28,1,1,6283048.071921076,1841975.1353693444
RfKN8Hbm9Fkt3sa9DilBqG+A+wEA0Dcl1Iqbzw==,core,2018-11-28,1,1,6283198.299400793,1842263.189792249
RfKN8Hbm9Fkt3sa9DilBqG+A+wEA0Dcl1Iqbzw==,core,2018-11-28,1,1,6283311.628169448,1842259.4161927472
RfKN8Hbm9Fkt3sa9DilBqG+A+wEA0Dcl1Iqbzw==,core,2018-11-28,1,1,6283315.7177153705,1842454.0828451507
RfKN8Hbm9Fkt3sa9DilBqG+A+wEA0Dcl1Iqbzw==,core,2018-11-28,1,1,6283459.741405892,1842063.898809674
RfKN8Hbm9Fkt3sa9DilBqG+A+wEA0Dcl1Iqbzw==,core,2018-11-28,1,1,6283560.171661669,1842072.7579194314
RfKN8Hbm9Fkt3sa9DilBqG+A+wEA0Dcl1Iqbzw==,core,2018-11-28,1,1,6283488.830052026,1841310.099404222
RfKN8Hbm9Fkt3sa9DilBqG+A+wEA0Dcl1Iqbzw==,core,2018-11-28,2,1,6283329.918817126,1841998.68122587
RfKN8Hbm9Fkt3sa9DilBqG+A+wEA0Dcl1Iqbzw==,core,2018-11-28,2,1,6281316.70411136,1842248.5856580834
RfKN8Hbm9Fkt3sa9DilBqG+A+wEA0Dcl1Iqbzw==,core,2018-11-28,2,1,6280191.333016362,1841874.9173083934
RfKN8Hbm9Fkt3sa9DilBqG+A+wEA0Dcl1Iqbzw==,core,2018-11-28,2,1,6280164.75344602,1841721.1983571665
RfKN8Hbm9Fkt3sa9DilBqG+A+wEA0Dcl1Iqbzw==,core,2018-11-28,2,1,6280673.72135616,1840361.8072353436
RfKN8Hbm9Fkt3sa9DilBqG+A+wEA0Dcl1Iqbzw==,core,2018-11-28,2,1,6281855.876008882,1841871.8937263065
RfKN8Hbm9Fkt3sa9DilBqG+A+wEA0Dcl1Iqbzw==,core,2018-11-28,2,1,6282204.72619721,1841665.8338727884
RfKN8Hbm9Fkt3sa9DilBqG+A+wEA0Dcl1Iqbzw==,core,2018-11-28,3,1,6281861.5152630275,1841680.3128486075
RfKN8Hbm9Fkt3sa9DilBqG+A+wEA0Dcl1Iqbzw==,core,2018-11-28,3,1,6280945.212881236,1842461.0523694938
RfKN8Hbm9Fkt3sa9DilBqG+A+wEA0Dcl1Iqbzw==,core,2018-11-28,3,1,6281302.158136192,1841884.4091678793
RfKN8Hbm9Fkt3sa9DilBqG+A+wEA0Dcl1Iqbzw==,core,2018-11-28,3,1,6281924.787611647,1842078.7586723077
RfKN8Hbm9Fkt3sa9DilBqG+A+wEA0Dcl1Iqbzw==,core,2018-11-28,3,1,6283480.089729333,1841533.0991491955
RfKN8Hbm9Fkt3sa9DilBqG+A+wEA0Dcl1Iqbzw==,core,2018-11-28,2,1,6281014.684062747,1841314.5080727849
RfKN8Hbm9Fkt3sa9DilBqG+A+wEA0Dcl1Iqbzw==,core,2018-11-28,3,1,6282209.460999196,1842008.0841283149
RfKN8Hbm9Fkt3sa9DilBqG+A+wEA0Dcl1Iqbzw==,core,2018-11-28,3,1,6283190.600818784,1841983.7591706188
RfKN8Hbm9Fkt3sa9DilBqG+A+wEA0Dcl1Iqbzw==,core,2018-11-28,3,1,6280250.200055454,1842006.4747164596
RfKN8Hbm9Fkt3sa9DilBqG+A+wEA0Dcl1Iqbzw==,core,2018-11-28,4,1,6283465.641508234,1841931.9793885567
RfKN8Hbm9Fkt3sa9DilBqG+A+wEA0Dcl1Iqbzw==,core,2018-11-28,4,1,6280248.634966277,1841648.5059769696
RfKN8Hbm9Fkt3sa9DilBqG+A+wEA0Dcl1Iqbzw==,core,2018-11-28,8,1,6280137.228236962,1842091.890309178
RfKN8Hbm9Fkt3sa9DilBqG+A+wEA0Dcl1Iqbzw==,core,2018-11-28,4,1,6280099.60189672,1841633.638223676
RfKN8Hbm9Fkt3sa9DilBqG+A+wEA0Dcl1Iqbzw==,core,2018-11-28,4,1,6283188.980814197,1841613.23012448
RfKN8Hbm9Fkt3sa9DilBqG+A+wEA0Dcl1Iqbzw==,core,2018-11-28,4,1,6282623.927865705,1841255.2708218717
RfKN8Hbm9Fkt3sa9DilBqG+A+wEA0Dcl1Iqbzw==,core,2018-11-28,7,1,6282665.298878458,1841088.6114502924
RfKN8Hbm9Fkt3sa9DilBqG+A+wEA0Dcl1Iqbzw==,core,2018-11-28,7,1,6280678.8954814235,1840804.5399440601
RfKN8Hbm9Fkt3sa9DilBqG+A+wEA0Dcl1Iqbzw==,core,2018-11-28,15,1,6281266.877777613,1841222.0339986822
RfKN8Hbm9Fkt3sa9DilBqG+A+wEA0Dcl1Iqbzw==,core,2018-11-28,1,2,6282763.163490933,1841251.3524171498
RfKN8Hbm9Fkt3sa9DilBqG+A+wEA0Dcl1Iqbzw==,core,2018-11-28,2,2,6281337.586207944,1841099.1727945006
RfKN8Hbm9Fkt3sa9DilBqG+A+wEA0Dcl1Iqbzw==,core,2018-11-28,1,2,6282612.525797743,1841610.1718873098
RfKN8Hbm9Fkt3sa9DilBqG+A+wEA0Dcl1Iqbzw==,core,2018-11-28,1,2,6282613.732284656,1841145.4224406527
RfKN8Hbm9Fkt3sa9DilBqG+A+wEA0Dcl1Iqbzw==,core,2018-11-28,3,2,6282733.331834667,1841094.511489913
tfV7kpfDeldEoKr2wqBg4qfEMKHJh1egUavZAQ==,marina,2019-12-19,1,1,6278448.923411148,1840355.8500954374
tfV7kpfDeldEoKr2wqBg4qfEMKHJh1egUavZAQ==,marina,2019-12-19,1,1,6279190.28882876,1840083.6770384617
tfV7kpfDeldEoKr2wqBg4qfEMKHJh1egUavZAQ==,marina,2019-12-19,1,2,6278448.621848993,1840517.5831076996
tfV7kpfDeldEoKr2wqBg4qfEMKHJh1egUavZAQ==,marina,2019-12-19,2,2,6280805.908193497,1839221.5789183653
tfV7kpfDeldEoKr2wqBg4qfEMKHJh1egUavZAQ==,marina,2019-12-19,2,1,6281243.262661316,1838804.6072722916
tfV7kpfDeldEoKr2wqBg4qfEMKHJh1egUavZAQ==,marina,2019-12-19,2,1,6280686.206938105,1839562.0342122363
tfV7kpfDeldEoKr2wqBg4qfEMKHJh1egUavZAQ==,marina,2019-12-19,2,1,6280734.84399093,1839020.1008533984
tfV7kpfDeldEoKr2wqBg4qfEMKHJh1egUavZAQ==,marina,2019-12-19,3,1,6280452.23382144,1840169.1734140506
tfV7kpfDeldEoKr2wqBg4qfEMKHJh1egUavZAQ==,marina,2019-12-19,4,1,6280155.541634825,1840356.355463831
moTnbS+ITWPXodA/KXS9eCFC2u0RiFzxySWUPg==,columbia,2018-03-28,1,1,6278580.063372159,1841535.6969303426
moTnbS+ITWPXodA/KXS9eCFC2u0RiFzxySWUPg==,columbia,2018-03-28,1,1,6278872.105456728,1841229.7840632445
moTnbS+ITWPXodA/KXS9eCFC2u0RiFzxySWUPg==,columbia,2018-03-28,1,1,6279363.585530422,1842465.0733713498
moTnbS+ITWPXodA/KXS9eCFC2u0RiFzxySWUPg==,columbia,2018-03-28,1,1,6279288.953227534,1842069.1818928325
moTnbS+ITWPXodA/KXS9eCFC2u0RiFzxySWUPg==,columbia,2018-03-28,1,1,6279436.290358307,1841708.6880117154
moTnbS+ITWPXodA/KXS9eCFC2u0RiFzxySWUPg==,columbia,2018-03-28,1,1,6279429.835635482,1841546.377675699
moTnbS+ITWPXodA/KXS9eCFC2u0RiFzxySWUPg==,columbia,2018-03-28,1,1,6279635.219722308,1841723.802155076
moTnbS+ITWPXodA/KXS9eCFC2u0RiFzxySWUPg==,columbia,2018-03-28,1,1,6279895.976187488,1842851.6426507263
moTnbS+ITWPXodA/KXS9eCFC2u0RiFzxySWUPg==,columbia,2018-03-28,2,1,6279002.755961825,1842385.3201021543
moTnbS+ITWPXodA/KXS9eCFC2u0RiFzxySWUPg==,columbia,2018-03-28,2,1,6279844.041599836,1841535.119287098
moTnbS+ITWPXodA/KXS9eCFC2u0RiFzxySWUPg==,columbia,2018-03-28,2,1,6279844.511156426,1842483.766344319
moTnbS+ITWPXodA/KXS9eCFC2u0RiFzxySWUPg==,columbia,2018-03-28,2,1,6279429.476803663,1841984.6198533128
moTnbS+ITWPXodA/KXS9eCFC2u0RiFzxySWUPg==,columbia,2018-03-28,2,1,6279571.373496761,1842098.5331160103
moTnbS+ITWPXodA/KXS9eCFC2u0RiFzxySWUPg==,columbia,2018-03-28,2,1,6279632.215751849,1841886.2518497654
moTnbS+ITWPXodA/KXS9eCFC2u0RiFzxySWUPg==,columbia,2018-03-28,2,1,6279703.694107428,1841975.4239730756
moTnbS+ITWPXodA/KXS9eCFC2u0RiFzxySWUPg==,columbia,2018-03-28,3,1,6279634.101009674,1841540.7902890006
moTnbS+ITWPXodA/KXS9eCFC2u0RiFzxySWUPg==,columbia,2018-03-28,3,1,6279838.927222732,1842834.4381272672
moTnbS+ITWPXodA/KXS9eCFC2u0RiFzxySWUPg==,columbia,2018-03-28,6,1,6279287.038714195,1841607.7724327412
moTnbS+ITWPXodA/KXS9eCFC2u0RiFzxySWUPg==,columbia,2018-03-28,6,1,6279626.706806581,1842471.5081576619
moTnbS+ITWPXodA/KXS9eCFC2u0RiFzxySWUPg==,columbia,2018-03-28,11,1,6279982.852669674,1842726.625190066
moTnbS+ITWPXodA/KXS9eCFC2u0RiFzxySWUPg==,columbia,2018-03-28,2,2,6279838.9957303265,1842723.5889631852
moTnbS+ITWPXodA/KXS9eCFC2u0RiFzxySWUPg==,columbia,2018-03-28,1,2,6279964.375584183,1842868.6799437774
moTnbS+ITWPXodA/KXS9eCFC2u0RiFzxySWUPg==,columbia,2018-03-28,1,3,6280039.859233707,1842741.252474168
moTnbS+ITWPXodA/KXS9eCFC2u0RiFzxySWUPg==,columbia,2018-03-28,3,1,6278891.658670585,1842763.3250958116
a5L210cB+cb2uU4Zw0+uivSc+FGGYXOg0YwW9w==,columbia,2018-04-25,1,1,6278488.959035305,1841558.349954169
a5L210cB+cb2uU4Zw0+uivSc+FGGYXOg0YwW9w==,columbia,2018-04-25,1,1,6278484.224363433,1840862.380374663
a5L210cB+cb2uU4Zw0+uivSc+FGGYXOg0YwW9w==,columbia,2018-04-25,1,1,6278861.647506385,1841876.1203733594
a5L210cB+cb2uU4Zw0+uivSc+FGGYXOg0YwW9w==,columbia,2018-04-25,1,1,6279095.833978033,1841553.1921851276
a5L210cB+cb2uU4Zw0+uivSc+FGGYXOg0YwW9w==,columbia,2018-04-25,2,1,6278865.143472892,1842471.5657288637
a5L210cB+cb2uU4Zw0+uivSc+FGGYXOg0YwW9w==,columbia,2018-04-25,2,1,6279368.8951647775,1841891.142932661
a5L210cB+cb2uU4Zw0+uivSc+FGGYXOg0YwW9w==,columbia,2018-04-25,2,1,6279641.110302815,1841536.9577728887
a5L210cB+cb2uU4Zw0+uivSc+FGGYXOg0YwW9w==,columbia,2018-04-25,1,1,6279957.98296313,1842624.6800871585
a5L210cB+cb2uU4Zw0+uivSc+FGGYXOg0YwW9w==,columbia,2018-04-25,3,1,6279989.627532642,1842075.3367303768
a5L210cB+cb2uU4Zw0+uivSc+FGGYXOg0YwW9w==,columbia,2018-04-25,3,1,6279860.78544701,1842842.0425471978
a5L210cB+cb2uU4Zw0+uivSc+FGGYXOg0YwW9w==,columbia,2018-04-25,4,1,6279572.521328191,1842829.0255900559
a5L210cB+cb2uU4Zw0+uivSc+FGGYXOg0YwW9w==,columbia,2018-04-25,6,1,6279878.334378815,1842084.0160421203
a5L210cB+cb2uU4Zw0+uivSc+FGGYXOg0YwW9w==,columbia,2018-04-25,10,1,6279966.998914823,1842732.87165556
a5L210cB+cb2uU4Zw0+uivSc+FGGYXOg0YwW9w==,columbia,2018-04-25,1,2,6279972.310266967,1841916.9483381899
a5L210cB+cb2uU4Zw0+uivSc+FGGYXOg0YwW9w==,columbia,2018-04-25,2,2,6279570.246004063,1842020.9001935166
a5L210cB+cb2uU4Zw0+uivSc+FGGYXOg0YwW9w==,columbia,2018-04-25,2,2,6279566.965217036,1842689.870847084
pTqcWZpEDLljiIcfnNq4iCx9tX5g9xPpEBX6kw==,columbia,2018-05-31,1,1,6278600.935355924,1841803.9857998122
pTqcWZpEDLljiIcfnNq4iCx9tX5g9xPpEBX6kw==,columbia,2018-05-31,1,1,6278882.06952567,1841617.429650439
pTqcWZpEDLljiIcfnNq4iCx9tX5g9xPpEBX6kw==,columbia,2018-05-31,1,1,6279053.979169538,1841534.3783592302
pTqcWZpEDLljiIcfnNq4iCx9tX5g9xPpEBX6kw==,columbia,2018-05-31,1,1,6279160.602608285,1841605.6201286044
pTqcWZpEDLljiIcfnNq4iCx9tX5g9xPpEBX6kw==,columbia,2018-05-31,1,1,6279030.016486368,1842747.4564080539
pTqcWZpEDLljiIcfnNq4iCx9tX5g9xPpEBX6kw==,columbia,2018-05-31,1,1,6279106.382981385,1842828.7361249975
pTqcWZpEDLljiIcfnNq4iCx9tX5g9xPpEBX6kw==,columbia,2018-05-31,1,1,6279706.556354067,1841898.5514419514
pTqcWZpEDLljiIcfnNq4iCx9tX5g9xPpEBX6kw==,columbia,2018-05-31,1,1,6279618.799225286,1841536.109839253
pTqcWZpEDLljiIcfnNq4iCx9tX5g9xPpEBX6kw==,columbia,2018-05-31,1,1,6279914.309131305,1842626.0661512895
pTqcWZpEDLljiIcfnNq4iCx9tX5g9xPpEBX6kw==,columbia,2018-05-31,1,1,6279573.866790373,1842731.39487674
pTqcWZpEDLljiIcfnNq4iCx9tX5g9xPpEBX6kw==,columbia,2018-05-31,1,1,6279876.0580950435,1842853.8896753844
pTqcWZpEDLljiIcfnNq4iCx9tX5g9xPpEBX6kw==,columbia,2018-05-31,1,1,6279844.301155947,1842643.580266515
pTqcWZpEDLljiIcfnNq4iCx9tX5g9xPpEBX6kw==,columbia,2018-05-31,2,1,6278517.624136162,1841537.7994907121
pTqcWZpEDLljiIcfnNq4iCx9tX5g9xPpEBX6kw==,columbia,2018-05-31,2,1,6279131.052558923,1841719.4999338058
pTqcWZpEDLljiIcfnNq4iCx9tX5g9xPpEBX6kw==,columbia,2018-05-31,3,1,6279979.216027253,1842416.0530695382
pTqcWZpEDLljiIcfnNq4iCx9tX5g9xPpEBX6kw==,columbia,2018-05-31,6,1,6279900.024307866,1842476.5945130794
pTqcWZpEDLljiIcfnNq4iCx9tX5g9xPpEBX6kw==,columbia,2018-05-31,10,1,6279989.038876899,1842745.3309814213
pTqcWZpEDLljiIcfnNq4iCx9tX5g9xPpEBX6kw==,columbia,2018-05-31,1,2,6279638.930034807,1842822.7706446094
pTqcWZpEDLljiIcfnNq4iCx9tX5g9xPpEBX6kw==,columbia,2018-05-31,1,2,6279991.673270131,1842297.0555148462
pTqcWZpEDLljiIcfnNq4iCx9tX5g9xPpEBX6kw==,columbia,2018-05-31,1,2,6279948.185576954,1842869.3068375485
pTqcWZpEDLljiIcfnNq4iCx9tX5g9xPpEBX6kw==,columbia,2018-05-31,1,2,6279843.147163653,1842752.4817702812
pTqcWZpEDLljiIcfnNq4iCx9tX5g9xPpEBX6kw==,columbia,2018-05-31,2,2,6279829.188748858,1842372.5376730284
/A6SfkOsXDR/WHwKGebQxG11PpPwNNkT3FpSsg==,columbia,2018-06-28,1,1,6278461.893631755,1841538.581668295
/A6SfkOsXDR/WHwKGebQxG11PpPwNNkT3FpSsg==,columbia,2018-06-28,1,1,6279081.557907483,1841429.2242719417
/A6SfkOsXDR/WHwKGebQxG11PpPwNNkT3FpSsg==,columbia,2018-06-28,1,1,6279648.74677559,1841318.119474539
/A6SfkOsXDR/WHwKGebQxG11PpPwNNkT3FpSsg==,columbia,2018-06-28,1,1,6279952.318474176,1841321.2403919243
/A6SfkOsXDR/WHwKGebQxG11PpPwNNkT3FpSsg==,columbia,2018-06-28,1,1,6278895.407253396,1841667.7793642147
/A6SfkOsXDR/WHwKGebQxG11PpPwNNkT3FpSsg==,columbia,2018-06-28,1,1,6279566.077282525,1842729.4200755183
/A6SfkOsXDR/WHwKGebQxG11PpPwNNkT3FpSsg==,columbia,2018-06-28,1,1,6279630.284890329,1842462.5260624266
/A6SfkOsXDR/WHwKGebQxG11PpPwNNkT3FpSsg==,columbia,2018-06-28,1,1,6279358.101028604,1842732.4388283344
/A6SfkOsXDR/WHwKGebQxG11PpPwNNkT3FpSsg==,columbia,2018-06-28,1,1,6279592.980837744,1842859.5015207215
/A6SfkOsXDR/WHwKGebQxG11PpPwNNkT3FpSsg==,columbia,2018-06-28,1,1,6279844.012482943,1842848.3305958265
/A6SfkOsXDR/WHwKGebQxG11PpPwNNkT3FpSsg==,columbia,2018-06-28,2,1,6279895.282277314,1841525.303414976
/A6SfkOsXDR/WHwKGebQxG11PpPwNNkT3FpSsg==,columbia,2018-06-28,2,1,6279016.5756177865,1841909.4009819306
/A6SfkOsXDR/WHwKGebQxG11PpPwNNkT3FpSsg==,columbia,2018-06-28,3,1,6278891.078121594,1841554.933785079
/A6SfkOsXDR/WHwKGebQxG11PpPwNNkT3FpSsg==,columbia,2018-06-28,5,1,6279911.554745046,1842864.9137585822
/A6SfkOsXDR/WHwKGebQxG11PpPwNNkT3FpSsg==,columbia,2018-06-28,9,1,6279917.058295177,1842478.4361847846
/A6SfkOsXDR/WHwKGebQxG11PpPwNNkT3FpSsg==,columbia,2018-06-28,15,1,6279993.620837183,1842790.9593767049
/A6SfkOsXDR/WHwKGebQxG11PpPwNNkT3FpSsg==,columbia,2018-06-28,1,3,6280038.381809411,1842750.1644614544
/A6SfkOsXDR/WHwKGebQxG11PpPwNNkT3FpSsg==,columbia,2018-06-28,1,2,6279835.923102098,1842733.0305203872
/A6SfkOsXDR/WHwKGebQxG11PpPwNNkT3FpSsg==,columbia,2018-06-28,1,2,6279989.1365555385,1842648.007138615
/A6SfkOsXDR/WHwKGebQxG11PpPwNNkT3FpSsg==,columbia,2018-06-28,1,2,6279822.767627698,1842361.8782357797
0ugo+jhVuD9HhmzWtrI1vxVsoEWn4KGh2CMzZg==,columbia,2018-11-28,1,1,6278451.669826635,1841598.9432593929
0ugo+jhVuD9HhmzWtrI1vxVsoEWn4KGh2CMzZg==,columbia,2018-11-28,1,1,6279161.682266028,1841661.4043326413
0ugo+jhVuD9HhmzWtrI1vxVsoEWn4KGh2CMzZg==,columbia,2018-11-28,1,1,6279908.212693029,1841535.1548566732
0ugo+jhVuD9HhmzWtrI1vxVsoEWn4KGh2CMzZg==,columbia,2018-11-28,1,1,6279709.28808876,1841635.8951629712
0ugo+jhVuD9HhmzWtrI1vxVsoEWn4KGh2CMzZg==,columbia,2018-11-28,1,1,6279704.938560425,1841538.1043193948
0ugo+jhVuD9HhmzWtrI1vxVsoEWn4KGh2CMzZg==,columbia,2018-11-28,1,1,6279566.416837266,1841981.7115710662
0ugo+jhVuD9HhmzWtrI1vxVsoEWn4KGh2CMzZg==,columbia,2018-11-28,1,1,6278900.896557829,1842749.1089998411
0ugo+jhVuD9HhmzWtrI1vxVsoEWn4KGh2CMzZg==,columbia,2018-11-28,1,1,6279444.978123766,1842763.7961783665
0ugo+jhVuD9HhmzWtrI1vxVsoEWn4KGh2CMzZg==,columbia,2018-11-28,1,1,6279568.916110997,1842714.3254263133
0ugo+jhVuD9HhmzWtrI1vxVsoEWn4KGh2CMzZg==,columbia,2018-11-28,1,1,6279567.979254139,1842872.4107921831
0ugo+jhVuD9HhmzWtrI1vxVsoEWn4KGh2CMzZg==,columbia,2018-11-28,1,1,6279876.579764147,1842855.3876882594
0ugo+jhVuD9HhmzWtrI1vxVsoEWn4KGh2CMzZg==,columbia,2018-11-28,2,1,6278890.682002515,1842300.1326514343
0ugo+jhVuD9HhmzWtrI1vxVsoEWn4KGh2CMzZg==,columbia,2018-11-28,2,1,6279841.8904754445,1842720.40093164
0ugo+jhVuD9HhmzWtrI1vxVsoEWn4KGh2CMzZg==,columbia,2018-11-28,1,2,6279657.678100779,1842763.219024477
0ugo+jhVuD9HhmzWtrI1vxVsoEWn4KGh2CMzZg==,columbia,2018-11-28,1,2,6278590.560122462,1841531.6920223942
0ugo+jhVuD9HhmzWtrI1vxVsoEWn4KGh2CMzZg==,columbia,2018-11-28,1,2,6279912.062411098,1842493.5659348199
0ugo+jhVuD9HhmzWtrI1vxVsoEWn4KGh2CMzZg==,columbia,2018-11-28,2,2,6279970.748178619,1842864.0576283876
8yxDdIv6+4zFZd8kNnICh3lrWnA1LqygbleO3A==,core,2019-12-19,1,2,6280108.710392307,1842452.5365110417
8yxDdIv6+4zFZd8kNnICh3lrWnA1LqygbleO3A==,core,2019-12-19,4,1,6280111.40677514,1842357.1275241785
8yxDdIv6+4zFZd8kNnICh3lrWnA1LqygbleO3A==,core,2019-12-19,5,1,6280117.386044511,1842274.4212556924
8yxDdIv6+4zFZd8kNnICh3lrWnA1LqygbleO3A==,core,2019-12-19,2,2,6280226.658171971,1842273.866859552
8yxDdIv6+4zFZd8kNnICh3lrWnA1LqygbleO3A==,core,2019-12-19,1,1,6280397.477138417,1842362.035822825
8yxDdIv6+4zFZd8kNnICh3lrWnA1LqygbleO3A==,core,2019-12-19,3,1,6280486.948445998,1842266.1865802035
8yxDdIv6+4zFZd8kNnICh3lrWnA1LqygbleO3A==,core,2019-12-19,2,1,6280119.582174184,1842086.7993437713
8yxDdIv6+4zFZd8kNnICh3lrWnA1LqygbleO3A==,core,2019-12-19,2,2,6280193.570554961,1842099.1433352341
8yxDdIv6+4zFZd8kNnICh3lrWnA1LqygbleO3A==,core,2019-12-19,1,1,6280492.3412116645,1842075.368606477
8yxDdIv6+4zFZd8kNnICh3lrWnA1LqygbleO3A==,core,2019-12-19,5,1,6280185.987025457,1841886.1322923277
8yxDdIv6+4zFZd8kNnICh3lrWnA1LqygbleO3A==,core,2019-12-19,2,1,6280513.751657513,1841874.9298357973
8yxDdIv6+4zFZd8kNnICh3lrWnA1LqygbleO3A==,core,2019-12-19,10,1,6280735.647799408,1841899.2427860394
8yxDdIv6+4zFZd8kNnICh3lrWnA1LqygbleO3A==,core,2019-12-19,4,2,6280136.9852289185,1841740.1081011824
8yxDdIv6+4zFZd8kNnICh3lrWnA1LqygbleO3A==,core,2019-12-19,6,1,6280229.9119241275,1841688.7591373024
8yxDdIv6+4zFZd8kNnICh3lrWnA1LqygbleO3A==,core,2019-12-19,1,1,6280454.987451906,1841706.6962697029
8yxDdIv6+4zFZd8kNnICh3lrWnA1LqygbleO3A==,core,2019-12-19,4,1,6280737.774928645,1841698.9018499725
8yxDdIv6+4zFZd8kNnICh3lrWnA1LqygbleO3A==,core,2019-12-19,1,1,6280111.331256268,1841158.3268868888
8yxDdIv6+4zFZd8kNnICh3lrWnA1LqygbleO3A==,core,2019-12-19,1,1,6280523.208930456,1841248.4526735358
8yxDdIv6+4zFZd8kNnICh3lrWnA1LqygbleO3A==,core,2019-12-19,1,1,6280512.675632321,1840491.703348392
8yxDdIv6+4zFZd8kNnICh3lrWnA1LqygbleO3A==,core,2019-12-19,1,1,6280734.916776395,1840579.6114193636
8yxDdIv6+4zFZd8kNnICh3lrWnA1LqygbleO3A==,core,2019-12-19,5,1,6281290.523472099,1842281.1886742136
8yxDdIv6+4zFZd8kNnICh3lrWnA1LqygbleO3A==,core,2019-12-19,1,2,6281352.593180188,1841873.8537861677
8yxDdIv6+4zFZd8kNnICh3lrWnA1LqygbleO3A==,core,2019-12-19,17,1,6281230.500008538,1841880.8329174565
8yxDdIv6+4zFZd8kNnICh3lrWnA1LqygbleO3A==,core,2019-12-19,3,1,6281579.795837205,1841691.4499825013
8yxDdIv6+4zFZd8kNnICh3lrWnA1LqygbleO3A==,core,2019-12-19,1,1,6281794.160199923,1841512.2911579467
8yxDdIv6+4zFZd8kNnICh3lrWnA1LqygbleO3A==,core,2019-12-19,1,1,6281925.86052966,1841498.9035972785
8yxDdIv6+4zFZd8kNnICh3lrWnA1LqygbleO3A==,core,2019-12-19,1,1,6282070.485404241,1841498.1698376809
8yxDdIv6+4zFZd8kNnICh3lrWnA1LqygbleO3A==,core,2019-12-19,1,2,6282214.3631583005,1841952.1574970684
8yxDdIv6+4zFZd8kNnICh3lrWnA1LqygbleO3A==,core,2019-12-19,9,1,6282621.652303507,1841196.4681780124
8yxDdIv6+4zFZd8kNnICh3lrWnA1LqygbleO3A==,core,2019-12-19,2,2,6282614.01165784,1841565.3687955502
8yxDdIv6+4zFZd8kNnICh3lrWnA1LqygbleO3A==,core,2019-12-19,1,2,6282762.2471710285,1841637.7531190228
8yxDdIv6+4zFZd8kNnICh3lrWnA1LqygbleO3A==,core,2019-12-19,3,1,6282637.181614802,1841689.2651405912
8yxDdIv6+4zFZd8kNnICh3lrWnA1LqygbleO3A==,core,2019-12-19,1,1,6282696.170071825,1841898.8355351596
8yxDdIv6+4zFZd8kNnICh3lrWnA1LqygbleO3A==,core,2019-12-19,1,2,6282899.507401685,1842056.7960735469
8yxDdIv6+4zFZd8kNnICh3lrWnA1LqygbleO3A==,core,2019-12-19,1,1,6283183.433385616,1842258.865552224
8yxDdIv6+4zFZd8kNnICh3lrWnA1LqygbleO3A==,core,2019-12-19,2,1,6282908.424555414,1841923.1974027082
8yxDdIv6+4zFZd8kNnICh3lrWnA1LqygbleO3A==,core,2019-12-19,1,1,6282998.102864304,1841865.5052325244
8yxDdIv6+4zFZd8kNnICh3lrWnA1LqygbleO3A==,core,2019-12-19,1,2,6283185.439764091,1842036.2663239017
8yxDdIv6+4zFZd8kNnICh3lrWnA1LqygbleO3A==,core,2019-12-19,1,1,6283210.40909822,1841899.4063681825
8yxDdIv6+4zFZd8kNnICh3lrWnA1LqygbleO3A==,core,2019-12-19,2,1,6283596.523933267,1841980.1233328707
l2VWuSpQMFDVJzWaWd7tVrt413duLjuMoaVQnw==,marina,2018-03-28,1,1,6278424.970347919,1840101.7899067232
l2VWuSpQMFDVJzWaWd7tVrt413duLjuMoaVQnw==,marina,2018-03-28,1,1,6278861.072044507,1840225.3348350835
l2VWuSpQMFDVJzWaWd7tVrt413duLjuMoaVQnw==,marina,2018-03-28,1,1,6279258.123293508,1840162.764006686
l2VWuSpQMFDVJzWaWd7tVrt413duLjuMoaVQnw==,marina,2018-03-28,1,1,6278576.150261984,1840767.1204624572
l2VWuSpQMFDVJzWaWd7tVrt413duLjuMoaVQnw==,marina,2018-03-28,1,1,6279420.128663776,1839979.2710466841
l2VWuSpQMFDVJzWaWd7tVrt413duLjuMoaVQnw==,marina,2018-03-28,1,1,6280816.514742882,1839344.3284578612
l2VWuSpQMFDVJzWaWd7tVrt413duLjuMoaVQnw==,marina,2018-03-28,1,1,6280436.683839381,1839788.5363926387
l2VWuSpQMFDVJzWaWd7tVrt413duLjuMoaVQnw==,marina,2018-03-28,1,1,6279138.8731323015,1840221.1414280636
l2VWuSpQMFDVJzWaWd7tVrt413duLjuMoaVQnw==,marina,2018-03-28,1,1,6280168.098529896,1840194.2898040968
l2VWuSpQMFDVJzWaWd7tVrt413duLjuMoaVQnw==,marina,2018-03-28,1,1,6281230.372350259,1839785.0422667656
l2VWuSpQMFDVJzWaWd7tVrt413duLjuMoaVQnw==,marina,2018-03-28,1,1,6281215.279706028,1838778.1934316936
l2VWuSpQMFDVJzWaWd7tVrt413duLjuMoaVQnw==,marina,2018-03-28,1,1,6280762.032817369,1839028.3177563986
l2VWuSpQMFDVJzWaWd7tVrt413duLjuMoaVQnw==,marina,2018-03-28,2,1,6281364.476332938,1840026.3005309142
l2VWuSpQMFDVJzWaWd7tVrt413duLjuMoaVQnw==,marina,2018-03-28,1,1,6281088.321566035,1839546.7328265933
l2VWuSpQMFDVJzWaWd7tVrt413duLjuMoaVQnw==,marina,2018-03-28,2,1,6280701.248543772,1839009.4332257928
l2VWuSpQMFDVJzWaWd7tVrt413duLjuMoaVQnw==,marina,2018-03-28,2,1,6280718.418883802,1840183.1538521296
l2VWuSpQMFDVJzWaWd7tVrt413duLjuMoaVQnw==,marina,2018-03-28,3,1,6281067.646776855,1839402.7726945728
l2VWuSpQMFDVJzWaWd7tVrt413duLjuMoaVQnw==,marina,2018-03-28,3,1,6281080.2803558465,1838800.0333158183
l2VWuSpQMFDVJzWaWd7tVrt413duLjuMoaVQnw==,marina,2018-03-28,1,3,6280724.135815258,1839280.6589762196
l2VWuSpQMFDVJzWaWd7tVrt413duLjuMoaVQnw==,marina,2018-03-28,1,2,6279222.381008056,1840559.3449189954
l2VWuSpQMFDVJzWaWd7tVrt413duLjuMoaVQnw==,marina,2018-03-28,2,2,6280806.393969462,1839208.695614043
8KyV3NrF7pSX/D9e+DfYUAMaVD+tqyBQOpETLA==,marina,2018-04-25,1,1,6278695.267200047,1840533.6456537654
8KyV3NrF7pSX/D9e+DfYUAMaVD+tqyBQOpETLA==,marina,2018-04-25,1,1,6279335.974326716,1840348.8250766324
8KyV3NrF7pSX/D9e+DfYUAMaVD+tqyBQOpETLA==,marina,2018-04-25,1,1,6280990.825937482,1840178.8956770024
8KyV3NrF7pSX/D9e+DfYUAMaVD+tqyBQOpETLA==,marina,2018-04-25,1,1,6281067.11455677,1839294.4450717072
8KyV3NrF7pSX/D9e+DfYUAMaVD+tqyBQOpETLA==,marina,2018-04-25,1,1,6280423.164194181,1840175.9271502118
8KyV3NrF7pSX/D9e+DfYUAMaVD+tqyBQOpETLA==,marina,2018-04-25,1,1,6280596.792863098,1839033.6305830972
8KyV3NrF7pSX/D9e+DfYUAMaVD+tqyBQOpETLA==,marina,2018-04-25,2,1,6281536.310196871,1838634.7961129574
8KyV3NrF7pSX/D9e+DfYUAMaVD+tqyBQOpETLA==,marina,2018-04-25,2,1,6278843.706310502,1840865.8941788648
8KyV3NrF7pSX/D9e+DfYUAMaVD+tqyBQOpETLA==,marina,2018-04-25,2,1,6279108.918426325,1840195.9981076024
8KyV3NrF7pSX/D9e+DfYUAMaVD+tqyBQOpETLA==,marina,2018-04-25,2,1,6279607.383214361,1839774.0247485605
8KyV3NrF7pSX/D9e+DfYUAMaVD+tqyBQOpETLA==,marina,2018-04-25,2,1,6280727.3678887,1839181.308492564
8KyV3NrF7pSX/D9e+DfYUAMaVD+tqyBQOpETLA==,marina,2018-04-25,2,1,6281011.106162273,1839552.0997587221
8KyV3NrF7pSX/D9e+DfYUAMaVD+tqyBQOpETLA==,marina,2018-04-25,2,1,6281245.342686266,1838790.0203928724
8KyV3NrF7pSX/D9e+DfYUAMaVD+tqyBQOpETLA==,marina,2018-04-25,2,1,6280059.388748296,1839405.4241583205
8KyV3NrF7pSX/D9e+DfYUAMaVD+tqyBQOpETLA==,marina,2018-04-25,3,1,6281345.73349866,1840101.7132532282
8KyV3NrF7pSX/D9e+DfYUAMaVD+tqyBQOpETLA==,marina,2018-04-25,3,1,6280791.590362292,1839298.517920792
8KyV3NrF7pSX/D9e+DfYUAMaVD+tqyBQOpETLA==,marina,2018-04-25,3,1,6280417.192964657,1839347.8127689366
8KyV3NrF7pSX/D9e+DfYUAMaVD+tqyBQOpETLA==,marina,2018-04-25,4,1,6281078.0639064675,1839666.498751576
8KyV3NrF7pSX/D9e+DfYUAMaVD+tqyBQOpETLA==,marina,2018-04-25,1,3,6281133.806412518,1840136.267335205
hj+v1IhUdZ6Ci5m/5ifYHCMlsA/NoHw9hY/rtw==,marina,2018-05-31,1,1,6279133.777100873,1840200.1287207254
hj+v1IhUdZ6Ci5m/5ifYHCMlsA/NoHw9hY/rtw==,marina,2018-05-31,1,1,6281356.330934514,1839304.731612278
hj+v1IhUdZ6Ci5m/5ifYHCMlsA/NoHw9hY/rtw==,marina,2018-05-31,1,1,6279528.584637482,1840093.643729267
hj+v1IhUdZ6Ci5m/5ifYHCMlsA/NoHw9hY/rtw==,marina,2018-05-31,1,1,6281342.46684923,1840144.9638710576
hj+v1IhUdZ6Ci5m/5ifYHCMlsA/NoHw9hY/rtw==,marina,2018-05-31,1,1,6279249.092342558,1840348.9442507254
hj+v1IhUdZ6Ci5m/5ifYHCMlsA/NoHw9hY/rtw==,marina,2018-05-31,1,1,6279344.330592999,1839969.9573273505
hj+v1IhUdZ6Ci5m/5ifYHCMlsA/NoHw9hY/rtw==,marina,2018-05-31,1,1,6281297.480120999,1838649.9401411682
hj+v1IhUdZ6Ci5m/5ifYHCMlsA/NoHw9hY/rtw==,marina,2018-05-31,1,1,6281234.692387199,1839302.4184119022
hj+v1IhUdZ6Ci5m/5ifYHCMlsA/NoHw9hY/rtw==,marina,2018-05-31,2,1,6281285.878747134,1839169.5686731602
hj+v1IhUdZ6Ci5m/5ifYHCMlsA/NoHw9hY/rtw==,marina,2018-05-31,2,1,6278616.776751445,1840757.5580534881
hj+v1IhUdZ6Ci5m/5ifYHCMlsA/NoHw9hY/rtw==,marina,2018-05-31,2,1,6280704.8698713165,1840177.7268309917
hj+v1IhUdZ6Ci5m/5ifYHCMlsA/NoHw9hY/rtw==,marina,2018-05-31,2,1,6281057.545212228,1839670.653716321
hj+v1IhUdZ6Ci5m/5ifYHCMlsA/NoHw9hY/rtw==,marina,2018-05-31,5,1,6280928.429178878,1839228.9314889978
hj+v1IhUdZ6Ci5m/5ifYHCMlsA/NoHw9hY/rtw==,marina,2018-05-31,2,2,6278492.37642704,1840771.8376006905
hj+v1IhUdZ6Ci5m/5ifYHCMlsA/NoHw9hY/rtw==,marina,2018-05-31,4,2,6280930.059600258,1839372.6406048136
hj+v1IhUdZ6Ci5m/5ifYHCMlsA/NoHw9hY/rtw==,marina,2018-05-31,1,3,6281131.519915882,1839681.4347238545
hj+v1IhUdZ6Ci5m/5ifYHCMlsA/NoHw9hY/rtw==,marina,2018-05-31,1,1,6280324.110068971,1839043.2347013785
7SYEx2lcCwb4HW36STGv46BaTxTawaMDi7L0LA==,marina,2018-06-28,1,1,6278826.618762892,1840761.9190473924
7SYEx2lcCwb4HW36STGv46BaTxTawaMDi7L0LA==,marina,2018-06-28,1,1,6279180.870578995,1840207.053061757
7SYEx2lcCwb4HW36STGv46BaTxTawaMDi7L0LA==,marina,2018-06-28,1,1,6280322.669051868,1839038.1482610793
7SYEx2lcCwb4HW36STGv46BaTxTawaMDi7L0LA==,marina,2018-06-28,1,1,6280234.8072784655,1840328.2250177187
7SYEx2lcCwb4HW36STGv46BaTxTawaMDi7L0LA==,marina,2018-06-28,1,1,6280039.069261723,1839403.0451048745
7SYEx2lcCwb4HW36STGv46BaTxTawaMDi7L0LA==,marina,2018-06-28,2,1,6280158.482265067,1839338.767811554
7SYEx2lcCwb4HW36STGv46BaTxTawaMDi7L0LA==,marina,2018-06-28,2,1,6281211.804089743,1839273.4230238127
7SYEx2lcCwb4HW36STGv46BaTxTawaMDi7L0LA==,marina,2018-06-28,2,1,6280937.210539052,1839780.8653480345
7SYEx2lcCwb4HW36STGv46BaTxTawaMDi7L0LA==,marina,2018-06-28,3,1,6281326.1381656835,1840163.754476125
7SYEx2lcCwb4HW36STGv46BaTxTawaMDi7L0LA==,marina,2018-06-28,3,1,6278533.725195513,1840767.5775923387
7SYEx2lcCwb4HW36STGv46BaTxTawaMDi7L0LA==,marina,2018-06-28,3,1,6281356.907112863,1838786.4705752023
7SYEx2lcCwb4HW36STGv46BaTxTawaMDi7L0LA==,marina,2018-06-28,3,1,6281328.221219407,1839971.7249097293
7SYEx2lcCwb4HW36STGv46BaTxTawaMDi7L0LA==,marina,2018-06-28,3,1,6281075.717347399,1839658.7953392281
7SYEx2lcCwb4HW36STGv46BaTxTawaMDi7L0LA==,marina,2018-06-28,4,1,6281367.956606808,1838983.8553823752
7SYEx2lcCwb4HW36STGv46BaTxTawaMDi7L0LA==,marina,2018-06-28,5,1,6280514.727495107,1839329.7356594284
7SYEx2lcCwb4HW36STGv46BaTxTawaMDi7L0LA==,marina,2018-06-28,6,1,6280350.967360374,1839347.8236830023
7SYEx2lcCwb4HW36STGv46BaTxTawaMDi7L0LA==,marina,2018-06-28,7,1,6280809.9618960805,1839351.4836460291
7SYEx2lcCwb4HW36STGv46BaTxTawaMDi7L0LA==,marina,2018-06-28,1,2,6280808.78162099,1839217.0892132048
eXgUI521yp3kRoLf69cFmuteccdOrJtXqayCjw==,marina,2018-11-28,1,1,6279323.262986231,1839916.234470046
eXgUI521yp3kRoLf69cFmuteccdOrJtXqayCjw==,marina,2018-11-28,1,1,6279441.277603583,1840467.9609846654
eXgUI521yp3kRoLf69cFmuteccdOrJtXqayCjw==,marina,2018-11-28,1,1,6280382.674874753,1839353.325203776
eXgUI521yp3kRoLf69cFmuteccdOrJtXqayCjw==,marina,2018-11-28,1,1,6281079.186875339,1839656.9814809621
eXgUI521yp3kRoLf69cFmuteccdOrJtXqayCjw==,marina,2018-11-28,1,1,6281361.171624698,1840001.2432294039
eXgUI521yp3kRoLf69cFmuteccdOrJtXqayCjw==,marina,2018-11-28,3,1,6280668.335621781,1838967.0037248957
eXgUI521yp3kRoLf69cFmuteccdOrJtXqayCjw==,marina,2018-11-28,1,1,6279132.773153549,1840208.5706061511
eXgUI521yp3kRoLf69cFmuteccdOrJtXqayCjw==,marina,2018-11-28,4,1,6280429.018298448,1840182.156110698
eXgUI521yp3kRoLf69cFmuteccdOrJtXqayCjw==,marina,2018-11-28,14,1,6278564.151630855,1840938.878172685
eXgUI521yp3kRoLf69cFmuteccdOrJtXqayCjw==,marina,2018-11-28,1,2,6281206.997452491,1838885.7301722933
eXgUI521yp3kRoLf69cFmuteccdOrJtXqayCjw==,marina,2018-11-28,1,2,6281284.332494571,1840199.4185086947
eXgUI521yp3kRoLf69cFmuteccdOrJtXqayCjw==,marina,2018-11-28,1,2,6280766.030502744,1838954.793256419
eXgUI521yp3kRoLf69cFmuteccdOrJtXqayCjw==,marina,2018-11-28,3,2,6278553.819758025,1840778.1992588092
eXgUI521yp3kRoLf69cFmuteccdOrJtXqayCjw==,marina,2018-11-28,2,2,6280493.593605083,1839324.0652410113
3+5VJHzcFo8qIAGb79WkElWX/Iwamk51QxT9Bg==,City Center,2024-06-27,1,2,6280237.0219733715,1842479.430641919
3+5VJHzcFo8qIAGb79WkElWX/Iwamk51QxT9Bg==,City Center,2024-06-27,2,1,6280116.823854277,1842287.3966268287
3+5VJHzcFo8qIAGb79WkElWX/Iwamk51QxT9Bg==,City Center,2024-06-27,1,1,6280242.869760475,1841923.8451349442
3+5VJHzcFo8qIAGb79WkElWX/Iwamk51QxT9Bg==,City Center,2024-06-27,1,1,6280707.206432873,1842480.5604260163
3+5VJHzcFo8qIAGb79WkElWX/Iwamk51QxT9Bg==,City Center,2024-06-27,10,1,6280706.739199397,1842073.3619935948
3+5VJHzcFo8qIAGb79WkElWX/Iwamk51QxT9Bg==,City Center,2024-06-27,24,1,6281044.026681311,1842119.2569487938
3+5VJHzcFo8qIAGb79WkElWX/Iwamk51QxT9Bg==,City Center,2024-06-27,8,2,6281069.801082651,1841973.9425839437
3+5VJHzcFo8qIAGb79WkElWX/Iwamk51QxT9Bg==,City Center,2024-06-27,5,1,6281254.945902149,1842247.7680432762
3+5VJHzcFo8qIAGb79WkElWX/Iwamk51QxT9Bg==,City Center,2024-06-27,1,1,6281362.014148924,1842300.968582092
3+5VJHzcFo8qIAGb79WkElWX/Iwamk51QxT9Bg==,City Center,2024-06-27,1,1,6281319.624577148,1842095.9727898503
3+5VJHzcFo8qIAGb79WkElWX/Iwamk51QxT9Bg==,City Center,2024-06-27,3,1,6281358.3042889815,1841893.7841275528
3+5VJHzcFo8qIAGb79WkElWX/Iwamk51QxT9Bg==,City Center,2024-06-27,2,1,6281912.775304805,1841875.6110247436
3+5VJHzcFo8qIAGb79WkElWX/Iwamk51QxT9Bg==,City Center,2024-06-27,1,1,6281919.709681388,1842266.9986164232
3+5VJHzcFo8qIAGb79WkElWX/Iwamk51QxT9Bg==,City Center,2024-06-27,1,1,6282198.318397935,1842041.6795518848
3+5VJHzcFo8qIAGb79WkElWX/Iwamk51QxT9Bg==,City Center,2024-06-27,1,1,6282448.243307449,1842252.093913666
3+5VJHzcFo8qIAGb79WkElWX/Iwamk51QxT9Bg==,City Center,2024-06-27,1,1,6282473.746061419,1841870.0362741523
3+5VJHzcFo8qIAGb79WkElWX/Iwamk51QxT9Bg==,City Center,2024-06-27,5,2,6282970.1178262625,1842085.7014708882
3+5VJHzcFo8qIAGb79WkElWX/Iwamk51QxT9Bg==,City Center,2024-06-27,21,1,6282982.827550651,1841858.372015683
3+5VJHzcFo8qIAGb79WkElWX/Iwamk51QxT9Bg==,City Center,2024-06-27,1,1,6283194.101724052,1842296.2276557258
3+5VJHzcFo8qIAGb79WkElWX/Iwamk51QxT9Bg==,City Center,2024-06-27,1,1,6283320.115032565,1841904.2669708817
3+5VJHzcFo8qIAGb79WkElWX/Iwamk51QxT9Bg==,City Center,2024-06-27,2,1,6283479.1558519155,1842036.1582884726
3+5VJHzcFo8qIAGb79WkElWX/Iwamk51QxT9Bg==,City Center,2024-06-27,2,1,6283540.548436869,1841846.4980889827
3+5VJHzcFo8qIAGb79WkElWX/Iwamk51QxT9Bg==,City Center,2024-06-27,1,1,6280391.798772145,1841721.1812246568
3+5VJHzcFo8qIAGb79WkElWX/Iwamk51QxT9Bg==,City Center,2024-06-27,2,1,6280235.464528451,1841122.1025338476
3+5VJHzcFo8qIAGb79WkElWX/Iwamk51QxT9Bg==,City Center,2024-06-27,1,1,6281079.2066071695,1841692.9652976966
3+5VJHzcFo8qIAGb79WkElWX/Iwamk51QxT9Bg==,City Center,2024-06-27,1,1,6281309.469305889,1841723.5386380258
3+5VJHzcFo8qIAGb79WkElWX/Iwamk51QxT9Bg==,City Center,2024-06-27,2,1,6281520.163964901,1841656.3419587864
3+5VJHzcFo8qIAGb79WkElWX/Iwamk51QxT9Bg==,City Center,2024-06-27,1,1,6281653.122515893,1841665.2385966086
3+5VJHzcFo8qIAGb79WkElWX/Iwamk51QxT9Bg==,City Center,2024-06-27,17,1,6281812.029322539,1841680.3365653653
3+5VJHzcFo8qIAGb79WkElWX/Iwamk51QxT9Bg==,City Center,2024-06-27,6,1,6281857.212397129,1841493.9028322813
3+5VJHzcFo8qIAGb79WkElWX/Iwamk51QxT9Bg==,City Center,2024-06-27,4,1,6282077.950046488,1841701.2864180054
3+5VJHzcFo8qIAGb79WkElWX/Iwamk51QxT9Bg==,City Center,2024-06-27,1,1,6282201.122766643,1841659.7197575455
3+5VJHzcFo8qIAGb79WkElWX/Iwamk51QxT9Bg==,City Center,2024-06-27,1,1,6282382.775044096,1841715.7553820696
3+5VJHzcFo8qIAGb79WkElWX/Iwamk51QxT9Bg==,City Center,2024-06-27,1,2,6282648.518291762,1841582.0329619294
3+5VJHzcFo8qIAGb79WkElWX/Iwamk51QxT9Bg==,City Center,2024-06-27,1,1,6282722.979175632,1841477.5444297902
3+5VJHzcFo8qIAGb79WkElWX/Iwamk51QxT9Bg==,City Center,2024-06-27,1,1,6282171.287174763,1841091.6616992913
3+5VJHzcFo8qIAGb79WkElWX/Iwamk51QxT9Bg==,City Center,2024-06-27,1,1,6282339.997922072,1841173.005851308
3+5VJHzcFo8qIAGb79WkElWX/Iwamk51QxT9Bg==,City Center,2024-06-27,2,1,6282917.717861825,1841634.5346066426
3+5VJHzcFo8qIAGb79WkElWX/Iwamk51QxT9Bg==,City Center,2024-06-27,1,1,6283024.807840389,1841706.6746074315
3+5VJHzcFo8qIAGb79WkElWX/Iwamk51QxT9Bg==,City Center,2024-06-27,1,2,6282930.5507330205,1841514.5287692847
3+5VJHzcFo8qIAGb79WkElWX/Iwamk51QxT9Bg==,City Center,2024-06-27,5,1,6283186.884834204,1841658.6270583959
3+5VJHzcFo8qIAGb79WkElWX/Iwamk51QxT9Bg==,City Center,2024-06-27,7,1,6283319.87598288,1841695.9328891777
3+5VJHzcFo8qIAGb79WkElWX/Iwamk51QxT9Bg==,City Center,2024-06-27,3,1,6283478.6849964745,1841625.8032790557
3+5VJHzcFo8qIAGb79WkElWX/Iwamk51QxT9Bg==,City Center,2024-06-27,1,2,6283335.976834295,1841598.0091129066
3+5VJHzcFo8qIAGb79WkElWX/Iwamk51QxT9Bg==,City Center,2024-06-27,4,2,6283251.534533483,1841481.579189006
3+5VJHzcFo8qIAGb79WkElWX/Iwamk51QxT9Bg==,City Center,2024-06-27,1,1,6283326.118564161,1841484.4142747142
3+5VJHzcFo8qIAGb79WkElWX/Iwamk51QxT9Bg==,City Center,2024-06-27,4,1,6283008.156450303,1841324.7986803844
3+5VJHzcFo8qIAGb79WkElWX/Iwamk51QxT9Bg==,City Center,2024-06-27,6,1,6283196.239651213,1841333.4576942117
3+5VJHzcFo8qIAGb79WkElWX/Iwamk51QxT9Bg==,City Center,2024-06-27,2,1,6283533.465559724,1841325.690840487
3+5VJHzcFo8qIAGb79WkElWX/Iwamk51QxT9Bg==,City Center,2024-06-27,3,1,6283319.3363101045,1841225.602916846
3+5VJHzcFo8qIAGb79WkElWX/Iwamk51QxT9Bg==,City Center,2024-06-27,3,2,6283043.709438549,1841223.6344598255
3+5VJHzcFo8qIAGb79WkElWX/Iwamk51QxT9Bg==,City Center,2024-06-27,1,2,6283306.21005975,1841089.9260175673
Jp6AAHJCTXEgtUd8XRI1M2/f1aO9TkHrQ2JPzQ==,City Center,2024-07-25,1,1,6280107.674018416,1842427.0307638114
Jp6AAHJCTXEgtUd8XRI1M2/f1aO9TkHrQ2JPzQ==,City Center,2024-07-25,2,1,6280680.650220662,1842092.941839181
Jp6AAHJCTXEgtUd8XRI1M2/f1aO9TkHrQ2JPzQ==,City Center,2024-07-25,10,1,6280903.960695674,1842153.6185394921
Jp6AAHJCTXEgtUd8XRI1M2/f1aO9TkHrQ2JPzQ==,City Center,2024-07-25,28,1,6280968.872568526,1841935.338999647
Jp6AAHJCTXEgtUd8XRI1M2/f1aO9TkHrQ2JPzQ==,City Center,2024-07-25,1,1,6281079.647181318,1842022.4479405077
Jp6AAHJCTXEgtUd8XRI1M2/f1aO9TkHrQ2JPzQ==,City Center,2024-07-25,1,2,6281058.416377046,1842126.7374125924
Jp6AAHJCTXEgtUd8XRI1M2/f1aO9TkHrQ2JPzQ==,City Center,2024-07-25,5,2,6281061.613686561,1841874.4313493962
Jp6AAHJCTXEgtUd8XRI1M2/f1aO9TkHrQ2JPzQ==,City Center,2024-07-25,4,1,6281230.349828534,1841954.6128302165
Jp6AAHJCTXEgtUd8XRI1M2/f1aO9TkHrQ2JPzQ==,City Center,2024-07-25,1,1,6281366.108279753,1841978.386282384
Jp6AAHJCTXEgtUd8XRI1M2/f1aO9TkHrQ2JPzQ==,City Center,2024-07-25,1,3,6281236.731669394,1842449.627950091
Jp6AAHJCTXEgtUd8XRI1M2/f1aO9TkHrQ2JPzQ==,City Center,2024-07-25,3,1,6281222.776398136,1842367.7890427466
Jp6AAHJCTXEgtUd8XRI1M2/f1aO9TkHrQ2JPzQ==,City Center,2024-07-25,2,1,6281363.439402921,1842271.6808586908
Jp6AAHJCTXEgtUd8XRI1M2/f1aO9TkHrQ2JPzQ==,City Center,2024-07-25,1,1,6282170.497398633,1842083.295033982
Jp6AAHJCTXEgtUd8XRI1M2/f1aO9TkHrQ2JPzQ==,City Center,2024-07-25,1,2,6282197.892865175,1841956.8657646298
Jp6AAHJCTXEgtUd8XRI1M2/f1aO9TkHrQ2JPzQ==,City Center,2024-07-25,4,1,6283019.39391616,1841888.154397829
Jp6AAHJCTXEgtUd8XRI1M2/f1aO9TkHrQ2JPzQ==,City Center,2024-07-25,1,1,6283177.941756281,1842428.8410591031
Jp6AAHJCTXEgtUd8XRI1M2/f1aO9TkHrQ2JPzQ==,City Center,2024-07-25,1,1,6283612.978414492,1842402.108809176
Jp6AAHJCTXEgtUd8XRI1M2/f1aO9TkHrQ2JPzQ==,City Center,2024-07-25,3,1,6283244.912775947,1841869.9725047466
Jp6AAHJCTXEgtUd8XRI1M2/f1aO9TkHrQ2JPzQ==,City Center,2024-07-25,3,1,6283590.75810694,1841929.3370757266
Jp6AAHJCTXEgtUd8XRI1M2/f1aO9TkHrQ2JPzQ==,City Center,2024-07-25,1,2,6283588.752965504,1842023.9604818549
Jp6AAHJCTXEgtUd8XRI1M2/f1aO9TkHrQ2JPzQ==,City Center,2024-07-25,17,1,6283581.260253902,1841692.9339441422
Jp6AAHJCTXEgtUd8XRI1M2/f1aO9TkHrQ2JPzQ==,City Center,2024-07-25,14,1,6283523.799865443,1841488.5783838164
Jp6AAHJCTXEgtUd8XRI1M2/f1aO9TkHrQ2JPzQ==,City Center,2024-07-25,1,1,6283463.711248822,1841580.6703623442
Jp6AAHJCTXEgtUd8XRI1M2/f1aO9TkHrQ2JPzQ==,City Center,2024-07-25,7,1,6283328.318635614,1841585.2735730996
Jp6AAHJCTXEgtUd8XRI1M2/f1aO9TkHrQ2JPzQ==,City Center,2024-07-25,5,1,6283190.595691626,1841659.2764896078
Jp6AAHJCTXEgtUd8XRI1M2/f1aO9TkHrQ2JPzQ==,City Center,2024-07-25,7,1,6283195.175055849,1841514.1711530085
Jp6AAHJCTXEgtUd8XRI1M2/f1aO9TkHrQ2JPzQ==,City Center,2024-07-25,6,2,6283301.302363791,1841490.9609344446
Jp6AAHJCTXEgtUd8XRI1M2/f1aO9TkHrQ2JPzQ==,City Center,2024-07-25,1,1,6283247.635658156,1841330.712320057
Jp6AAHJCTXEgtUd8XRI1M2/f1aO9TkHrQ2JPzQ==,City Center,2024-07-25,1,1,6283458.264327323,1841158.1733810504
Jp6AAHJCTXEgtUd8XRI1M2/f1aO9TkHrQ2JPzQ==,City Center,2024-07-25,1,1,6283609.698650561,1841147.0915966046
Jp6AAHJCTXEgtUd8XRI1M2/f1aO9TkHrQ2JPzQ==,City Center,2024-07-25,1,2,6283472.463490589,1841258.9300636763
Jp6AAHJCTXEgtUd8XRI1M2/f1aO9TkHrQ2JPzQ==,City Center,2024-07-25,4,1,6283034.432766202,1841553.7331895346
Jp6AAHJCTXEgtUd8XRI1M2/f1aO9TkHrQ2JPzQ==,City Center,2024-07-25,5,1,6282946.392958395,1841478.9943908271
Jp6AAHJCTXEgtUd8XRI1M2/f1aO9TkHrQ2JPzQ==,City Center,2024-07-25,1,2,6282912.385694234,1841592.8808694298
Jp6AAHJCTXEgtUd8XRI1M2/f1aO9TkHrQ2JPzQ==,City Center,2024-07-25,3,1,6282903.76875518,1841674.9614848087
Jp6AAHJCTXEgtUd8XRI1M2/f1aO9TkHrQ2JPzQ==,City Center,2024-07-25,3,1,6282761.4391550105,1841641.798204439
Jp6AAHJCTXEgtUd8XRI1M2/f1aO9TkHrQ2JPzQ==,City Center,2024-07-25,6,1,6282629.515035283,1841665.284660757
Jp6AAHJCTXEgtUd8XRI1M2/f1aO9TkHrQ2JPzQ==,City Center,2024-07-25,1,2,6282753.648546023,1841537.8194998275
Jp6AAHJCTXEgtUd8XRI1M2/f1aO9TkHrQ2JPzQ==,City Center,2024-07-25,1,1,6282104.5147251645,1841718.2074431991
Jp6AAHJCTXEgtUd8XRI1M2/f1aO9TkHrQ2JPzQ==,City Center,2024-07-25,1,1,6282054.601053686,1841598.912812203
Jp6AAHJCTXEgtUd8XRI1M2/f1aO9TkHrQ2JPzQ==,City Center,2024-07-25,1,1,6282093.363633451,1841103.4142762593
Jp6AAHJCTXEgtUd8XRI1M2/f1aO9TkHrQ2JPzQ==,City Center,2024-07-25,2,1,6282073.636829891,1841324.363362582
Jp6AAHJCTXEgtUd8XRI1M2/f1aO9TkHrQ2JPzQ==,City Center,2024-07-25,2,1,6281916.878109699,1841672.915728711
Jp6AAHJCTXEgtUd8XRI1M2/f1aO9TkHrQ2JPzQ==,City Center,2024-07-25,1,1,6281784.669449296,1841674.3314472002
Jp6AAHJCTXEgtUd8XRI1M2/f1aO9TkHrQ2JPzQ==,City Center,2024-07-25,14,1,6281802.553706091,1841560.6176171938
Jp6AAHJCTXEgtUd8XRI1M2/f1aO9TkHrQ2JPzQ==,City Center,2024-07-25,1,1,6281515.401580302,1841551.078912019
Jp6AAHJCTXEgtUd8XRI1M2/f1aO9TkHrQ2JPzQ==,City Center,2024-07-25,2,1,6281348.535277052,1841615.9337083593
Jp6AAHJCTXEgtUd8XRI1M2/f1aO9TkHrQ2JPzQ==,City Center,2024-07-25,7,1,6281030.478542571,1841710.7880644272
Jp6AAHJCTXEgtUd8XRI1M2/f1aO9TkHrQ2JPzQ==,City Center,2024-07-25,2,1,6281063.076460064,1841237.4293257506
Jp6AAHJCTXEgtUd8XRI1M2/f1aO9TkHrQ2JPzQ==,City Center,2024-07-25,1,1,6280662.426839275,1841680.041864405
Jp6AAHJCTXEgtUd8XRI1M2/f1aO9TkHrQ2JPzQ==,City Center,2024-07-25,1,1,6280376.91343837,1840796.9944148425
psYjFQsVnGVzsqHjPqRG9dk0k+ANAyfSc6+58w==,City Center,2024-08-29,4,1,6280120.961223385,1842363.5145343584
psYjFQsVnGVzsqHjPqRG9dk0k+ANAyfSc6+58w==,City Center,2024-08-29,1,1,6280754.826952575,1842481.722972296
psYjFQsVnGVzsqHjPqRG9dk0k+ANAyfSc6+58w==,City Center,2024-08-29,3,1,6280679.562097452,1842409.8836007877
psYjFQsVnGVzsqHjPqRG9dk0k+ANAyfSc6+58w==,City Center,2024-08-29,4,1,6280680.519133208,1842145.5488336126
psYjFQsVnGVzsqHjPqRG9dk0k+ANAyfSc6+58w==,City Center,2024-08-29,9,1,6281077.107881779,1842221.3928223264
psYjFQsVnGVzsqHjPqRG9dk0k+ANAyfSc6+58w==,City Center,2024-08-29,1,2,6280686.001566505,1842029.079611879
psYjFQsVnGVzsqHjPqRG9dk0k+ANAyfSc6+58w==,City Center,2024-08-29,4,2,6281062.792568626,1842067.303491351
psYjFQsVnGVzsqHjPqRG9dk0k+ANAyfSc6+58w==,City Center,2024-08-29,9,1,6280821.01742987,1841880.220063957
psYjFQsVnGVzsqHjPqRG9dk0k+ANAyfSc6+58w==,City Center,2024-08-29,31,1,6281035.251518437,1841884.9875202754
psYjFQsVnGVzsqHjPqRG9dk0k+ANAyfSc6+58w==,City Center,2024-08-29,1,1,6280803.102858876,1841685.2484747837
psYjFQsVnGVzsqHjPqRG9dk0k+ANAyfSc6+58w==,City Center,2024-08-29,10,1,6281017.609341472,1841721.481603821
psYjFQsVnGVzsqHjPqRG9dk0k+ANAyfSc6+58w==,City Center,2024-08-29,6,1,6281240.318541003,1842330.366860005
psYjFQsVnGVzsqHjPqRG9dk0k+ANAyfSc6+58w==,City Center,2024-08-29,2,1,6281370.069886295,1842323.1490719912
psYjFQsVnGVzsqHjPqRG9dk0k+ANAyfSc6+58w==,City Center,2024-08-29,1,1,6281307.703895372,1842241.7775333205
psYjFQsVnGVzsqHjPqRG9dk0k+ANAyfSc6+58w==,City Center,2024-08-29,1,1,6282086.64779757,1842248.8158815883
psYjFQsVnGVzsqHjPqRG9dk0k+ANAyfSc6+58w==,City Center,2024-08-29,1,1,6281503.015555037,1841935.1504114056
psYjFQsVnGVzsqHjPqRG9dk0k+ANAyfSc6+58w==,City Center,2024-08-29,8,1,6281924.802765146,1841922.7055858127
psYjFQsVnGVzsqHjPqRG9dk0k+ANAyfSc6+58w==,City Center,2024-08-29,5,1,6281575.774385092,1841717.5055939003
psYjFQsVnGVzsqHjPqRG9dk0k+ANAyfSc6+58w==,City Center,2024-08-29,1,1,6281499.719587283,1841554.4157715074
psYjFQsVnGVzsqHjPqRG9dk0k+ANAyfSc6+58w==,City Center,2024-08-29,1,1,6281655.75897023,1841584.7718600624
psYjFQsVnGVzsqHjPqRG9dk0k+ANAyfSc6+58w==,City Center,2024-08-29,13,1,6281802.117395175,1841621.4904321712
psYjFQsVnGVzsqHjPqRG9dk0k+ANAyfSc6+58w==,City Center,2024-08-29,4,1,6282071.083128536,1841575.5198344146
psYjFQsVnGVzsqHjPqRG9dk0k+ANAyfSc6+58w==,City Center,2024-08-29,1,1,6282387.0607857015,1841711.726509713
psYjFQsVnGVzsqHjPqRG9dk0k+ANAyfSc6+58w==,City Center,2024-08-29,1,1,6282446.753658483,1841859.1990774304
psYjFQsVnGVzsqHjPqRG9dk0k+ANAyfSc6+58w==,City Center,2024-08-29,3,1,6282626.084744762,1841581.0066426464
psYjFQsVnGVzsqHjPqRG9dk0k+ANAyfSc6+58w==,City Center,2024-08-29,7,1,6282622.516382978,1841168.8063300292
psYjFQsVnGVzsqHjPqRG9dk0k+ANAyfSc6+58w==,City Center,2024-08-29,8,1,6282908.742941664,1841242.2897069205
psYjFQsVnGVzsqHjPqRG9dk0k+ANAyfSc6+58w==,City Center,2024-08-29,1,1,6282907.81314531,1841509.7710413677
psYjFQsVnGVzsqHjPqRG9dk0k+ANAyfSc6+58w==,City Center,2024-08-29,1,2,6283261.2652786,1841101.321066252
psYjFQsVnGVzsqHjPqRG9dk0k+ANAyfSc6+58w==,City Center,2024-08-29,1,2,6283318.312272644,1841318.0412302874
psYjFQsVnGVzsqHjPqRG9dk0k+ANAyfSc6+58w==,City Center,2024-08-29,2,1,6283615.5036979215,1841158.5861637122
psYjFQsVnGVzsqHjPqRG9dk0k+ANAyfSc6+58w==,City Center,2024-08-29,4,1,6283209.312052905,1841473.0089820593
psYjFQsVnGVzsqHjPqRG9dk0k+ANAyfSc6+58w==,City Center,2024-08-29,6,1,6283504.702020935,1841480.345097231
psYjFQsVnGVzsqHjPqRG9dk0k+ANAyfSc6+58w==,City Center,2024-08-29,2,1,6283319.946636819,1841506.8352666006
psYjFQsVnGVzsqHjPqRG9dk0k+ANAyfSc6+58w==,City Center,2024-08-29,2,2,6283317.600391514,1841610.6951029096
psYjFQsVnGVzsqHjPqRG9dk0k+ANAyfSc6+58w==,City Center,2024-08-29,2,1,6283318.254137184,1841686.212717435
psYjFQsVnGVzsqHjPqRG9dk0k+ANAyfSc6+58w==,City Center,2024-08-29,27,1,6283600.609043999,1841687.3481634099
psYjFQsVnGVzsqHjPqRG9dk0k+ANAyfSc6+58w==,City Center,2024-08-29,3,1,6283472.682738704,1841905.38595864
psYjFQsVnGVzsqHjPqRG9dk0k+ANAyfSc6+58w==,City Center,2024-08-29,1,1,6283618.904966634,1841926.3716943895
psYjFQsVnGVzsqHjPqRG9dk0k+ANAyfSc6+58w==,City Center,2024-08-29,1,2,6283566.352474073,1842228.8351302154
psYjFQsVnGVzsqHjPqRG9dk0k+ANAyfSc6+58w==,City Center,2024-08-29,1,1,6283324.056130007,1842356.431546347
psYjFQsVnGVzsqHjPqRG9dk0k+ANAyfSc6+58w==,City Center,2024-08-29,2,2,6283476.714170337,1842371.0779148792
psYjFQsVnGVzsqHjPqRG9dk0k+ANAyfSc6+58w==,City Center,2024-08-29,1,3,6283539.325315885,1842480.7685589972
psYjFQsVnGVzsqHjPqRG9dk0k+ANAyfSc6+58w==,City Center,2024-08-29,1,3,6283618.162189446,1842590.3436214312
H0zwvUI/+gNz/4zNwXl1jr+RTHA+I5maJrLhoA==,City Center,2024-09-27,4,1,6280153.392033399,1842092.9062043189
H0zwvUI/+gNz/4zNwXl1jr+RTHA+I5maJrLhoA==,City Center,2024-09-27,1,2,6280236.354686545,1842098.9690031772
H0zwvUI/+gNz/4zNwXl1jr+RTHA+I5maJrLhoA==,City Center,2024-09-27,1,2,6280238.163019444,1841868.836834106
H0zwvUI/+gNz/4zNwXl1jr+RTHA+I5maJrLhoA==,City Center,2024-09-27,2,2,6280691.585766601,1842223.0725170604
H0zwvUI/+gNz/4zNwXl1jr+RTHA+I5maJrLhoA==,City Center,2024-09-27,12,1,6280881.259870608,1842316.1072516972
H0zwvUI/+gNz/4zNwXl1jr+RTHA+I5maJrLhoA==,City Center,2024-09-27,3,2,6280959.545966522,1842114.7588608977
H0zwvUI/+gNz/4zNwXl1jr+RTHA+I5maJrLhoA==,City Center,2024-09-27,36,1,6280901.566799124,1841871.9643581419
H0zwvUI/+gNz/4zNwXl1jr+RTHA+I5maJrLhoA==,City Center,2024-09-27,1,1,6280673.811952469,1842041.6569147306
H0zwvUI/+gNz/4zNwXl1jr+RTHA+I5maJrLhoA==,City Center,2024-09-27,1,1,6280709.869487282,1842482.2736053865
H0zwvUI/+gNz/4zNwXl1jr+RTHA+I5maJrLhoA==,City Center,2024-09-27,1,1,6280247.414731126,1841256.2090398888
H0zwvUI/+gNz/4zNwXl1jr+RTHA+I5maJrLhoA==,City Center,2024-09-27,1,1,6280495.939092885,1841724.9218158585
H0zwvUI/+gNz/4zNwXl1jr+RTHA+I5maJrLhoA==,City Center,2024-09-27,1,1,6280661.56695369,1841691.672546744
H0zwvUI/+gNz/4zNwXl1jr+RTHA+I5maJrLhoA==,City Center,2024-09-27,3,1,6281086.118177669,1841689.5256028739
H0zwvUI/+gNz/4zNwXl1jr+RTHA+I5maJrLhoA==,City Center,2024-09-27,3,1,6282171.093898715,1842248.0023786782
H0zwvUI/+gNz/4zNwXl1jr+RTHA+I5maJrLhoA==,City Center,2024-09-27,6,1,6281860.145105621,1841870.3580233518
H0zwvUI/+gNz/4zNwXl1jr+RTHA+I5maJrLhoA==,City Center,2024-09-27,1,1,6282203.608161545,1841136.1168653262
H0zwvUI/+gNz/4zNwXl1jr+RTHA+I5maJrLhoA==,City Center,2024-09-27,1,1,6282200.3526795525,1841651.47925605
H0zwvUI/+gNz/4zNwXl1jr+RTHA+I5maJrLhoA==,City Center,2024-09-27,1,1,6282411.544740127,1841485.1116263727
H0zwvUI/+gNz/4zNwXl1jr+RTHA+I5maJrLhoA==,City Center,2024-09-27,1,1,6282492.189153826,1841643.5211083062
H0zwvUI/+gNz/4zNwXl1jr+RTHA+I5maJrLhoA==,City Center,2024-09-27,1,1,6282618.3552750815,1841662.3301058437
H0zwvUI/+gNz/4zNwXl1jr+RTHA+I5maJrLhoA==,City Center,2024-09-27,3,1,6282483.789700264,1841880.1689472087
H0zwvUI/+gNz/4zNwXl1jr+RTHA+I5maJrLhoA==,City Center,2024-09-27,3,1,6282643.72119074,1841483.9375164437
H0zwvUI/+gNz/4zNwXl1jr+RTHA+I5maJrLhoA==,City Center,2024-09-27,1,2,6282766.804212727,1841538.414968062
H0zwvUI/+gNz/4zNwXl1jr+RTHA+I5maJrLhoA==,City Center,2024-09-27,6,1,6282920.4396141535,1841699.6965059342
H0zwvUI/+gNz/4zNwXl1jr+RTHA+I5maJrLhoA==,City Center,2024-09-27,1,1,6283051.218554324,1841916.1935073803
H0zwvUI/+gNz/4zNwXl1jr+RTHA+I5maJrLhoA==,City Center,2024-09-27,1,2,6282916.591655062,1841618.6867310205
H0zwvUI/+gNz/4zNwXl1jr+RTHA+I5maJrLhoA==,City Center,2024-09-27,3,1,6283048.690267689,1841530.5071393151
H0zwvUI/+gNz/4zNwXl1jr+RTHA+I5maJrLhoA==,City Center,2024-09-27,2,1,6283194.587258719,1841523.287003527
H0zwvUI/+gNz/4zNwXl1jr+RTHA+I5maJrLhoA==,City Center,2024-09-27,7,1,6283189.868209274,1841309.393690036
H0zwvUI/+gNz/4zNwXl1jr+RTHA+I5maJrLhoA==,City Center,2024-09-27,2,1,6283331.234951941,1841623.0722299803
H0zwvUI/+gNz/4zNwXl1jr+RTHA+I5maJrLhoA==,City Center,2024-09-27,2,1,6283476.961974123,1841589.92359886
H0zwvUI/+gNz/4zNwXl1jr+RTHA+I5maJrLhoA==,City Center,2024-09-27,3,1,6283567.046900584,1841670.4972758002
H0zwvUI/+gNz/4zNwXl1jr+RTHA+I5maJrLhoA==,City Center,2024-09-27,1,1,6283469.093673215,1841907.597985675
H0zwvUI/+gNz/4zNwXl1jr+RTHA+I5maJrLhoA==,City Center,2024-09-27,1,1,6283606.187534668,1842075.4455123756
H0zwvUI/+gNz/4zNwXl1jr+RTHA+I5maJrLhoA==,City Center,2024-09-27,2,1,6283604.806537766,1841864.7764878022
H0zwvUI/+gNz/4zNwXl1jr+RTHA+I5maJrLhoA==,City Center,2024-09-27,2,1,6283481.508640843,1842283.5108489937
H0zwvUI/+gNz/4zNwXl1jr+RTHA+I5maJrLhoA==,City Center,2024-09-27,2,1,6283617.391474243,1842266.6178464529
H0zwvUI/+gNz/4zNwXl1jr+RTHA+I5maJrLhoA==,City Center,2024-09-27,1,1,6283612.096366058,1842470.838293191
H0zwvUI/+gNz/4zNwXl1jr+RTHA+I5maJrLhoA==,City Center,2024-09-27,1,2,6283532.450519349,1842464.7587213337
H0zwvUI/+gNz/4zNwXl1jr+RTHA+I5maJrLhoA==,City Center,2024-09-27,1,2,6283480.486413874,1842633.5623089762
j6KRIr0TS4wWgkyUX2rPVo7zzZsmbukp4ro1dg==,City Center,2024-10-25,4,1,6280110.993290903,1841963.9453054233
j6KRIr0TS4wWgkyUX2rPVo7zzZsmbukp4ro1dg==,City Center,2024-10-25,3,1,6280683.552078158,1842315.4512898591
j6KRIr0TS4wWgkyUX2rPVo7zzZsmbukp4ro1dg==,City Center,2024-10-25,4,1,6280732.547543054,1841877.7025090042
j6KRIr0TS4wWgkyUX2rPVo7zzZsmbukp4ro1dg==,City Center,2024-10-25,19,1,6280828.105027611,1842122.4692797316
j6KRIr0TS4wWgkyUX2rPVo7zzZsmbukp4ro1dg==,City Center,2024-10-25,33,1,6280917.229450059,1841876.3871168452
j6KRIr0TS4wWgkyUX2rPVo7zzZsmbukp4ro1dg==,City Center,2024-10-25,4,2,6281076.72794218,1841988.5344974378
j6KRIr0TS4wWgkyUX2rPVo7zzZsmbukp4ro1dg==,City Center,2024-10-25,2,1,6281292.289473412,1842251.3271098328
j6KRIr0TS4wWgkyUX2rPVo7zzZsmbukp4ro1dg==,City Center,2024-10-25,2,1,6281551.758235631,1842290.3869462882
j6KRIr0TS4wWgkyUX2rPVo7zzZsmbukp4ro1dg==,City Center,2024-10-25,1,1,6281792.605522407,1842455.4498631964
j6KRIr0TS4wWgkyUX2rPVo7zzZsmbukp4ro1dg==,City Center,2024-10-25,1,1,6282494.505630729,1842267.9384458952
j6KRIr0TS4wWgkyUX2rPVo7zzZsmbukp4ro1dg==,City Center,2024-10-25,1,1,6282359.84259524,1841988.8358298498
j6KRIr0TS4wWgkyUX2rPVo7zzZsmbukp4ro1dg==,City Center,2024-10-25,2,1,6282188.489248443,1842046.6979919414
j6KRIr0TS4wWgkyUX2rPVo7zzZsmbukp4ro1dg==,City Center,2024-10-25,2,1,6282200.548784443,1841908.1546037872
j6KRIr0TS4wWgkyUX2rPVo7zzZsmbukp4ro1dg==,City Center,2024-10-25,1,2,6282913.4789536055,1841921.9573443125
j6KRIr0TS4wWgkyUX2rPVo7zzZsmbukp4ro1dg==,City Center,2024-10-25,1,1,6283049.621763164,1841930.4279543438
j6KRIr0TS4wWgkyUX2rPVo7zzZsmbukp4ro1dg==,City Center,2024-10-25,1,2,6283192.654002283,1842001.7847193244
j6KRIr0TS4wWgkyUX2rPVo7zzZsmbukp4ro1dg==,City Center,2024-10-25,2,1,6283191.978553914,1841897.9464093752
j6KRIr0TS4wWgkyUX2rPVo7zzZsmbukp4ro1dg==,City Center,2024-10-25,8,1,6283484.072800151,1841971.3882452594
j6KRIr0TS4wWgkyUX2rPVo7zzZsmbukp4ro1dg==,City Center,2024-10-25,1,1,6283613.32618015,1841916.9727003414
j6KRIr0TS4wWgkyUX2rPVo7zzZsmbukp4ro1dg==,City Center,2024-10-25,1,1,6283320.918843389,1842293.5199512928
j6KRIr0TS4wWgkyUX2rPVo7zzZsmbukp4ro1dg==,City Center,2024-10-25,3,1,6283479.7214190075,1842298.6824064832
j6KRIr0TS4wWgkyUX2rPVo7zzZsmbukp4ro1dg==,City Center,2024-10-25,5,2,6283486.938338687,1842411.9144086805
j6KRIr0TS4wWgkyUX2rPVo7zzZsmbukp4ro1dg==,City Center,2024-10-25,1,2,6283308.552285403,1842384.8641076516
j6KRIr0TS4wWgkyUX2rPVo7zzZsmbukp4ro1dg==,City Center,2024-10-25,24,1,6283560.155216244,1841712.8119287826
j6KRIr0TS4wWgkyUX2rPVo7zzZsmbukp4ro1dg==,City Center,2024-10-25,9,1,6283529.828231592,1841533.6625414598
j6KRIr0TS4wWgkyUX2rPVo7zzZsmbukp4ro1dg==,City Center,2024-10-25,7,1,6283229.630867445,1841708.8725575295
j6KRIr0TS4wWgkyUX2rPVo7zzZsmbukp4ro1dg==,City Center,2024-10-25,8,1,6283035.167455675,1841700.817334496
j6KRIr0TS4wWgkyUX2rPVo7zzZsmbukp4ro1dg==,City Center,2024-10-25,1,1,6283301.715929183,1841333.8945463467
j6KRIr0TS4wWgkyUX2rPVo7zzZsmbukp4ro1dg==,City Center,2024-10-25,2,1,6283290.481187018,1841101.1142339904
j6KRIr0TS4wWgkyUX2rPVo7zzZsmbukp4ro1dg==,City Center,2024-10-25,1,1,6282903.048537142,1841314.7067159927
j6KRIr0TS4wWgkyUX2rPVo7zzZsmbukp4ro1dg==,City Center,2024-10-25,1,1,6282759.320381521,1841136.3650256097
j6KRIr0TS4wWgkyUX2rPVo7zzZsmbukp4ro1dg==,City Center,2024-10-25,3,1,6282478.563218112,1841311.436579347
j6KRIr0TS4wWgkyUX2rPVo7zzZsmbukp4ro1dg==,City Center,2024-10-25,3,1,6282486.8035444105,1841581.9993541948
j6KRIr0TS4wWgkyUX2rPVo7zzZsmbukp4ro1dg==,City Center,2024-10-25,4,2,6282452.043306084,1841717.5576662838
j6KRIr0TS4wWgkyUX2rPVo7zzZsmbukp4ro1dg==,City Center,2024-10-25,1,1,6282195.79410919,1841675.32813732
j6KRIr0TS4wWgkyUX2rPVo7zzZsmbukp4ro1dg==,City Center,2024-10-25,1,1,6282337.536855968,1841548.448128761
j6KRIr0TS4wWgkyUX2rPVo7zzZsmbukp4ro1dg==,City Center,2024-10-25,2,1,6282074.991805352,1841534.5842929853
j6KRIr0TS4wWgkyUX2rPVo7zzZsmbukp4ro1dg==,City Center,2024-10-25,11,1,6281907.738153572,1841724.5812270476
j6KRIr0TS4wWgkyUX2rPVo7zzZsmbukp4ro1dg==,City Center,2024-10-25,12,1,6281574.035175714,1841730.1047792092
j6KRIr0TS4wWgkyUX2rPVo7zzZsmbukp4ro1dg==,City Center,2024-10-25,1,1,6281780.27156963,1841555.5639977467
j6KRIr0TS4wWgkyUX2rPVo7zzZsmbukp4ro1dg==,City Center,2024-10-25,2,1,6281517.726519015,1841541.7001619707
j6KRIr0TS4wWgkyUX2rPVo7zzZsmbukp4ro1dg==,City Center,2024-10-25,2,1,6281329.497556568,1841495.8393993902
j6KRIr0TS4wWgkyUX2rPVo7zzZsmbukp4ro1dg==,City Center,2024-10-25,14,1,6281023.168083759,1841724.5880322717
j6KRIr0TS4wWgkyUX2rPVo7zzZsmbukp4ro1dg==,City Center,2024-10-25,1,1,6280659.465611367,1841601.3080443586
j6KRIr0TS4wWgkyUX2rPVo7zzZsmbukp4ro1dg==,City Center,2024-10-25,1,1,6280529.843804986,1841599.0845111227
j6KRIr0TS4wWgkyUX2rPVo7zzZsmbukp4ro1dg==,City Center,2024-10-25,1,2,6280533.718350546,1841696.6065131105
+TTd+qNo2gK8kgdSOclJp9vhWQsnmcj+iOfLtA==,City Center,2024-11-21,1,1,6280541.339636388,1842364.7205404444
+TTd+qNo2gK8kgdSOclJp9vhWQsnmcj+iOfLtA==,City Center,2024-11-21,1,1,6280386.301151775,1841883.4532808785
+TTd+qNo2gK8kgdSOclJp9vhWQsnmcj+iOfLtA==,City Center,2024-11-21,4,1,6280674.474997868,1842152.433718116
+TTd+qNo2gK8kgdSOclJp9vhWQsnmcj+iOfLtA==,City Center,2024-11-21,3,1,6280869.301495722,1842207.7043209348
+TTd+qNo2gK8kgdSOclJp9vhWQsnmcj+iOfLtA==,City Center,2024-11-21,9,1,6280965.182633884,1841866.4176651817
+TTd+qNo2gK8kgdSOclJp9vhWQsnmcj+iOfLtA==,City Center,2024-11-21,1,1,6281087.888410536,1842098.822884071
+TTd+qNo2gK8kgdSOclJp9vhWQsnmcj+iOfLtA==,City Center,2024-11-21,2,1,6281239.056257376,1842280.5581937798
+TTd+qNo2gK8kgdSOclJp9vhWQsnmcj+iOfLtA==,City Center,2024-11-21,1,1,6281381.594925314,1842295.2356324557
+TTd+qNo2gK8kgdSOclJp9vhWQsnmcj+iOfLtA==,City Center,2024-11-21,1,1,6281291.849154305,1842109.8777954215
+TTd+qNo2gK8kgdSOclJp9vhWQsnmcj+iOfLtA==,City Center,2024-11-21,1,1,6281221.87938668,1841952.7483875006
+TTd+qNo2gK8kgdSOclJp9vhWQsnmcj+iOfLtA==,City Center,2024-11-21,1,1,6281579.892314867,1841868.0280066468
+TTd+qNo2gK8kgdSOclJp9vhWQsnmcj+iOfLtA==,City Center,2024-11-21,3,1,6281018.301479257,1841720.9610099695
+TTd+qNo2gK8kgdSOclJp9vhWQsnmcj+iOfLtA==,City Center,2024-11-21,1,1,6280727.789106154,1841521.3705800374
+TTd+qNo2gK8kgdSOclJp9vhWQsnmcj+iOfLtA==,City Center,2024-11-21,1,1,6281089.623473695,1841231.6578588146
+TTd+qNo2gK8kgdSOclJp9vhWQsnmcj+iOfLtA==,City Center,2024-11-21,1,1,6281299.7772379005,1841721.9638899367
+TTd+qNo2gK8kgdSOclJp9vhWQsnmcj+iOfLtA==,City Center,2024-11-21,5,1,6281637.362265815,1841558.567593678
+TTd+qNo2gK8kgdSOclJp9vhWQsnmcj+iOfLtA==,City Center,2024-11-21,10,1,6281799.758424249,1841607.7793972534
+TTd+qNo2gK8kgdSOclJp9vhWQsnmcj+iOfLtA==,City Center,2024-11-21,12,1,6281856.299728283,1841727.1720450728
+TTd+qNo2gK8kgdSOclJp9vhWQsnmcj+iOfLtA==,City Center,2024-11-21,1,1,6281352.04815809,1840759.814409414
+TTd+qNo2gK8kgdSOclJp9vhWQsnmcj+iOfLtA==,City Center,2024-11-21,1,1,6281087.960677401,1840351.9056756394
+TTd+qNo2gK8kgdSOclJp9vhWQsnmcj+iOfLtA==,City Center,2024-11-21,1,2,6281224.437010432,1840398.1622205563
+TTd+qNo2gK8kgdSOclJp9vhWQsnmcj+iOfLtA==,City Center,2024-11-21,2,1,6282142.762345045,1841863.7278307946
+TTd+qNo2gK8kgdSOclJp9vhWQsnmcj+iOfLtA==,City Center,2024-11-21,2,1,6282200.88419288,1841604.7149041174
+TTd+qNo2gK8kgdSOclJp9vhWQsnmcj+iOfLtA==,City Center,2024-11-21,1,1,6282131.281117256,1841475.9622072356
+TTd+qNo2gK8kgdSOclJp9vhWQsnmcj+iOfLtA==,City Center,2024-11-21,1,1,6282199.107620784,1841216.8751395952
+TTd+qNo2gK8kgdSOclJp9vhWQsnmcj+iOfLtA==,City Center,2024-11-21,1,1,6282420.766446607,1841095.357117504
+TTd+qNo2gK8kgdSOclJp9vhWQsnmcj+iOfLtA==,City Center,2024-11-21,3,1,6282613.17293034,1841213.711791842
+TTd+qNo2gK8kgdSOclJp9vhWQsnmcj+iOfLtA==,City Center,2024-11-21,1,1,6282898.535471103,1841265.1374444466
+TTd+qNo2gK8kgdSOclJp9vhWQsnmcj+iOfLtA==,City Center,2024-11-21,1,1,6282954.481766151,1841088.1263966477
+TTd+qNo2gK8kgdSOclJp9vhWQsnmcj+iOfLtA==,City Center,2024-11-21,2,1,6283186.155051765,1841240.867153959
+TTd+qNo2gK8kgdSOclJp9vhWQsnmcj+iOfLtA==,City Center,2024-11-21,1,1,6283331.521169378,1841223.9902000485
+TTd+qNo2gK8kgdSOclJp9vhWQsnmcj+iOfLtA==,City Center,2024-11-21,1,1,6283454.1616032645,1841200.9803059315
+TTd+qNo2gK8kgdSOclJp9vhWQsnmcj+iOfLtA==,City Center,2024-11-21,2,1,6282684.348860283,1841714.5394137797
+TTd+qNo2gK8kgdSOclJp9vhWQsnmcj+iOfLtA==,City Center,2024-11-21,2,2,6282760.682312049,1841613.0513134925
+TTd+qNo2gK8kgdSOclJp9vhWQsnmcj+iOfLtA==,City Center,2024-11-21,2,1,6282753.316183366,1841543.73544715
+TTd+qNo2gK8kgdSOclJp9vhWQsnmcj+iOfLtA==,City Center,2024-11-21,3,1,6282909.446289116,1841608.7615175003
+TTd+qNo2gK8kgdSOclJp9vhWQsnmcj+iOfLtA==,City Center,2024-11-21,1,2,6282911.7440725695,1841536.2185423018
+TTd+qNo2gK8kgdSOclJp9vhWQsnmcj+iOfLtA==,City Center,2024-11-21,2,1,6283047.161073157,1841500.4979219947
+TTd+qNo2gK8kgdSOclJp9vhWQsnmcj+iOfLtA==,City Center,2024-11-21,7,1,6283184.411533742,1841606.660856883
+TTd+qNo2gK8kgdSOclJp9vhWQsnmcj+iOfLtA==,City Center,2024-11-21,1,2,6283221.518927182,1841473.9396415153
+TTd+qNo2gK8kgdSOclJp9vhWQsnmcj+iOfLtA==,City Center,2024-11-21,2,1,6283286.298118911,1841479.7513042153
+TTd+qNo2gK8kgdSOclJp9vhWQsnmcj+iOfLtA==,City Center,2024-11-21,2,1,6283333.542202808,1841630.74777193
+TTd+qNo2gK8kgdSOclJp9vhWQsnmcj+iOfLtA==,City Center,2024-11-21,7,1,6283468.348050063,1841547.7326332245
+TTd+qNo2gK8kgdSOclJp9vhWQsnmcj+iOfLtA==,City Center,2024-11-21,5,1,6283601.79321564,1841609.7787312618
+TTd+qNo2gK8kgdSOclJp9vhWQsnmcj+iOfLtA==,City Center,2024-11-21,9,1,6283519.030736968,1841714.4692267508
+TTd+qNo2gK8kgdSOclJp9vhWQsnmcj+iOfLtA==,City Center,2024-11-21,2,1,6283265.226776614,1841851.9992248514
+TTd+qNo2gK8kgdSOclJp9vhWQsnmcj+iOfLtA==,City Center,2024-11-21,1,1,6283179.677591821,1841991.3970808203
+TTd+qNo2gK8kgdSOclJp9vhWQsnmcj+iOfLtA==,City Center,2024-11-21,1,1,6283491.709486332,1841853.422236942
+TTd+qNo2gK8kgdSOclJp9vhWQsnmcj+iOfLtA==,City Center,2024-11-21,1,1,6283619.418265447,1841972.2711843664
+TTd+qNo2gK8kgdSOclJp9vhWQsnmcj+iOfLtA==,City Center,2024-11-21,2,1,6283470.695031936,1841979.7139482517
+TTd+qNo2gK8kgdSOclJp9vhWQsnmcj+iOfLtA==,City Center,2024-11-21,2,1,6282703.872712853,1842474.3305350859
+TTd+qNo2gK8kgdSOclJp9vhWQsnmcj+iOfLtA==,City Center,2024-11-21,5,1,6282627.8813538775,1842351.9332012993
+TTd+qNo2gK8kgdSOclJp9vhWQsnmcj+iOfLtA==,City Center,2024-11-21,1,2,6282774.021599046,1842394.96263736
+TTd+qNo2gK8kgdSOclJp9vhWQsnmcj+iOfLtA==,City Center,2024-11-21,1,1,6282697.622804515,1842241.035624641
+TTd+qNo2gK8kgdSOclJp9vhWQsnmcj+iOfLtA==,City Center,2024-11-21,4,1,6283194.067756397,1842353.9142475792
+TTd+qNo2gK8kgdSOclJp9vhWQsnmcj+iOfLtA==,City Center,2024-11-21,1,1,6283333.04559066,1842343.3926567638
+TTd+qNo2gK8kgdSOclJp9vhWQsnmcj+iOfLtA==,City Center,2024-11-21,2,1,6283551.4941304615,1842474.16149344
+TTd+qNo2gK8kgdSOclJp9vhWQsnmcj+iOfLtA==,City Center,2024-11-21,1,1,6283611.474037505,1842609.2942670712
yY4g2mattJ9PE4Rir4ulfELDZ4qcH712dLiqiw==,City Center,2024-12-19,1,1,6280242.881500155,1842472.4700673802
yY4g2mattJ9PE4Rir4ulfELDZ4qcH712dLiqiw==,City Center,2024-12-19,2,2,6280731.835825418,1841995.8318992578
yY4g2mattJ9PE4Rir4ulfELDZ4qcH712dLiqiw==,City Center,2024-12-19,5,1,6281065.38802136,1842007.405243615
yY4g2mattJ9PE4Rir4ulfELDZ4qcH712dLiqiw==,City Center,2024-12-19,37,1,6280841.9304897105,1841875.9225794033
yY4g2mattJ9PE4Rir4ulfELDZ4qcH712dLiqiw==,City Center,2024-12-19,1,1,6281204.667134076,1842375.14658166
yY4g2mattJ9PE4Rir4ulfELDZ4qcH712dLiqiw==,City Center,2024-12-19,1,1,6281373.058871971,1842336.8744695815
yY4g2mattJ9PE4Rir4ulfELDZ4qcH712dLiqiw==,City Center,2024-12-19,1,1,6281645.09131302,1842461.916131271
yY4g2mattJ9PE4Rir4ulfELDZ4qcH712dLiqiw==,City Center,2024-12-19,4,1,6281249.993566512,1842242.8472344633
yY4g2mattJ9PE4Rir4ulfELDZ4qcH712dLiqiw==,City Center,2024-12-19,1,2,6281363.3362019695,1842242.502850072
yY4g2mattJ9PE4Rir4ulfELDZ4qcH712dLiqiw==,City Center,2024-12-19,1,1,6281489.613819871,1842012.4096712475
yY4g2mattJ9PE4Rir4ulfELDZ4qcH712dLiqiw==,City Center,2024-12-19,1,1,6282053.095211514,1842092.5119085936
yY4g2mattJ9PE4Rir4ulfELDZ4qcH712dLiqiw==,City Center,2024-12-19,1,1,6281926.785981269,1841929.267011704
yY4g2mattJ9PE4Rir4ulfELDZ4qcH712dLiqiw==,City Center,2024-12-19,1,1,6282376.913609909,1841871.2586307898
yY4g2mattJ9PE4Rir4ulfELDZ4qcH712dLiqiw==,City Center,2024-12-19,1,1,6282904.797814487,1842259.8461545906
yY4g2mattJ9PE4Rir4ulfELDZ4qcH712dLiqiw==,City Center,2024-12-19,1,1,6282992.232044447,1842240.7002589973
yY4g2mattJ9PE4Rir4ulfELDZ4qcH712dLiqiw==,City Center,2024-12-19,1,1,6283176.806230153,1842085.9508787373
yY4g2mattJ9PE4Rir4ulfELDZ4qcH712dLiqiw==,City Center,2024-12-19,1,1,6283322.523877184,1841978.5201422113
yY4g2mattJ9PE4Rir4ulfELDZ4qcH712dLiqiw==,City Center,2024-12-19,1,1,6283468.248099582,1841952.9037254339
yY4g2mattJ9PE4Rir4ulfELDZ4qcH712dLiqiw==,City Center,2024-12-19,1,1,6283620.452837489,1841974.4681986342
yY4g2mattJ9PE4Rir4ulfELDZ4qcH712dLiqiw==,City Center,2024-12-19,1,1,6283620.431088196,1841703.8516025427
yY4g2mattJ9PE4Rir4ulfELDZ4qcH712dLiqiw==,City Center,2024-12-19,3,1,6283312.835095615,1842305.8069398678
yY4g2mattJ9PE4Rir4ulfELDZ4qcH712dLiqiw==,City Center,2024-12-19,2,1,6283545.991271886,1842232.7242860456
yY4g2mattJ9PE4Rir4ulfELDZ4qcH712dLiqiw==,City Center,2024-12-19,7,1,6283533.027206086,1842100.6020508218
yY4g2mattJ9PE4Rir4ulfELDZ4qcH712dLiqiw==,City Center,2024-12-19,1,3,6283303.102056765,1842082.420431524
yY4g2mattJ9PE4Rir4ulfELDZ4qcH712dLiqiw==,City Center,2024-12-19,2,1,6280236.338518656,1841648.053139791
yY4g2mattJ9PE4Rir4ulfELDZ4qcH712dLiqiw==,City Center,2024-12-19,2,1,6280463.015696811,1841546.6698236256
yY4g2mattJ9PE4Rir4ulfELDZ4qcH712dLiqiw==,City Center,2024-12-19,3,1,6280382.032646103,1841247.9788749334
yY4g2mattJ9PE4Rir4ulfELDZ4qcH712dLiqiw==,City Center,2024-12-19,1,3,6280517.983618748,1840498.6499175036
yY4g2mattJ9PE4Rir4ulfELDZ4qcH712dLiqiw==,City Center,2024-12-19,1,1,6280666.974273922,1840822.3078724067
yY4g2mattJ9PE4Rir4ulfELDZ4qcH712dLiqiw==,City Center,2024-12-19,1,1,6281084.753192459,1841198.6431226218
yY4g2mattJ9PE4Rir4ulfELDZ4qcH712dLiqiw==,City Center,2024-12-19,2,1,6280994.089452942,1841327.9335189692
yY4g2mattJ9PE4Rir4ulfELDZ4qcH712dLiqiw==,City Center,2024-12-19,3,1,6281010.297190629,1841526.126711359
yY4g2mattJ9PE4Rir4ulfELDZ4qcH712dLiqiw==,City Center,2024-12-19,1,1,6281544.6239759,1841489.88943428
yY4g2mattJ9PE4Rir4ulfELDZ4qcH712dLiqiw==,City Center,2024-12-19,1,1,6281839.333542598,1841721.8501756857
yY4g2mattJ9PE4Rir4ulfELDZ4qcH712dLiqiw==,City Center,2024-12-19,1,1,6281774.555194791,1841583.591964115
yY4g2mattJ9PE4Rir4ulfELDZ4qcH712dLiqiw==,City Center,2024-12-19,1,1,6282056.293614524,1841595.3227413367
yY4g2mattJ9PE4Rir4ulfELDZ4qcH712dLiqiw==,City Center,2024-12-19,1,1,6282134.024394788,1841720.9547762685
yY4g2mattJ9PE4Rir4ulfELDZ4qcH712dLiqiw==,City Center,2024-12-19,1,1,6282642.429370929,1841499.1406438844
yY4g2mattJ9PE4Rir4ulfELDZ4qcH712dLiqiw==,City Center,2024-12-19,1,1,6282338.007503077,1841301.823171804
yY4g2mattJ9PE4Rir4ulfELDZ4qcH712dLiqiw==,City Center,2024-12-19,1,1,6282703.944320746,1841325.8849390435
yY4g2mattJ9PE4Rir4ulfELDZ4qcH712dLiqiw==,City Center,2024-12-19,1,3,6282179.312639512,1841113.503033609
yY4g2mattJ9PE4Rir4ulfELDZ4qcH712dLiqiw==,City Center,2024-12-19,2,2,6282428.667196215,1841122.185501765
yY4g2mattJ9PE4Rir4ulfELDZ4qcH712dLiqiw==,City Center,2024-12-19,1,2,6282746.030368978,1841168.4217945551
yY4g2mattJ9PE4Rir4ulfELDZ4qcH712dLiqiw==,City Center,2024-12-19,2,1,6282979.218916289,1841498.1173302648
yY4g2mattJ9PE4Rir4ulfELDZ4qcH712dLiqiw==,City Center,2024-12-19,3,1,6283296.581583254,1841538.0602138434
yY4g2mattJ9PE4Rir4ulfELDZ4qcH712dLiqiw==,City Center,2024-12-19,20,1,6283497.362495053,1841568.9172075503
yY4g2mattJ9PE4Rir4ulfELDZ4qcH712dLiqiw==,City Center,2024-12-19,2,2,6283306.268341633,1841185.5997793411
yY4g2mattJ9PE4Rir4ulfELDZ4qcH712dLiqiw==,City Center,2024-12-19,1,1,6283189.681528491,1841113.579797355
yY4g2mattJ9PE4Rir4ulfELDZ4qcH712dLiqiw==,City Center,2024-12-19,3,1,6283529.727390676,1841335.962671187
yY4g2mattJ9PE4Rir4ulfELDZ4qcH712dLiqiw==,City Center,2024-12-19,3,1,6283623.633284687,1841253.8630043713
yY4g2mattJ9PE4Rir4ulfELDZ4qcH712dLiqiw==,City Center,2024-12-19,2,1,6283464.94878997,1841194.5577550104
yY4g2mattJ9PE4Rir4ulfELDZ4qcH712dLiqiw==,City Center,2024-12-19,6,1,6283620.386578015,1841150.0315919367
yY4g2mattJ9PE4Rir4ulfELDZ4qcH712dLiqiw==,City Center,2024-12-19,1,1,6283523.231448344,1841096.8328002607
LsoF8nC3B3duZLpHPFYtfdMaEtR9Q2CN3Xd/HA==,gaslamp,2019-12-19,1,1,6281575.306943808,1840746.246706382
LsoF8nC3B3duZLpHPFYtfdMaEtR9Q2CN3Xd/HA==,gaslamp,2019-12-19,1,1,6281651.8301121835,1841145.6525093254
LsoF8nC3B3duZLpHPFYtfdMaEtR9Q2CN3Xd/HA==,gaslamp,2019-12-19,1,1,6281783.287783866,1840816.3346445863
LsoF8nC3B3duZLpHPFYtfdMaEtR9Q2CN3Xd/HA==,gaslamp,2019-12-19,1,1,6281779.520336377,1839611.1325891542
LsoF8nC3B3duZLpHPFYtfdMaEtR9Q2CN3Xd/HA==,gaslamp,2019-12-19,1,1,6281849.675658863,1838197.1942478053
LsoF8nC3B3duZLpHPFYtfdMaEtR9Q2CN3Xd/HA==,gaslamp,2019-12-19,1,1,6281851.709507417,1838996.968243997
LsoF8nC3B3duZLpHPFYtfdMaEtR9Q2CN3Xd/HA==,gaslamp,2019-12-19,1,1,6281654.3892178675,1839288.2442291493
LsoF8nC3B3duZLpHPFYtfdMaEtR9Q2CN3Xd/HA==,gaslamp,2019-12-19,1,1,6281573.87233067,1839743.785115897
LsoF8nC3B3duZLpHPFYtfdMaEtR9Q2CN3Xd/HA==,gaslamp,2019-12-19,1,1,6281499.398721722,1839642.9357315663
LsoF8nC3B3duZLpHPFYtfdMaEtR9Q2CN3Xd/HA==,gaslamp,2019-12-19,2,1,6281779.233509592,1841195.8603596084
LsoF8nC3B3duZLpHPFYtfdMaEtR9Q2CN3Xd/HA==,gaslamp,2019-12-19,2,1,6281772.533992336,1839990.6054335223
LsoF8nC3B3duZLpHPFYtfdMaEtR9Q2CN3Xd/HA==,gaslamp,2019-12-19,2,1,6281657.774069905,1839631.049830935
LsoF8nC3B3duZLpHPFYtfdMaEtR9Q2CN3Xd/HA==,gaslamp,2019-12-19,2,1,6281855.698410554,1838639.553902898
LsoF8nC3B3duZLpHPFYtfdMaEtR9Q2CN3Xd/HA==,gaslamp,2019-12-19,3,1,6281779.780557101,1838531.307625266
LsoF8nC3B3duZLpHPFYtfdMaEtR9Q2CN3Xd/HA==,gaslamp,2019-12-19,5,1,6281497.733021568,1841198.1552347965
LsoF8nC3B3duZLpHPFYtfdMaEtR9Q2CN3Xd/HA==,gaslamp,2019-12-19,8,1,6281917.993485808,1840380.198009874
LsoF8nC3B3duZLpHPFYtfdMaEtR9Q2CN3Xd/HA==,gaslamp,2019-12-19,1,2,6281382.301149256,1839578.1720126236
+RXy23xkk4VWEW1lK16V5iqSFaruGkYwlEVIDg==,east_village,2024-06-27,3,2,6283755.224227037,1841695.6169356538
+RXy23xkk4VWEW1lK16V5iqSFaruGkYwlEVIDg==,east_village,2024-06-27,1,2,6283796.323850579,1841462.5624320076
+RXy23xkk4VWEW1lK16V5iqSFaruGkYwlEVIDg==,east_village,2024-06-27,1,2,6283754.641681764,1841323.3378213006
+RXy23xkk4VWEW1lK16V5iqSFaruGkYwlEVIDg==,east_village,2024-06-27,1,2,6284113.415867635,1840950.6663340214
+RXy23xkk4VWEW1lK16V5iqSFaruGkYwlEVIDg==,east_village,2024-06-27,14,2,6285392.9601730555,1840745.7205900145
+RXy23xkk4VWEW1lK16V5iqSFaruGkYwlEVIDg==,east_village,2024-06-27,5,2,6285341.61227715,1841495.6926995527
+RXy23xkk4VWEW1lK16V5iqSFaruGkYwlEVIDg==,east_village,2024-06-27,1,2,6285350.532011013,1840129.7644515748
+RXy23xkk4VWEW1lK16V5iqSFaruGkYwlEVIDg==,east_village,2024-06-27,1,2,6284618.290504111,1840318.0429793745
+RXy23xkk4VWEW1lK16V5iqSFaruGkYwlEVIDg==,east_village,2024-06-27,1,2,6284316.753202934,1840171.0672834462
+RXy23xkk4VWEW1lK16V5iqSFaruGkYwlEVIDg==,east_village,2024-06-27,1,3,6285327.89144777,1841559.9861990528
+RXy23xkk4VWEW1lK16V5iqSFaruGkYwlEVIDg==,east_village,2024-06-27,6,1,6285333.524787195,1841626.9368377896
+RXy23xkk4VWEW1lK16V5iqSFaruGkYwlEVIDg==,east_village,2024-06-27,1,1,6285376.550498646,1840858.225913943
+RXy23xkk4VWEW1lK16V5iqSFaruGkYwlEVIDg==,east_village,2024-06-27,1,1,6285200.979958257,1839950.4835475993
+RXy23xkk4VWEW1lK16V5iqSFaruGkYwlEVIDg==,east_village,2024-06-27,1,1,6284650.896113298,1839956.440714021
+RXy23xkk4VWEW1lK16V5iqSFaruGkYwlEVIDg==,east_village,2024-06-27,3,1,6284374.446903706,1839943.3512042998
+RXy23xkk4VWEW1lK16V5iqSFaruGkYwlEVIDg==,east_village,2024-06-27,3,1,6284305.5200518705,1840058.5921420504
+RXy23xkk4VWEW1lK16V5iqSFaruGkYwlEVIDg==,east_village,2024-06-27,4,1,6284557.493051964,1840328.8224489854
+RXy23xkk4VWEW1lK16V5iqSFaruGkYwlEVIDg==,east_village,2024-06-27,1,1,6284300.645278594,1840476.4078320756
+RXy23xkk4VWEW1lK16V5iqSFaruGkYwlEVIDg==,east_village,2024-06-27,1,1,6284301.286497492,1840886.182684565
+RXy23xkk4VWEW1lK16V5iqSFaruGkYwlEVIDg==,east_village,2024-06-27,1,1,6284334.793165915,1841100.4078263044
+RXy23xkk4VWEW1lK16V5iqSFaruGkYwlEVIDg==,east_village,2024-06-27,1,1,6284652.756905394,1841145.5912663431
+RXy23xkk4VWEW1lK16V5iqSFaruGkYwlEVIDg==,east_village,2024-06-27,1,1,6284349.574311512,1841713.7158802676
+RXy23xkk4VWEW1lK16V5iqSFaruGkYwlEVIDg==,east_village,2024-06-27,1,1,6284177.535001763,1841296.093358452
+RXy23xkk4VWEW1lK16V5iqSFaruGkYwlEVIDg==,east_village,2024-06-27,1,1,6284174.468969147,1841103.2611520044
+RXy23xkk4VWEW1lK16V5iqSFaruGkYwlEVIDg==,east_village,2024-06-27,2,1,6284176.654897394,1840733.6572864077
+RXy23xkk4VWEW1lK16V5iqSFaruGkYwlEVIDg==,east_village,2024-06-27,1,1,6284071.553486973,1840696.2762418957
+RXy23xkk4VWEW1lK16V5iqSFaruGkYwlEVIDg==,east_village,2024-06-27,1,1,6283598.87374431,1840704.8271642353
+RXy23xkk4VWEW1lK16V5iqSFaruGkYwlEVIDg==,east_village,2024-06-27,1,1,6283747.663039946,1840396.663472439
+RXy23xkk4VWEW1lK16V5iqSFaruGkYwlEVIDg==,east_village,2024-06-27,2,1,6282910.948768602,1840949.301007187
+RXy23xkk4VWEW1lK16V5iqSFaruGkYwlEVIDg==,east_village,2024-06-27,3,1,6282764.160998393,1840770.0170849585
+RXy23xkk4VWEW1lK16V5iqSFaruGkYwlEVIDg==,east_village,2024-06-27,1,1,6282338.629125042,1840877.6125763524
+RXy23xkk4VWEW1lK16V5iqSFaruGkYwlEVIDg==,east_village,2024-06-27,2,1,6283042.720698715,1840365.2939229074
+RXy23xkk4VWEW1lK16V5iqSFaruGkYwlEVIDg==,east_village,2024-06-27,1,1,6283188.946878516,1840185.6900658316
+RXy23xkk4VWEW1lK16V5iqSFaruGkYwlEVIDg==,east_village,2024-06-27,1,1,6282909.9722718485,1840325.2647939187
+RXy23xkk4VWEW1lK16V5iqSFaruGkYwlEVIDg==,east_village,2024-06-27,1,1,6282757.940922722,1840328.1090648586
+RXy23xkk4VWEW1lK16V5iqSFaruGkYwlEVIDg==,east_village,2024-06-27,1,1,6282743.897388407,1840186.176004609
+RXy23xkk4VWEW1lK16V5iqSFaruGkYwlEVIDg==,east_village,2024-06-27,2,1,6282489.8725712085,1840371.2541075824
+RXy23xkk4VWEW1lK16V5iqSFaruGkYwlEVIDg==,east_village,2024-06-27,1,1,6282188.863332653,1840561.7400548807
+RXy23xkk4VWEW1lK16V5iqSFaruGkYwlEVIDg==,east_village,2024-06-27,1,1,6282069.6429504,1840334.217143944
+RXy23xkk4VWEW1lK16V5iqSFaruGkYwlEVIDg==,east_village,2024-06-27,1,1,6282058.288261115,1840144.072259266
+RXy23xkk4VWEW1lK16V5iqSFaruGkYwlEVIDg==,east_village,2024-06-27,4,1,6283755.461352751,1840080.6189105303
hBgKx7VBERCGRh0BdFkqgcIkjbN7UmNj16WqBg==,east_village,2024-07-25,3,1,6282131.848774142,1840946.7772323084
hBgKx7VBERCGRh0BdFkqgcIkjbN7UmNj16WqBg==,east_village,2024-07-25,1,1,6282060.002452136,1840823.5477436134
hBgKx7VBERCGRh0BdFkqgcIkjbN7UmNj16WqBg==,east_village,2024-07-25,1,1,6282134.23924781,1840713.4940563487
hBgKx7VBERCGRh0BdFkqgcIkjbN7UmNj16WqBg==,east_village,2024-07-25,3,1,6282062.157715937,1840440.108087773
hBgKx7VBERCGRh0BdFkqgcIkjbN7UmNj16WqBg==,east_village,2024-07-25,1,1,6282147.187057907,1840182.56185033
hBgKx7VBERCGRh0BdFkqgcIkjbN7UmNj16WqBg==,east_village,2024-07-25,1,1,6282053.281023402,1840051.323136518
hBgKx7VBERCGRh0BdFkqgcIkjbN7UmNj16WqBg==,east_village,2024-07-25,1,1,6282478.225551372,1840393.8666612953
hBgKx7VBERCGRh0BdFkqgcIkjbN7UmNj16WqBg==,east_village,2024-07-25,1,1,6282365.72552314,1840707.7651687178
hBgKx7VBERCGRh0BdFkqgcIkjbN7UmNj16WqBg==,east_village,2024-07-25,6,1,6282343.955622799,1840884.7701777397
hBgKx7VBERCGRh0BdFkqgcIkjbN7UmNj16WqBg==,east_village,2024-07-25,3,2,6282476.183692327,1840849.7031913637
hBgKx7VBERCGRh0BdFkqgcIkjbN7UmNj16WqBg==,east_village,2024-07-25,5,1,6282473.289197517,1840761.2224818652
hBgKx7VBERCGRh0BdFkqgcIkjbN7UmNj16WqBg==,east_village,2024-07-25,1,1,6282709.615222651,1840326.466362285
hBgKx7VBERCGRh0BdFkqgcIkjbN7UmNj16WqBg==,east_village,2024-07-25,4,1,6282756.683744747,1840465.823276275
hBgKx7VBERCGRh0BdFkqgcIkjbN7UmNj16WqBg==,east_village,2024-07-25,3,1,6282671.398192031,1840559.8062052766
hBgKx7VBERCGRh0BdFkqgcIkjbN7UmNj16WqBg==,east_village,2024-07-25,3,1,6282622.174406132,1840803.888947127
hBgKx7VBERCGRh0BdFkqgcIkjbN7UmNj16WqBg==,east_village,2024-07-25,1,1,6282647.208416788,1840951.3248302732
hBgKx7VBERCGRh0BdFkqgcIkjbN7UmNj16WqBg==,east_village,2024-07-25,1,3,6282889.659445637,1840908.0393866624
hBgKx7VBERCGRh0BdFkqgcIkjbN7UmNj16WqBg==,east_village,2024-07-25,1,1,6283035.515753804,1840776.4214396367
hBgKx7VBERCGRh0BdFkqgcIkjbN7UmNj16WqBg==,east_village,2024-07-25,1,1,6282900.107577484,1840540.6748480876
hBgKx7VBERCGRh0BdFkqgcIkjbN7UmNj16WqBg==,east_village,2024-07-25,2,1,6282974.180566288,1840326.047898049
hBgKx7VBERCGRh0BdFkqgcIkjbN7UmNj16WqBg==,east_village,2024-07-25,1,1,6282923.978139337,1839945.3724289674
hBgKx7VBERCGRh0BdFkqgcIkjbN7UmNj16WqBg==,east_village,2024-07-25,2,1,6283591.68870937,1840445.7329385453
hBgKx7VBERCGRh0BdFkqgcIkjbN7UmNj16WqBg==,east_village,2024-07-25,2,2,6283749.454810697,1840879.865720774
hBgKx7VBERCGRh0BdFkqgcIkjbN7UmNj16WqBg==,east_village,2024-07-25,1,2,6283759.032932654,1841716.4387459587
hBgKx7VBERCGRh0BdFkqgcIkjbN7UmNj16WqBg==,east_village,2024-07-25,1,1,6283841.713802718,1841718.989341597
hBgKx7VBERCGRh0BdFkqgcIkjbN7UmNj16WqBg==,east_village,2024-07-25,1,1,6283805.500829558,1841472.360363111
hBgKx7VBERCGRh0BdFkqgcIkjbN7UmNj16WqBg==,east_village,2024-07-25,1,1,6284295.750858376,1841281.2074951106
hBgKx7VBERCGRh0BdFkqgcIkjbN7UmNj16WqBg==,east_village,2024-07-25,1,3,6285192.1246119235,1841732.9416246659
hBgKx7VBERCGRh0BdFkqgcIkjbN7UmNj16WqBg==,east_village,2024-07-25,1,3,6285051.318062369,1841569.6006253497
hBgKx7VBERCGRh0BdFkqgcIkjbN7UmNj16WqBg==,east_village,2024-07-25,5,2,6285191.944004348,1841617.6428990432
hBgKx7VBERCGRh0BdFkqgcIkjbN7UmNj16WqBg==,east_village,2024-07-25,17,2,6285359.440007394,1841225.8976059188
hBgKx7VBERCGRh0BdFkqgcIkjbN7UmNj16WqBg==,east_village,2024-07-25,2,1,6284928.769492446,1840746.6131478266
hBgKx7VBERCGRh0BdFkqgcIkjbN7UmNj16WqBg==,east_village,2024-07-25,2,1,6284165.560447716,1840857.7565857058
hBgKx7VBERCGRh0BdFkqgcIkjbN7UmNj16WqBg==,east_village,2024-07-25,2,1,6284099.1839019405,1840707.704721884
hBgKx7VBERCGRh0BdFkqgcIkjbN7UmNj16WqBg==,east_village,2024-07-25,1,1,6284627.974374944,1840489.6771707279
hBgKx7VBERCGRh0BdFkqgcIkjbN7UmNj16WqBg==,east_village,2024-07-25,4,1,6284919.989403964,1840419.4996079514
hBgKx7VBERCGRh0BdFkqgcIkjbN7UmNj16WqBg==,east_village,2024-07-25,3,1,6285184.449743196,1840352.0470009116
hBgKx7VBERCGRh0BdFkqgcIkjbN7UmNj16WqBg==,east_village,2024-07-25,1,1,6284117.647690206,1840179.4451635727
hBgKx7VBERCGRh0BdFkqgcIkjbN7UmNj16WqBg==,east_village,2024-07-25,1,1,6284156.036928048,1840056.0413147793
hBgKx7VBERCGRh0BdFkqgcIkjbN7UmNj16WqBg==,east_village,2024-07-25,3,1,6284097.9868517285,1839943.5154939205
hBgKx7VBERCGRh0BdFkqgcIkjbN7UmNj16WqBg==,east_village,2024-07-25,4,1,6284313.118400658,1840053.1114859271
hBgKx7VBERCGRh0BdFkqgcIkjbN7UmNj16WqBg==,east_village,2024-07-25,1,1,6284459.36532521,1840170.8605501314
hBgKx7VBERCGRh0BdFkqgcIkjbN7UmNj16WqBg==,east_village,2024-07-25,2,1,6284641.1951964935,1840133.0337359991
hBgKx7VBERCGRh0BdFkqgcIkjbN7UmNj16WqBg==,east_village,2024-07-25,2,2,6284632.793123866,1840047.2431102176
hBgKx7VBERCGRh0BdFkqgcIkjbN7UmNj16WqBg==,east_village,2024-07-25,1,1,6284933.050618817,1839960.9642761608
lfycTHe3KX3/1K7+DkYKbhy5JSzLDWbz8QhRlg==,east_village,2024-08-29,5,1,6282344.460354004,1840932.479303911
lfycTHe3KX3/1K7+DkYKbhy5JSzLDWbz8QhRlg==,east_village,2024-08-29,1,2,6282340.7200960675,1840835.9836280907
lfycTHe3KX3/1K7+DkYKbhy5JSzLDWbz8QhRlg==,east_village,2024-08-29,1,2,6282908.361930899,1840948.5973018291
lfycTHe3KX3/1K7+DkYKbhy5JSzLDWbz8QhRlg==,east_village,2024-08-29,2,1,6282899.362496142,1840881.6469658844
lfycTHe3KX3/1K7+DkYKbhy5JSzLDWbz8QhRlg==,east_village,2024-08-29,1,2,6282761.881557498,1840740.8320938752
lfycTHe3KX3/1K7+DkYKbhy5JSzLDWbz8QhRlg==,east_village,2024-08-29,2,1,6282766.926629349,1840689.8374343351
lfycTHe3KX3/1K7+DkYKbhy5JSzLDWbz8QhRlg==,east_village,2024-08-29,4,1,6282950.408582333,1840709.5534178652
lfycTHe3KX3/1K7+DkYKbhy5JSzLDWbz8QhRlg==,east_village,2024-08-29,2,1,6282901.008651607,1840490.1443566745
lfycTHe3KX3/1K7+DkYKbhy5JSzLDWbz8QhRlg==,east_village,2024-08-29,5,1,6282943.72438107,1840318.1295966615
lfycTHe3KX3/1K7+DkYKbhy5JSzLDWbz8QhRlg==,east_village,2024-08-29,1,1,6282767.127576271,1840153.5519173916
lfycTHe3KX3/1K7+DkYKbhy5JSzLDWbz8QhRlg==,east_village,2024-08-29,1,1,6282894.779423404,1840144.3003397575
lfycTHe3KX3/1K7+DkYKbhy5JSzLDWbz8QhRlg==,east_village,2024-08-29,1,1,6282928.763349321,1839932.1468933797
lfycTHe3KX3/1K7+DkYKbhy5JSzLDWbz8QhRlg==,east_village,2024-08-29,2,1,6283043.013004753,1839971.2875983336
lfycTHe3KX3/1K7+DkYKbhy5JSzLDWbz8QhRlg==,east_village,2024-08-29,1,2,6283043.655319661,1840035.6355573263
lfycTHe3KX3/1K7+DkYKbhy5JSzLDWbz8QhRlg==,east_village,2024-08-29,1,1,6283303.36834989,1840180.657201829
lfycTHe3KX3/1K7+DkYKbhy5JSzLDWbz8QhRlg==,east_village,2024-08-29,1,1,6283316.0009901,1840333.3785537619
lfycTHe3KX3/1K7+DkYKbhy5JSzLDWbz8QhRlg==,east_village,2024-08-29,3,1,6283770.972193647,1840565.0402550704
lfycTHe3KX3/1K7+DkYKbhy5JSzLDWbz8QhRlg==,east_village,2024-08-29,1,1,6283736.466610381,1840168.5167306375
lfycTHe3KX3/1K7+DkYKbhy5JSzLDWbz8QhRlg==,east_village,2024-08-29,1,1,6283745.272124266,1839937.831493572
lfycTHe3KX3/1K7+DkYKbhy5JSzLDWbz8QhRlg==,east_village,2024-08-29,1,1,6284105.939670715,1840181.1107854487
lfycTHe3KX3/1K7+DkYKbhy5JSzLDWbz8QhRlg==,east_village,2024-08-29,1,1,6283881.233697001,1841317.4758895352
lfycTHe3KX3/1K7+DkYKbhy5JSzLDWbz8QhRlg==,east_village,2024-08-29,2,1,6283886.4191634795,1841558.7544730892
lfycTHe3KX3/1K7+DkYKbhy5JSzLDWbz8QhRlg==,east_village,2024-08-29,1,2,6284039.302948886,1841573.397016059
lfycTHe3KX3/1K7+DkYKbhy5JSzLDWbz8QhRlg==,east_village,2024-08-29,1,3,6285338.550783139,1841810.4806908725
lfycTHe3KX3/1K7+DkYKbhy5JSzLDWbz8QhRlg==,east_village,2024-08-29,1,3,6285430.238233388,1841814.9763527215
lfycTHe3KX3/1K7+DkYKbhy5JSzLDWbz8QhRlg==,east_village,2024-08-29,5,1,6285412.694336935,1841726.6554851187
lfycTHe3KX3/1K7+DkYKbhy5JSzLDWbz8QhRlg==,east_village,2024-08-29,10,2,6285420.275326271,1841651.5040782879
lfycTHe3KX3/1K7+DkYKbhy5JSzLDWbz8QhRlg==,east_village,2024-08-29,1,1,6284855.156250878,1840956.9988206506
lfycTHe3KX3/1K7+DkYKbhy5JSzLDWbz8QhRlg==,east_village,2024-08-29,3,1,6284780.65161846,1840448.2340453423
lfycTHe3KX3/1K7+DkYKbhy5JSzLDWbz8QhRlg==,east_village,2024-08-29,2,2,6284921.19715799,1840339.6480509173
lfycTHe3KX3/1K7+DkYKbhy5JSzLDWbz8QhRlg==,east_village,2024-08-29,1,1,6284769.484370891,1840164.109347797
lfycTHe3KX3/1K7+DkYKbhy5JSzLDWbz8QhRlg==,east_village,2024-08-29,1,1,6285341.555725787,1840164.0615679608
lfycTHe3KX3/1K7+DkYKbhy5JSzLDWbz8QhRlg==,east_village,2024-08-29,1,1,6285369.745212462,1839927.8301622984
LGfKWhauX0pXplMx4tJuTIejQs6sBmWS81bxAQ==,east_village,2024-09-27,3,1,6282348.616946788,1840945.4002994532
LGfKWhauX0pXplMx4tJuTIejQs6sBmWS81bxAQ==,east_village,2024-09-27,1,2,6282481.057356963,1840745.2413668514
LGfKWhauX0pXplMx4tJuTIejQs6sBmWS81bxAQ==,east_village,2024-09-27,2,1,6282209.332017739,1840375.1012932935
LGfKWhauX0pXplMx4tJuTIejQs6sBmWS81bxAQ==,east_village,2024-09-27,1,1,6282090.626886013,1840325.7519743806
LGfKWhauX0pXplMx4tJuTIejQs6sBmWS81bxAQ==,east_village,2024-09-27,1,1,6282050.564976101,1839991.2483143064
LGfKWhauX0pXplMx4tJuTIejQs6sBmWS81bxAQ==,east_village,2024-09-27,1,1,6282618.887215555,1840377.829774827
LGfKWhauX0pXplMx4tJuTIejQs6sBmWS81bxAQ==,east_village,2024-09-27,2,1,6282765.4245444955,1840161.2193183296
LGfKWhauX0pXplMx4tJuTIejQs6sBmWS81bxAQ==,east_village,2024-09-27,1,1,6283051.08512799,1840410.717801527
LGfKWhauX0pXplMx4tJuTIejQs6sBmWS81bxAQ==,east_village,2024-09-27,1,1,6283174.690430055,1839977.502417768
LGfKWhauX0pXplMx4tJuTIejQs6sBmWS81bxAQ==,east_village,2024-09-27,1,1,6282899.124313896,1840772.6461666122
LGfKWhauX0pXplMx4tJuTIejQs6sBmWS81bxAQ==,east_village,2024-09-27,5,1,6282983.752627005,1840704.0973056357
LGfKWhauX0pXplMx4tJuTIejQs6sBmWS81bxAQ==,east_village,2024-09-27,2,2,6283051.633970355,1840764.4156587366
LGfKWhauX0pXplMx4tJuTIejQs6sBmWS81bxAQ==,east_village,2024-09-27,1,1,6283179.004026512,1840937.147674633
LGfKWhauX0pXplMx4tJuTIejQs6sBmWS81bxAQ==,east_village,2024-09-27,1,1,6284304.758429385,1840152.9435628713
LGfKWhauX0pXplMx4tJuTIejQs6sBmWS81bxAQ==,east_village,2024-09-27,1,1,6284782.118387894,1840166.6372081276
LGfKWhauX0pXplMx4tJuTIejQs6sBmWS81bxAQ==,east_village,2024-09-27,1,2,6284790.468472517,1840087.12345989
LGfKWhauX0pXplMx4tJuTIejQs6sBmWS81bxAQ==,east_village,2024-09-27,1,3,6285233.9983787425,1840141.9458688088
LGfKWhauX0pXplMx4tJuTIejQs6sBmWS81bxAQ==,east_village,2024-09-27,3,1,6285202.605647853,1839933.5667495723
LGfKWhauX0pXplMx4tJuTIejQs6sBmWS81bxAQ==,east_village,2024-09-27,1,2,6284593.124373566,1840325.670325993
LGfKWhauX0pXplMx4tJuTIejQs6sBmWS81bxAQ==,east_village,2024-09-27,1,1,6284807.798321377,1840333.8888538568
LGfKWhauX0pXplMx4tJuTIejQs6sBmWS81bxAQ==,east_village,2024-09-27,2,2,6284875.573299928,1840325.6611105995
LGfKWhauX0pXplMx4tJuTIejQs6sBmWS81bxAQ==,east_village,2024-09-27,1,1,6285090.238738554,1840328.3959507546
LGfKWhauX0pXplMx4tJuTIejQs6sBmWS81bxAQ==,east_village,2024-09-27,2,1,6284932.275814799,1840462.7514602377
LGfKWhauX0pXplMx4tJuTIejQs6sBmWS81bxAQ==,east_village,2024-09-27,1,2,6284926.750219438,1840542.2651163214
LGfKWhauX0pXplMx4tJuTIejQs6sBmWS81bxAQ==,east_village,2024-09-27,1,3,6285031.247813008,1840536.7780189172
LGfKWhauX0pXplMx4tJuTIejQs6sBmWS81bxAQ==,east_village,2024-09-27,1,1,6284172.930680454,1840747.928010498
LGfKWhauX0pXplMx4tJuTIejQs6sBmWS81bxAQ==,east_village,2024-09-27,1,1,6284100.0257835975,1841090.6608882926
LGfKWhauX0pXplMx4tJuTIejQs6sBmWS81bxAQ==,east_village,2024-09-27,1,1,6284415.764429061,1840701.3087397355
LGfKWhauX0pXplMx4tJuTIejQs6sBmWS81bxAQ==,east_village,2024-09-27,1,1,6284938.316215787,1840715.0009105292
LGfKWhauX0pXplMx4tJuTIejQs6sBmWS81bxAQ==,east_village,2024-09-27,1,1,6284782.977815473,1840720.4896667043
LGfKWhauX0pXplMx4tJuTIejQs6sBmWS81bxAQ==,east_village,2024-09-27,1,2,6284794.369373551,1840780.809862884
LGfKWhauX0pXplMx4tJuTIejQs6sBmWS81bxAQ==,east_village,2024-09-27,1,1,6284783.335201199,1840950.8045504687
LGfKWhauX0pXplMx4tJuTIejQs6sBmWS81bxAQ==,east_village,2024-09-27,1,2,6285071.658599461,1841096.1128750474
LGfKWhauX0pXplMx4tJuTIejQs6sBmWS81bxAQ==,east_village,2024-09-27,5,2,6285354.277709502,1841205.7774138271
LGfKWhauX0pXplMx4tJuTIejQs6sBmWS81bxAQ==,east_village,2024-09-27,1,1,6285408.627994819,1841647.212523451
LGfKWhauX0pXplMx4tJuTIejQs6sBmWS81bxAQ==,east_village,2024-09-27,15,2,6285397.436402563,1841715.7589884254
EyBTGDV0wcC79q5fD/T1wPIR59XnjVKrgUA8Ig==,east_village,2024-10-25,3,1,6282343.783476414,1840898.3898289306
EyBTGDV0wcC79q5fD/T1wPIR59XnjVKrgUA8Ig==,east_village,2024-10-25,3,1,6282903.776953423,1840881.5987557692
EyBTGDV0wcC79q5fD/T1wPIR59XnjVKrgUA8Ig==,east_village,2024-10-25,1,1,6283250.872960977,1840960.046671442
EyBTGDV0wcC79q5fD/T1wPIR59XnjVKrgUA8Ig==,east_village,2024-10-25,1,1,6282617.713806521,1840808.1527680934
EyBTGDV0wcC79q5fD/T1wPIR59XnjVKrgUA8Ig==,east_village,2024-10-25,1,1,6283010.817599644,1840709.145285141
EyBTGDV0wcC79q5fD/T1wPIR59XnjVKrgUA8Ig==,east_village,2024-10-25,1,1,6282398.023843666,1840707.462284695
EyBTGDV0wcC79q5fD/T1wPIR59XnjVKrgUA8Ig==,east_village,2024-10-25,1,1,6282399.9252094785,1840570.5400690958
EyBTGDV0wcC79q5fD/T1wPIR59XnjVKrgUA8Ig==,east_village,2024-10-25,3,1,6282071.264068513,1840338.9633358244
EyBTGDV0wcC79q5fD/T1wPIR59XnjVKrgUA8Ig==,east_village,2024-10-25,2,1,6282702.128917038,1840566.03774175
EyBTGDV0wcC79q5fD/T1wPIR59XnjVKrgUA8Ig==,east_village,2024-10-25,2,1,6282767.647883436,1840404.5721307613
EyBTGDV0wcC79q5fD/T1wPIR59XnjVKrgUA8Ig==,east_village,2024-10-25,2,1,6282906.554623869,1840446.6889862516
EyBTGDV0wcC79q5fD/T1wPIR59XnjVKrgUA8Ig==,east_village,2024-10-25,1,1,6283050.237904049,1840367.9734819469
EyBTGDV0wcC79q5fD/T1wPIR59XnjVKrgUA8Ig==,east_village,2024-10-25,1,1,6283257.914640579,1840323.7718729696
EyBTGDV0wcC79q5fD/T1wPIR59XnjVKrgUA8Ig==,east_village,2024-10-25,1,2,6282351.64020233,1840825.860392603
EyBTGDV0wcC79q5fD/T1wPIR59XnjVKrgUA8Ig==,east_village,2024-10-25,1,2,6282489.966074762,1840776.7068897127
EyBTGDV0wcC79q5fD/T1wPIR59XnjVKrgUA8Ig==,east_village,2024-10-25,1,1,6282145.237713181,1840198.9230691947
EyBTGDV0wcC79q5fD/T1wPIR59XnjVKrgUA8Ig==,east_village,2024-10-25,3,1,6282341.618766214,1840122.5751046652
EyBTGDV0wcC79q5fD/T1wPIR59XnjVKrgUA8Ig==,east_village,2024-10-25,2,1,6282766.0077855475,1840146.8675894504
EyBTGDV0wcC79q5fD/T1wPIR59XnjVKrgUA8Ig==,east_village,2024-10-25,1,2,6284085.411804801,1840949.6577404353
EyBTGDV0wcC79q5fD/T1wPIR59XnjVKrgUA8Ig==,east_village,2024-10-25,1,1,6284301.321123014,1840891.9839858478
EyBTGDV0wcC79q5fD/T1wPIR59XnjVKrgUA8Ig==,east_village,2024-10-25,1,1,6284308.648233987,1840736.2374580556
EyBTGDV0wcC79q5fD/T1wPIR59XnjVKrgUA8Ig==,east_village,2024-10-25,1,1,6284801.995177302,1840703.7401237318
EyBTGDV0wcC79q5fD/T1wPIR59XnjVKrgUA8Ig==,east_village,2024-10-25,1,2,6284919.818976431,1840482.900339496
EyBTGDV0wcC79q5fD/T1wPIR59XnjVKrgUA8Ig==,east_village,2024-10-25,2,1,6285063.263075669,1840366.6029229169
EyBTGDV0wcC79q5fD/T1wPIR59XnjVKrgUA8Ig==,east_village,2024-10-25,2,1,6285207.903079618,1840438.21506771
EyBTGDV0wcC79q5fD/T1wPIR59XnjVKrgUA8Ig==,east_village,2024-10-25,1,1,6284870.83851344,1840193.2662569957
EyBTGDV0wcC79q5fD/T1wPIR59XnjVKrgUA8Ig==,east_village,2024-10-25,1,1,6285336.424609891,1840155.5668583403
EyBTGDV0wcC79q5fD/T1wPIR59XnjVKrgUA8Ig==,east_village,2024-10-25,2,1,6284787.521804145,1840172.29121939
EyBTGDV0wcC79q5fD/T1wPIR59XnjVKrgUA8Ig==,east_village,2024-10-25,1,2,6284789.6623509,1840072.9509160654
EyBTGDV0wcC79q5fD/T1wPIR59XnjVKrgUA8Ig==,east_village,2024-10-25,1,2,6284922.067031934,1839964.7734785136
EyBTGDV0wcC79q5fD/T1wPIR59XnjVKrgUA8Ig==,east_village,2024-10-25,2,1,6284788.876470662,1839949.4674900207
px1w+51dHiaBc/e/LlIvRuupr20HN35L+c7SSQ==,east_village,2024-11-21,7,1,6282340.051869527,1840892.9255297908
px1w+51dHiaBc/e/LlIvRuupr20HN35L+c7SSQ==,east_village,2024-11-21,2,2,6282342.520126454,1840814.8858905016
px1w+51dHiaBc/e/LlIvRuupr20HN35L+c7SSQ==,east_village,2024-11-21,1,2,6282489.912944624,1840849.415102637
px1w+51dHiaBc/e/LlIvRuupr20HN35L+c7SSQ==,east_village,2024-11-21,6,2,6282625.999782223,1840835.54517344
px1w+51dHiaBc/e/LlIvRuupr20HN35L+c7SSQ==,east_village,2024-11-21,3,1,6282770.304110137,1840792.0517374587
px1w+51dHiaBc/e/LlIvRuupr20HN35L+c7SSQ==,east_village,2024-11-21,1,1,6282901.144317217,1840856.2299431372
px1w+51dHiaBc/e/LlIvRuupr20HN35L+c7SSQ==,east_village,2024-11-21,1,1,6282414.34078639,1840709.7265706218
px1w+51dHiaBc/e/LlIvRuupr20HN35L+c7SSQ==,east_village,2024-11-21,2,1,6283181.6424195105,1840825.773868891
px1w+51dHiaBc/e/LlIvRuupr20HN35L+c7SSQ==,east_village,2024-11-21,1,1,6283038.918773241,1840567.8971508476
px1w+51dHiaBc/e/LlIvRuupr20HN35L+c7SSQ==,east_village,2024-11-21,1,1,6282691.632767968,1840571.649828234
px1w+51dHiaBc/e/LlIvRuupr20HN35L+c7SSQ==,east_village,2024-11-21,2,1,6282766.295963564,1840482.626387327
px1w+51dHiaBc/e/LlIvRuupr20HN35L+c7SSQ==,east_village,2024-11-21,1,1,6282124.844555279,1840573.3829278487
px1w+51dHiaBc/e/LlIvRuupr20HN35L+c7SSQ==,east_village,2024-11-21,2,1,6282060.204098883,1840387.9180189038
px1w+51dHiaBc/e/LlIvRuupr20HN35L+c7SSQ==,east_village,2024-11-21,1,1,6282140.541672122,1840328.4756068494
px1w+51dHiaBc/e/LlIvRuupr20HN35L+c7SSQ==,east_village,2024-11-21,1,1,6282131.639786408,1840185.8924516689
px1w+51dHiaBc/e/LlIvRuupr20HN35L+c7SSQ==,east_village,2024-11-21,1,1,6282412.287600195,1840193.1065847273
px1w+51dHiaBc/e/LlIvRuupr20HN35L+c7SSQ==,east_village,2024-11-21,1,1,6282614.499332731,1840039.1148486116
px1w+51dHiaBc/e/LlIvRuupr20HN35L+c7SSQ==,east_village,2024-11-21,1,1,6282976.297439292,1840191.381980699
px1w+51dHiaBc/e/LlIvRuupr20HN35L+c7SSQ==,east_village,2024-11-21,2,1,6283251.335037505,1840185.1594594645
px1w+51dHiaBc/e/LlIvRuupr20HN35L+c7SSQ==,east_village,2024-11-21,2,1,6283737.037119488,1840054.5177353802
px1w+51dHiaBc/e/LlIvRuupr20HN35L+c7SSQ==,east_village,2024-11-21,7,1,6283745.609483895,1840813.28634849
px1w+51dHiaBc/e/LlIvRuupr20HN35L+c7SSQ==,east_village,2024-11-21,1,1,6283883.0417422205,1840438.8502252179
px1w+51dHiaBc/e/LlIvRuupr20HN35L+c7SSQ==,east_village,2024-11-21,2,1,6284383.662285259,1840566.4760161492
px1w+51dHiaBc/e/LlIvRuupr20HN35L+c7SSQ==,east_village,2024-11-21,1,1,6283736.046572853,1841203.4760493494
px1w+51dHiaBc/e/LlIvRuupr20HN35L+c7SSQ==,east_village,2024-11-21,2,1,6284169.494240501,1841207.5321960656
px1w+51dHiaBc/e/LlIvRuupr20HN35L+c7SSQ==,east_village,2024-11-21,1,1,6283887.640023802,1841595.863735294
px1w+51dHiaBc/e/LlIvRuupr20HN35L+c7SSQ==,east_village,2024-11-21,1,1,6285207.367479818,1841591.8283317795
px1w+51dHiaBc/e/LlIvRuupr20HN35L+c7SSQ==,east_village,2024-11-21,1,1,6285216.98385925,1841215.092276386
px1w+51dHiaBc/e/LlIvRuupr20HN35L+c7SSQ==,east_village,2024-11-21,1,1,6284926.257855158,1840769.3147878947
px1w+51dHiaBc/e/LlIvRuupr20HN35L+c7SSQ==,east_village,2024-11-21,1,1,6284775.273943861,1840530.2986602627
px1w+51dHiaBc/e/LlIvRuupr20HN35L+c7SSQ==,east_village,2024-11-21,1,1,6284930.3816494765,1840408.7400982333
px1w+51dHiaBc/e/LlIvRuupr20HN35L+c7SSQ==,east_village,2024-11-21,1,2,6284925.092244246,1840476.025316736
px1w+51dHiaBc/e/LlIvRuupr20HN35L+c7SSQ==,east_village,2024-11-21,1,3,6285233.160208893,1840391.6697047623
px1w+51dHiaBc/e/LlIvRuupr20HN35L+c7SSQ==,east_village,2024-11-21,3,1,6285131.05547508,1840566.881432515
px1w+51dHiaBc/e/LlIvRuupr20HN35L+c7SSQ==,east_village,2024-11-21,1,1,6284868.3698551785,1840185.5964863973
px1w+51dHiaBc/e/LlIvRuupr20HN35L+c7SSQ==,east_village,2024-11-21,1,2,6284784.7406118,1840115.8923975644
px1w+51dHiaBc/e/LlIvRuupr20HN35L+c7SSQ==,east_village,2024-11-21,1,1,6284845.1055796705,1839924.6637290476
px1w+51dHiaBc/e/LlIvRuupr20HN35L+c7SSQ==,east_village,2024-11-21,1,1,6284931.449034573,1839978.214947735
px1w+51dHiaBc/e/LlIvRuupr20HN35L+c7SSQ==,east_village,2024-11-21,1,1,6285057.074692168,1840128.5134755685
px1w+51dHiaBc/e/LlIvRuupr20HN35L+c7SSQ==,east_village,2024-11-21,1,3,6285053.868571453,1840020.8928074269
px1w+51dHiaBc/e/LlIvRuupr20HN35L+c7SSQ==,east_village,2024-11-21,1,3,6285226.512706544,1840117.2323284287
px1w+51dHiaBc/e/LlIvRuupr20HN35L+c7SSQ==,east_village,2024-11-21,1,1,6285339.677466333,1839928.5329728643
px1w+51dHiaBc/e/LlIvRuupr20HN35L+c7SSQ==,east_village,2024-11-21,1,2,6285345.045692739,1841279.278977651
px1w+51dHiaBc/e/LlIvRuupr20HN35L+c7SSQ==,east_village,2024-11-21,4,1,6285337.769246096,1841545.6866446368
px1w+51dHiaBc/e/LlIvRuupr20HN35L+c7SSQ==,east_village,2024-11-21,5,2,6285335.279601812,1841618.3448257395
CH/w0DApiCmvLLNuRuCz4gbTpfExA2LvENkJzg==,east_village,2024-12-19,1,1,6282051.712427667,1840952.87469463
CH/w0DApiCmvLLNuRuCz4gbTpfExA2LvENkJzg==,east_village,2024-12-19,7,1,6282341.374542397,1840952.8411278264
CH/w0DApiCmvLLNuRuCz4gbTpfExA2LvENkJzg==,east_village,2024-12-19,2,1,6282493.089763201,1840944.8073370731
CH/w0DApiCmvLLNuRuCz4gbTpfExA2LvENkJzg==,east_village,2024-12-19,3,1,6282625.506729935,1840944.7919922487
CH/w0DApiCmvLLNuRuCz4gbTpfExA2LvENkJzg==,east_village,2024-12-19,1,1,6282768.962628422,1840947.4474380694
CH/w0DApiCmvLLNuRuCz4gbTpfExA2LvENkJzg==,east_village,2024-12-19,1,1,6282904.0838831235,1840912.694871613
CH/w0DApiCmvLLNuRuCz4gbTpfExA2LvENkJzg==,east_village,2024-12-19,1,1,6282956.5700694,1840958.1139770905
CH/w0DApiCmvLLNuRuCz4gbTpfExA2LvENkJzg==,east_village,2024-12-19,1,2,6282330.126384338,1840816.5668681504
CH/w0DApiCmvLLNuRuCz4gbTpfExA2LvENkJzg==,east_village,2024-12-19,4,2,6282495.647592756,1840816.5476871198
CH/w0DApiCmvLLNuRuCz4gbTpfExA2LvENkJzg==,east_village,2024-12-19,1,2,6282628.089666646,1840832.564758579
CH/w0DApiCmvLLNuRuCz4gbTpfExA2LvENkJzg==,east_village,2024-12-19,6,1,6282625.159414269,1840723.0102336574
CH/w0DApiCmvLLNuRuCz4gbTpfExA2LvENkJzg==,east_village,2024-12-19,5,1,6282763.077016512,1840712.3059719428
CH/w0DApiCmvLLNuRuCz4gbTpfExA2LvENkJzg==,east_village,2024-12-19,3,1,6283039.004280573,1840749.682974887
CH/w0DApiCmvLLNuRuCz4gbTpfExA2LvENkJzg==,east_village,2024-12-19,2,1,6283320.457287299,1840792.4034772248
CH/w0DApiCmvLLNuRuCz4gbTpfExA2LvENkJzg==,east_village,2024-12-19,1,1,6282897.993229435,1840546.6220058363
CH/w0DApiCmvLLNuRuCz4gbTpfExA2LvENkJzg==,east_village,2024-12-19,1,1,6283615.230876612,1840533.1785411336
CH/w0DApiCmvLLNuRuCz4gbTpfExA2LvENkJzg==,east_village,2024-12-19,1,3,6283331.065212865,1840519.8511216666
CH/w0DApiCmvLLNuRuCz4gbTpfExA2LvENkJzg==,east_village,2024-12-19,1,1,6282045.220059473,1840330.283168314
CH/w0DApiCmvLLNuRuCz4gbTpfExA2LvENkJzg==,east_village,2024-12-19,1,1,6282486.622502164,1840338.248227041
CH/w0DApiCmvLLNuRuCz4gbTpfExA2LvENkJzg==,east_village,2024-12-19,3,1,6282624.544288933,1840330.216034707
CH/w0DApiCmvLLNuRuCz4gbTpfExA2LvENkJzg==,east_village,2024-12-19,1,1,6282916.948352366,1840319.493870697
CH/w0DApiCmvLLNuRuCz4gbTpfExA2LvENkJzg==,east_village,2024-12-19,1,2,6282974.893328889,1840327.503365478
CH/w0DApiCmvLLNuRuCz4gbTpfExA2LvENkJzg==,east_village,2024-12-19,1,1,6282047.752781871,1840185.991102077
CH/w0DApiCmvLLNuRuCz4gbTpfExA2LvENkJzg==,east_village,2024-12-19,1,1,6282055.660603995,1839950.8480375311
CH/w0DApiCmvLLNuRuCz4gbTpfExA2LvENkJzg==,east_village,2024-12-19,1,1,6282682.263301048,1840193.9337829347
CH/w0DApiCmvLLNuRuCz4gbTpfExA2LvENkJzg==,east_village,2024-12-19,2,1,6282908.446327535,1840175.2030831953
CH/w0DApiCmvLLNuRuCz4gbTpfExA2LvENkJzg==,east_village,2024-12-19,1,2,6282988.439875885,1840169.8496736025
CH/w0DApiCmvLLNuRuCz4gbTpfExA2LvENkJzg==,east_village,2024-12-19,2,1,6283175.98454897,1840140.4351719143
CH/w0DApiCmvLLNuRuCz4gbTpfExA2LvENkJzg==,east_village,2024-12-19,2,1,6284026.011585704,1840364.790537262
CH/w0DApiCmvLLNuRuCz4gbTpfExA2LvENkJzg==,east_village,2024-12-19,3,1,6283739.681437856,1840730.8972895264
CH/w0DApiCmvLLNuRuCz4gbTpfExA2LvENkJzg==,east_village,2024-12-19,1,1,6284178.890104762,1841099.5920343203
CH/w0DApiCmvLLNuRuCz4gbTpfExA2LvENkJzg==,east_village,2024-12-19,1,1,6284303.407618424,1841340.0638928027
CH/w0DApiCmvLLNuRuCz4gbTpfExA2LvENkJzg==,east_village,2024-12-19,2,1,6283743.6327146,1841492.436743318
CH/w0DApiCmvLLNuRuCz4gbTpfExA2LvENkJzg==,east_village,2024-12-19,1,1,6284300.879080553,1841487.0280284204
CH/w0DApiCmvLLNuRuCz4gbTpfExA2LvENkJzg==,east_village,2024-12-19,13,2,6285434.728649892,1841505.601124025
CH/w0DApiCmvLLNuRuCz4gbTpfExA2LvENkJzg==,east_village,2024-12-19,12,2,6285469.855101789,1841035.3127571465
CH/w0DApiCmvLLNuRuCz4gbTpfExA2LvENkJzg==,east_village,2024-12-19,4,2,6285458.460485318,1840805.516069149
CH/w0DApiCmvLLNuRuCz4gbTpfExA2LvENkJzg==,east_village,2024-12-19,1,2,6285061.113341017,1840744.1045078682
CH/w0DApiCmvLLNuRuCz4gbTpfExA2LvENkJzg==,east_village,2024-12-19,1,2,6284627.96185159,1840720.106073806
CH/w0DApiCmvLLNuRuCz4gbTpfExA2LvENkJzg==,east_village,2024-12-19,1,1,6285064.148206546,1840920.460767305
CH/w0DApiCmvLLNuRuCz4gbTpfExA2LvENkJzg==,east_village,2024-12-19,4,1,6284914.969892666,1840786.8745612018
CH/w0DApiCmvLLNuRuCz4gbTpfExA2LvENkJzg==,east_village,2024-12-19,3,1,6284912.0773010235,1840701.3686607059
CH/w0DApiCmvLLNuRuCz4gbTpfExA2LvENkJzg==,east_village,2024-12-19,3,1,6285165.884856315,1840706.6833885536
CH/w0DApiCmvLLNuRuCz4gbTpfExA2LvENkJzg==,east_village,2024-12-19,2,1,6284498.0566846235,1840562.4690054904
CH/w0DApiCmvLLNuRuCz4gbTpfExA2LvENkJzg==,east_village,2024-12-19,2,1,6284793.160851498,1840514.337550468
CH/w0DApiCmvLLNuRuCz4gbTpfExA2LvENkJzg==,east_village,2024-12-19,1,1,6284646.912789995,1840490.3058692862
CH/w0DApiCmvLLNuRuCz4gbTpfExA2LvENkJzg==,east_village,2024-12-19,1,1,6284925.293270457,1840332.6214877616
CH/w0DApiCmvLLNuRuCz4gbTpfExA2LvENkJzg==,east_village,2024-12-19,4,1,6285079.767178068,1840324.5873773245
CH/w0DApiCmvLLNuRuCz4gbTpfExA2LvENkJzg==,east_village,2024-12-19,2,1,6285201.258195252,1840394.0471151313
CH/w0DApiCmvLLNuRuCz4gbTpfExA2LvENkJzg==,east_village,2024-12-19,2,3,6285193.153700402,1840503.602918788
CH/w0DApiCmvLLNuRuCz4gbTpfExA2LvENkJzg==,east_village,2024-12-19,1,3,6284622.189221884,1840557.1104809563
CH/w0DApiCmvLLNuRuCz4gbTpfExA2LvENkJzg==,east_village,2024-12-19,1,1,6285333.340399899,1840180.2662198576
CH/w0DApiCmvLLNuRuCz4gbTpfExA2LvENkJzg==,east_village,2024-12-19,5,1,6285360.738964294,1840060.0199008915
CH/w0DApiCmvLLNuRuCz4gbTpfExA2LvENkJzg==,east_village,2024-12-19,4,1,6284778.484482457,1839950.5325095772
7EXzRSQFbv44AZWgAVvboPes++eb/hCBwXFznw==,east_village_south,2019-12-19,2,1,6283044.984775906,1839685.5945024793
7EXzRSQFbv44AZWgAVvboPes++eb/hCBwXFznw==,east_village_south,2019-12-19,1,1,6283233.240618473,1839390.0272006246
7EXzRSQFbv44AZWgAVvboPes++eb/hCBwXFznw==,east_village_south,2019-12-19,1,1,6283253.734111821,1839778.573586393
7EXzRSQFbv44AZWgAVvboPes++eb/hCBwXFznw==,east_village_south,2019-12-19,1,1,6282905.680120086,1839358.836293553
7EXzRSQFbv44AZWgAVvboPes++eb/hCBwXFznw==,east_village_south,2019-12-19,1,1,6283027.377521131,1839273.3645309282
7EXzRSQFbv44AZWgAVvboPes++eb/hCBwXFznw==,east_village_south,2019-12-19,2,1,6282917.193264502,1839203.2606897368
7EXzRSQFbv44AZWgAVvboPes++eb/hCBwXFznw==,east_village_south,2019-12-19,2,1,6282737.483035868,1839211.4527518055
7EXzRSQFbv44AZWgAVvboPes++eb/hCBwXFznw==,east_village_south,2019-12-19,1,1,6282647.82584968,1839594.1166271064
7EXzRSQFbv44AZWgAVvboPes++eb/hCBwXFznw==,east_village_south,2019-12-19,1,1,6282421.52404267,1839193.6897428224
7EXzRSQFbv44AZWgAVvboPes++eb/hCBwXFznw==,east_village_south,2019-12-19,1,1,6283780.395589753,1838080.955113395
7EXzRSQFbv44AZWgAVvboPes++eb/hCBwXFznw==,east_village_south,2019-12-19,1,1,6284067.370259349,1838102.3291475764
7EXzRSQFbv44AZWgAVvboPes++eb/hCBwXFznw==,east_village_south,2019-12-19,2,1,6283910.859506661,1838130.6168657457
7EXzRSQFbv44AZWgAVvboPes++eb/hCBwXFznw==,east_village_south,2019-12-19,1,1,6283925.504532598,1838421.1874114415
7EXzRSQFbv44AZWgAVvboPes++eb/hCBwXFznw==,east_village_south,2019-12-19,8,1,6284108.11513753,1838416.3523238946
7EXzRSQFbv44AZWgAVvboPes++eb/hCBwXFznw==,east_village_south,2019-12-19,1,1,6283881.629540112,1837664.3981556492
7EXzRSQFbv44AZWgAVvboPes++eb/hCBwXFznw==,east_village_south,2019-12-19,1,1,6284296.174819182,1837745.5972478117
7EXzRSQFbv44AZWgAVvboPes++eb/hCBwXFznw==,east_village_south,2019-12-19,2,1,6284403.389778111,1837680.5213829954
7EXzRSQFbv44AZWgAVvboPes++eb/hCBwXFznw==,east_village_south,2019-12-19,19,1,6284641.158781937,1837837.4908424728
7EXzRSQFbv44AZWgAVvboPes++eb/hCBwXFznw==,east_village_south,2019-12-19,1,1,6283748.926185484,1838875.5256230226
7EXzRSQFbv44AZWgAVvboPes++eb/hCBwXFznw==,east_village_south,2019-12-19,1,1,6283807.172285512,1839398.9745686066
7EXzRSQFbv44AZWgAVvboPes++eb/hCBwXFznw==,east_village_south,2019-12-19,3,1,6283801.574762694,1839780.9686739428
7EXzRSQFbv44AZWgAVvboPes++eb/hCBwXFznw==,east_village_south,2019-12-19,3,1,6284097.225820166,1839765.0926511572
7EXzRSQFbv44AZWgAVvboPes++eb/hCBwXFznw==,east_village_south,2019-12-19,2,1,6284140.613061188,1839588.9825764364
7EXzRSQFbv44AZWgAVvboPes++eb/hCBwXFznw==,east_village_south,2019-12-19,5,1,6284079.641539192,1839396.8035901014
7EXzRSQFbv44AZWgAVvboPes++eb/hCBwXFznw==,east_village_south,2019-12-19,1,1,6284450.766000146,1839589.891426261
7EXzRSQFbv44AZWgAVvboPes++eb/hCBwXFznw==,east_village_south,2019-12-19,2,1,6284636.284050236,1839601.9335933886
7EXzRSQFbv44AZWgAVvboPes++eb/hCBwXFznw==,east_village_south,2019-12-19,2,1,6284784.146690497,1839664.9770527957
7EXzRSQFbv44AZWgAVvboPes++eb/hCBwXFznw==,east_village_south,2019-12-19,1,1,6284363.420707512,1838850.3489533993
7EXzRSQFbv44AZWgAVvboPes++eb/hCBwXFznw==,east_village_south,2019-12-19,1,1,6284919.342194655,1837676.4103811453
7EXzRSQFbv44AZWgAVvboPes++eb/hCBwXFznw==,east_village_south,2019-12-19,1,1,6285191.887438599,1837819.582414278
7EXzRSQFbv44AZWgAVvboPes++eb/hCBwXFznw==,east_village_south,2019-12-19,4,1,6285081.719086909,1837779.8992034295
7EXzRSQFbv44AZWgAVvboPes++eb/hCBwXFznw==,east_village_south,2019-12-19,2,1,6285333.891008155,1837764.3696133841
7EXzRSQFbv44AZWgAVvboPes++eb/hCBwXFznw==,east_village_south,2019-12-19,3,1,6284876.085727575,1838102.6456386852
7EXzRSQFbv44AZWgAVvboPes++eb/hCBwXFznw==,east_village_south,2019-12-19,42,1,6285099.333410545,1838205.649455133
7EXzRSQFbv44AZWgAVvboPes++eb/hCBwXFznw==,east_village_south,2019-12-19,2,1,6284879.169894279,1838457.5298971687
7EXzRSQFbv44AZWgAVvboPes++eb/hCBwXFznw==,east_village_south,2019-12-19,13,1,6285064.767469064,1838621.6752160103
7EXzRSQFbv44AZWgAVvboPes++eb/hCBwXFznw==,east_village_south,2019-12-19,2,1,6285064.965397195,1839000.2430602766
7EXzRSQFbv44AZWgAVvboPes++eb/hCBwXFznw==,east_village_south,2019-12-19,5,1,6285062.012004434,1838895.483984612
7EXzRSQFbv44AZWgAVvboPes++eb/hCBwXFznw==,east_village_south,2019-12-19,6,1,6285067.756206134,1838794.035692437
7EXzRSQFbv44AZWgAVvboPes++eb/hCBwXFznw==,east_village_south,2019-12-19,1,1,6285192.504196789,1838999.226857572
7EXzRSQFbv44AZWgAVvboPes++eb/hCBwXFznw==,east_village_south,2019-12-19,1,1,6285163.601165098,1839158.3211045226
7EXzRSQFbv44AZWgAVvboPes++eb/hCBwXFznw==,east_village_south,2019-12-19,7,1,6285070.976448427,1839409.1853438537
7EXzRSQFbv44AZWgAVvboPes++eb/hCBwXFznw==,east_village_south,2019-12-19,4,1,6285094.255449069,1839581.3841516683
7EXzRSQFbv44AZWgAVvboPes++eb/hCBwXFznw==,east_village_south,2019-12-19,9,1,6284905.865298128,1839620.066130628
7EXzRSQFbv44AZWgAVvboPes++eb/hCBwXFznw==,east_village_south,2019-12-19,3,1,6284847.769411412,1839383.923138282
7EXzRSQFbv44AZWgAVvboPes++eb/hCBwXFznw==,east_village_south,2019-12-19,4,1,6284908.39102475,1838906.8482570748
7EXzRSQFbv44AZWgAVvboPes++eb/hCBwXFznw==,east_village_south,2019-12-19,10,1,6285059.3166251285,1839284.2151345084
7EXzRSQFbv44AZWgAVvboPes++eb/hCBwXFznw==,east_village_south,2019-12-19,1,2,6282638.926792659,1839205.4778592738
7EXzRSQFbv44AZWgAVvboPes++eb/hCBwXFznw==,east_village_south,2019-12-19,1,2,6283856.342606974,1839195.7777425488
7EXzRSQFbv44AZWgAVvboPes++eb/hCBwXFznw==,east_village_south,2019-12-19,1,2,6283714.0509813,1838700.039127234
7EXzRSQFbv44AZWgAVvboPes++eb/hCBwXFznw==,east_village_south,2019-12-19,1,2,6285064.70738374,1838506.7528347154
7EXzRSQFbv44AZWgAVvboPes++eb/hCBwXFznw==,east_village_south,2019-12-19,1,2,6285174.916381385,1838624.17765644
7EXzRSQFbv44AZWgAVvboPes++eb/hCBwXFznw==,east_village_south,2019-12-19,2,2,6285172.099064213,1838779.6839737082
7EXzRSQFbv44AZWgAVvboPes++eb/hCBwXFznw==,east_village_south,2019-12-19,1,2,6284557.606309401,1838808.2407133696
7EXzRSQFbv44AZWgAVvboPes++eb/hCBwXFznw==,east_village_south,2019-12-19,3,2,6285172.425999071,1839404.9969307552
7EXzRSQFbv44AZWgAVvboPes++eb/hCBwXFznw==,east_village_south,2019-12-19,1,2,6285065.345348516,1839726.9581184664
7EXzRSQFbv44AZWgAVvboPes++eb/hCBwXFznw==,east_village_south,2019-12-19,2,3,6284995.750455108,1839673.4312902412
7EXzRSQFbv44AZWgAVvboPes++eb/hCBwXFznw==,east_village_south,2019-12-19,1,3,6284986.229338249,1838095.0078690005
7EXzRSQFbv44AZWgAVvboPes++eb/hCBwXFznw==,east_village_south,2019-12-19,2,3,6285174.361475735,1837562.8356644793
7EXzRSQFbv44AZWgAVvboPes++eb/hCBwXFznw==,east_village_south,2019-12-19,2,3,6284843.927109282,1837578.988833457
7EXzRSQFbv44AZWgAVvboPes++eb/hCBwXFznw==,east_village_south,2019-12-19,1,1,6282438.132820717,1837696.1801428518
U1roDUW03zoTLbZUKytZPN6yCUh5m7qzfaKUrA==,cortez,2019-12-19,1,1,6280962.232795407,1842689.7676057527
U1roDUW03zoTLbZUKytZPN6yCUh5m7qzfaKUrA==,cortez,2019-12-19,1,1,6281664.549209257,1843783.508033647
U1roDUW03zoTLbZUKytZPN6yCUh5m7qzfaKUrA==,cortez,2019-12-19,1,1,6280396.8421101775,1843401.502419069
U1roDUW03zoTLbZUKytZPN6yCUh5m7qzfaKUrA==,cortez,2019-12-19,1,1,6280679.132040099,1843214.7578287718
U1roDUW03zoTLbZUKytZPN6yCUh5m7qzfaKUrA==,cortez,2019-12-19,1,1,6281934.447148376,1843484.127077514
U1roDUW03zoTLbZUKytZPN6yCUh5m7qzfaKUrA==,cortez,2019-12-19,1,1,6280685.5981785,1842846.2131270976
U1roDUW03zoTLbZUKytZPN6yCUh5m7qzfaKUrA==,cortez,2019-12-19,14,1,6281519.87488893,1843545.5479121285
U1roDUW03zoTLbZUKytZPN6yCUh5m7qzfaKUrA==,cortez,2019-12-19,3,1,6280118.100350225,1842752.244122995
U1roDUW03zoTLbZUKytZPN6yCUh5m7qzfaKUrA==,cortez,2019-12-19,3,1,6281597.843661797,1843396.3622368837
U1roDUW03zoTLbZUKytZPN6yCUh5m7qzfaKUrA==,cortez,2019-12-19,3,2,6281569.626776154,1842621.1386996866
U1roDUW03zoTLbZUKytZPN6yCUh5m7qzfaKUrA==,cortez,2019-12-19,2,2,6281286.487598869,1843608.1134866711
U1roDUW03zoTLbZUKytZPN6yCUh5m7qzfaKUrA==,cortez,2019-12-19,1,2,6281814.024709528,1843386.1973128112
KqNB5a+M/n+O6sVWqsz4zBMaDyd+v4HJKRnmeQ==,east_village_south,2018-03-28,1,1,6282110.000579094,1839584.4970342983
KqNB5a+M/n+O6sVWqsz4zBMaDyd+v4HJKRnmeQ==,east_village_south,2018-03-28,1,1,6282445.114584544,1839771.0879680894
KqNB5a+M/n+O6sVWqsz4zBMaDyd+v4HJKRnmeQ==,east_village_south,2018-03-28,3,1,6282343.553765209,1839752.717661431
KqNB5a+M/n+O6sVWqsz4zBMaDyd+v4HJKRnmeQ==,east_village_south,2018-03-28,1,1,6282432.990146317,1839205.8179356055
KqNB5a+M/n+O6sVWqsz4zBMaDyd+v4HJKRnmeQ==,east_village_south,2018-03-28,1,1,6282761.668905189,1839334.9661262224
KqNB5a+M/n+O6sVWqsz4zBMaDyd+v4HJKRnmeQ==,east_village_south,2018-03-28,1,1,6282381.533389648,1839007.0161735308
KqNB5a+M/n+O6sVWqsz4zBMaDyd+v4HJKRnmeQ==,east_village_south,2018-03-28,1,1,6282347.561831385,1838818.0379083997
KqNB5a+M/n+O6sVWqsz4zBMaDyd+v4HJKRnmeQ==,east_village_south,2018-03-28,2,1,6282497.380748071,1839008.1813631766
KqNB5a+M/n+O6sVWqsz4zBMaDyd+v4HJKRnmeQ==,east_village_south,2018-03-28,1,1,6282070.908748345,1838938.4742087885
KqNB5a+M/n+O6sVWqsz4zBMaDyd+v4HJKRnmeQ==,east_village_south,2018-03-28,1,1,6282199.803735686,1838553.357609717
KqNB5a+M/n+O6sVWqsz4zBMaDyd+v4HJKRnmeQ==,east_village_south,2018-03-28,1,1,6282107.9524701,1839401.6792101467
KqNB5a+M/n+O6sVWqsz4zBMaDyd+v4HJKRnmeQ==,east_village_south,2018-03-28,9,1,6282187.388169828,1839254.5478259467
KqNB5a+M/n+O6sVWqsz4zBMaDyd+v4HJKRnmeQ==,east_village_south,2018-03-28,1,1,6282801.481990984,1837718.9651834103
KqNB5a+M/n+O6sVWqsz4zBMaDyd+v4HJKRnmeQ==,east_village_south,2018-03-28,3,1,6283087.768979917,1837683.0002401518
KqNB5a+M/n+O6sVWqsz4zBMaDyd+v4HJKRnmeQ==,east_village_south,2018-03-28,3,1,6283319.463696761,1837685.3306194437
KqNB5a+M/n+O6sVWqsz4zBMaDyd+v4HJKRnmeQ==,east_village_south,2018-03-28,3,1,6283165.409146234,1838409.5538261256
KqNB5a+M/n+O6sVWqsz4zBMaDyd+v4HJKRnmeQ==,east_village_south,2018-03-28,1,1,6283031.950093581,1838645.763261807
KqNB5a+M/n+O6sVWqsz4zBMaDyd+v4HJKRnmeQ==,east_village_south,2018-03-28,1,1,6283376.217653642,1838615.4591862645
KqNB5a+M/n+O6sVWqsz4zBMaDyd+v4HJKRnmeQ==,east_village_south,2018-03-28,1,1,6283024.237800855,1838991.307851099
KqNB5a+M/n+O6sVWqsz4zBMaDyd+v4HJKRnmeQ==,east_village_south,2018-03-28,4,1,6283239.724365444,1838580.8274009808
KqNB5a+M/n+O6sVWqsz4zBMaDyd+v4HJKRnmeQ==,east_village_south,2018-03-28,10,1,6283546.417004495,1838815.3706298447
KqNB5a+M/n+O6sVWqsz4zBMaDyd+v4HJKRnmeQ==,east_village_south,2018-03-28,1,1,6283641.656361084,1838786.454739115
KqNB5a+M/n+O6sVWqsz4zBMaDyd+v4HJKRnmeQ==,east_village_south,2018-03-28,17,1,6283764.128605805,1838861.9902482454
KqNB5a+M/n+O6sVWqsz4zBMaDyd+v4HJKRnmeQ==,east_village_south,2018-03-28,2,1,6283723.152881799,1838564.786511009
KqNB5a+M/n+O6sVWqsz4zBMaDyd+v4HJKRnmeQ==,east_village_south,2018-03-28,2,1,6283773.016664806,1838621.3966320774
KqNB5a+M/n+O6sVWqsz4zBMaDyd+v4HJKRnmeQ==,east_village_south,2018-03-28,2,1,6283889.129518839,1838646.2604285576
KqNB5a+M/n+O6sVWqsz4zBMaDyd+v4HJKRnmeQ==,east_village_south,2018-03-28,2,1,6284114.95790827,1838641.9307936062
KqNB5a+M/n+O6sVWqsz4zBMaDyd+v4HJKRnmeQ==,east_village_south,2018-03-28,1,1,6284150.737503903,1838475.3189399398
KqNB5a+M/n+O6sVWqsz4zBMaDyd+v4HJKRnmeQ==,east_village_south,2018-03-28,1,1,6284158.791148128,1838160.2439880064
KqNB5a+M/n+O6sVWqsz4zBMaDyd+v4HJKRnmeQ==,east_village_south,2018-03-28,2,1,6284054.234021192,1837874.4179756453
KqNB5a+M/n+O6sVWqsz4zBMaDyd+v4HJKRnmeQ==,east_village_south,2018-03-28,3,1,6284132.557098542,1837886.4613169027
KqNB5a+M/n+O6sVWqsz4zBMaDyd+v4HJKRnmeQ==,east_village_south,2018-03-28,3,1,6284046.698864229,1837718.795289871
KqNB5a+M/n+O6sVWqsz4zBMaDyd+v4HJKRnmeQ==,east_village_south,2018-03-28,2,1,6284025.635727065,1837648.0880263506
KqNB5a+M/n+O6sVWqsz4zBMaDyd+v4HJKRnmeQ==,east_village_south,2018-03-28,17,1,6284320.481927458,1837859.154680942
KqNB5a+M/n+O6sVWqsz4zBMaDyd+v4HJKRnmeQ==,east_village_south,2018-03-28,1,1,6284314.223608609,1838075.9941821352
KqNB5a+M/n+O6sVWqsz4zBMaDyd+v4HJKRnmeQ==,east_village_south,2018-03-28,1,1,6283039.194330948,1839292.396676861
KqNB5a+M/n+O6sVWqsz4zBMaDyd+v4HJKRnmeQ==,east_village_south,2018-03-28,1,1,6283463.251446195,1839663.5257058535
KqNB5a+M/n+O6sVWqsz4zBMaDyd+v4HJKRnmeQ==,east_village_south,2018-03-28,1,1,6283563.168651929,1839793.6735243003
KqNB5a+M/n+O6sVWqsz4zBMaDyd+v4HJKRnmeQ==,east_village_south,2018-03-28,4,1,6283750.145282237,1839681.729006788
KqNB5a+M/n+O6sVWqsz4zBMaDyd+v4HJKRnmeQ==,east_village_south,2018-03-28,3,1,6283791.854349178,1839785.9028659463
KqNB5a+M/n+O6sVWqsz4zBMaDyd+v4HJKRnmeQ==,east_village_south,2018-03-28,2,1,6283880.39296358,1839675.8456252078
KqNB5a+M/n+O6sVWqsz4zBMaDyd+v4HJKRnmeQ==,east_village_south,2018-03-28,3,1,6283754.722059542,1839573.2815021211
KqNB5a+M/n+O6sVWqsz4zBMaDyd+v4HJKRnmeQ==,east_village_south,2018-03-28,6,1,6283859.026402861,1839578.0542395907
KqNB5a+M/n+O6sVWqsz4zBMaDyd+v4HJKRnmeQ==,east_village_south,2018-03-28,4,1,6283816.407065256,1839392.6280141429
KqNB5a+M/n+O6sVWqsz4zBMaDyd+v4HJKRnmeQ==,east_village_south,2018-03-28,2,1,6283742.774549045,1839282.293714005
KqNB5a+M/n+O6sVWqsz4zBMaDyd+v4HJKRnmeQ==,east_village_south,2018-03-28,1,1,6283805.559465144,1839199.8201686265
KqNB5a+M/n+O6sVWqsz4zBMaDyd+v4HJKRnmeQ==,east_village_south,2018-03-28,1,1,6284017.139243431,1839216.0811659493
KqNB5a+M/n+O6sVWqsz4zBMaDyd+v4HJKRnmeQ==,east_village_south,2018-03-28,2,1,6284165.0617629,1839236.9488576234
KqNB5a+M/n+O6sVWqsz4zBMaDyd+v4HJKRnmeQ==,east_village_south,2018-03-28,1,1,6284019.288424265,1839666.4102039442
KqNB5a+M/n+O6sVWqsz4zBMaDyd+v4HJKRnmeQ==,east_village_south,2018-03-28,2,1,6284155.933424241,1839714.5840502763
KqNB5a+M/n+O6sVWqsz4zBMaDyd+v4HJKRnmeQ==,east_village_south,2018-03-28,8,1,6284090.101560603,1839783.5710427468
KqNB5a+M/n+O6sVWqsz4zBMaDyd+v4HJKRnmeQ==,east_village_south,2018-03-28,6,1,6284397.616110471,1839574.5007559997
KqNB5a+M/n+O6sVWqsz4zBMaDyd+v4HJKRnmeQ==,east_village_south,2018-03-28,3,1,6284641.498617472,1839630.777346923
KqNB5a+M/n+O6sVWqsz4zBMaDyd+v4HJKRnmeQ==,east_village_south,2018-03-28,6,1,6284783.74444925,1839661.9126006637
KqNB5a+M/n+O6sVWqsz4zBMaDyd+v4HJKRnmeQ==,east_village_south,2018-03-28,4,1,6284924.738658866,1839581.3258507566
KqNB5a+M/n+O6sVWqsz4zBMaDyd+v4HJKRnmeQ==,east_village_south,2018-03-28,8,1,6284834.720854635,1839559.3479962747
KqNB5a+M/n+O6sVWqsz4zBMaDyd+v4HJKRnmeQ==,east_village_south,2018-03-28,4,1,6285069.424591075,1839571.7794132123
KqNB5a+M/n+O6sVWqsz4zBMaDyd+v4HJKRnmeQ==,east_village_south,2018-03-28,4,1,6285214.224307116,1839572.3895214542
KqNB5a+M/n+O6sVWqsz4zBMaDyd+v4HJKRnmeQ==,east_village_south,2018-03-28,1,1,6285331.588783312,1839708.9753215825
KqNB5a+M/n+O6sVWqsz4zBMaDyd+v4HJKRnmeQ==,east_village_south,2018-03-28,7,1,6285361.805475087,1839562.7875757695
KqNB5a+M/n+O6sVWqsz4zBMaDyd+v4HJKRnmeQ==,east_village_south,2018-03-28,5,1,6285330.615368752,1839363.5972567117
KqNB5a+M/n+O6sVWqsz4zBMaDyd+v4HJKRnmeQ==,east_village_south,2018-03-28,2,1,6285332.448622073,1839268.7473212336
KqNB5a+M/n+O6sVWqsz4zBMaDyd+v4HJKRnmeQ==,east_village_south,2018-03-28,1,1,6285341.109113407,1839007.840613493
KqNB5a+M/n+O6sVWqsz4zBMaDyd+v4HJKRnmeQ==,east_village_south,2018-03-28,1,1,6285339.263356128,1838584.5956975948
KqNB5a+M/n+O6sVWqsz4zBMaDyd+v4HJKRnmeQ==,east_village_south,2018-03-28,1,1,6285058.728910774,1838617.0641093105
KqNB5a+M/n+O6sVWqsz4zBMaDyd+v4HJKRnmeQ==,east_village_south,2018-03-28,3,1,6285057.325576834,1838491.8000446141
KqNB5a+M/n+O6sVWqsz4zBMaDyd+v4HJKRnmeQ==,east_village_south,2018-03-28,28,1,6285085.076952228,1838125.5538067669
KqNB5a+M/n+O6sVWqsz4zBMaDyd+v4HJKRnmeQ==,east_village_south,2018-03-28,1,1,6285200.772598873,1838113.1769353645
KqNB5a+M/n+O6sVWqsz4zBMaDyd+v4HJKRnmeQ==,east_village_south,2018-03-28,8,1,6285141.8817570815,1838026.263701359
KqNB5a+M/n+O6sVWqsz4zBMaDyd+v4HJKRnmeQ==,east_village_south,2018-03-28,16,1,6284632.9398220815,1837832.8467102058
KqNB5a+M/n+O6sVWqsz4zBMaDyd+v4HJKRnmeQ==,east_village_south,2018-03-28,2,1,6284910.9962390615,1837837.6744745134
KqNB5a+M/n+O6sVWqsz4zBMaDyd+v4HJKRnmeQ==,east_village_south,2018-03-28,4,1,6284911.843365829,1837654.8011422215
KqNB5a+M/n+O6sVWqsz4zBMaDyd+v4HJKRnmeQ==,east_village_south,2018-03-28,1,1,6284782.657666928,1837755.4789511394
KqNB5a+M/n+O6sVWqsz4zBMaDyd+v4HJKRnmeQ==,east_village_south,2018-03-28,1,1,6285126.280451935,1837667.6211161418
KqNB5a+M/n+O6sVWqsz4zBMaDyd+v4HJKRnmeQ==,east_village_south,2018-03-28,2,1,6285202.694420075,1837767.7433623532
KqNB5a+M/n+O6sVWqsz4zBMaDyd+v4HJKRnmeQ==,east_village_south,2018-03-28,2,1,6285335.116706238,1837697.4796826534
KqNB5a+M/n+O6sVWqsz4zBMaDyd+v4HJKRnmeQ==,east_village_south,2018-03-28,1,1,6285362.994369423,1837859.4848419689
KqNB5a+M/n+O6sVWqsz4zBMaDyd+v4HJKRnmeQ==,east_village_south,2018-03-28,1,1,6285211.291351445,1838793.6099948988
KqNB5a+M/n+O6sVWqsz4zBMaDyd+v4HJKRnmeQ==,east_village_south,2018-03-28,1,1,6285057.91971195,1838803.3229568643
KqNB5a+M/n+O6sVWqsz4zBMaDyd+v4HJKRnmeQ==,east_village_south,2018-03-28,1,1,6285062.142425763,1838921.7604828961
KqNB5a+M/n+O6sVWqsz4zBMaDyd+v4HJKRnmeQ==,east_village_south,2018-03-28,1,1,6284916.925502335,1838883.9097067716
KqNB5a+M/n+O6sVWqsz4zBMaDyd+v4HJKRnmeQ==,east_village_south,2018-03-28,1,1,6284927.09039945,1839015.7782775708
KqNB5a+M/n+O6sVWqsz4zBMaDyd+v4HJKRnmeQ==,east_village_south,2018-03-28,1,1,6284785.337630947,1839028.6547222368
KqNB5a+M/n+O6sVWqsz4zBMaDyd+v4HJKRnmeQ==,east_village_south,2018-03-28,1,1,6284645.873251097,1838987.3074145694
KqNB5a+M/n+O6sVWqsz4zBMaDyd+v4HJKRnmeQ==,east_village_south,2018-03-28,1,1,6284496.243974133,1838814.0915361026
KqNB5a+M/n+O6sVWqsz4zBMaDyd+v4HJKRnmeQ==,east_village_south,2018-03-28,2,1,6284924.776794845,1838809.261846585
KqNB5a+M/n+O6sVWqsz4zBMaDyd+v4HJKRnmeQ==,east_village_south,2018-03-28,2,1,6284304.715782472,1839295.223741601
KqNB5a+M/n+O6sVWqsz4zBMaDyd+v4HJKRnmeQ==,east_village_south,2018-03-28,5,1,6285200.557327131,1839386.4082146024
KqNB5a+M/n+O6sVWqsz4zBMaDyd+v4HJKRnmeQ==,east_village_south,2018-03-28,1,1,6285172.148672724,1839177.005841618
KqNB5a+M/n+O6sVWqsz4zBMaDyd+v4HJKRnmeQ==,east_village_south,2018-03-28,1,2,6284163.367509364,1839602.6955222068
KqNB5a+M/n+O6sVWqsz4zBMaDyd+v4HJKRnmeQ==,east_village_south,2018-03-28,2,2,6284166.19960123,1839338.5143154853
KqNB5a+M/n+O6sVWqsz4zBMaDyd+v4HJKRnmeQ==,east_village_south,2018-03-28,1,2,6284530.569387854,1839551.6342899688
KqNB5a+M/n+O6sVWqsz4zBMaDyd+v4HJKRnmeQ==,east_village_south,2018-03-28,7,2,6284106.5122726085,1839180.5052609763
KqNB5a+M/n+O6sVWqsz4zBMaDyd+v4HJKRnmeQ==,east_village_south,2018-03-28,1,2,6283733.873986086,1839004.7924787966
KqNB5a+M/n+O6sVWqsz4zBMaDyd+v4HJKRnmeQ==,east_village_south,2018-03-28,1,2,6283632.136239023,1838712.139927771
KqNB5a+M/n+O6sVWqsz4zBMaDyd+v4HJKRnmeQ==,east_village_south,2018-03-28,4,2,6283883.022911767,1838876.6419907992
KqNB5a+M/n+O6sVWqsz4zBMaDyd+v4HJKRnmeQ==,east_village_south,2018-03-28,1,2,6284351.292546315,1838799.9393668126
KqNB5a+M/n+O6sVWqsz4zBMaDyd+v4HJKRnmeQ==,east_village_south,2018-03-28,1,2,6284160.877185066,1838346.4473274199
KqNB5a+M/n+O6sVWqsz4zBMaDyd+v4HJKRnmeQ==,east_village_south,2018-03-28,1,2,6283309.930862707,1837868.3704761567
KqNB5a+M/n+O6sVWqsz4zBMaDyd+v4HJKRnmeQ==,east_village_south,2018-03-28,1,2,6284166.427584966,1837807.9283681903
KqNB5a+M/n+O6sVWqsz4zBMaDyd+v4HJKRnmeQ==,east_village_south,2018-03-28,4,2,6284293.097327549,1837741.1612200332
KqNB5a+M/n+O6sVWqsz4zBMaDyd+v4HJKRnmeQ==,east_village_south,2018-03-28,1,2,6284833.672000257,1837656.2998620123
KqNB5a+M/n+O6sVWqsz4zBMaDyd+v4HJKRnmeQ==,east_village_south,2018-03-28,1,2,6285373.690257759,1838038.750626437
KqNB5a+M/n+O6sVWqsz4zBMaDyd+v4HJKRnmeQ==,east_village_south,2018-03-28,2,2,6285064.076958959,1838318.9722418278
KqNB5a+M/n+O6sVWqsz4zBMaDyd+v4HJKRnmeQ==,east_village_south,2018-03-28,5,2,6285124.396350642,1838791.8897238488
KqNB5a+M/n+O6sVWqsz4zBMaDyd+v4HJKRnmeQ==,east_village_south,2018-03-28,3,2,6284858.034660543,1838796.996472766
KqNB5a+M/n+O6sVWqsz4zBMaDyd+v4HJKRnmeQ==,east_village_south,2018-03-28,1,2,6284772.125786293,1838883.2995985297
KqNB5a+M/n+O6sVWqsz4zBMaDyd+v4HJKRnmeQ==,east_village_south,2018-03-28,2,2,6284851.890125527,1839023.9925197454
KqNB5a+M/n+O6sVWqsz4zBMaDyd+v4HJKRnmeQ==,east_village_south,2018-03-28,2,2,6285054.771484536,1839297.7747095467
KqNB5a+M/n+O6sVWqsz4zBMaDyd+v4HJKRnmeQ==,east_village_south,2018-03-28,5,2,6285134.00483255,1839391.0704170936
KqNB5a+M/n+O6sVWqsz4zBMaDyd+v4HJKRnmeQ==,east_village_south,2018-03-28,1,2,6285208.029340197,1839277.905201795
KqNB5a+M/n+O6sVWqsz4zBMaDyd+v4HJKRnmeQ==,east_village_south,2018-03-28,1,2,6285138.252762315,1839770.2481264446
KqNB5a+M/n+O6sVWqsz4zBMaDyd+v4HJKRnmeQ==,east_village_south,2018-03-28,5,2,6285050.485418793,1839690.6610043673
KqNB5a+M/n+O6sVWqsz4zBMaDyd+v4HJKRnmeQ==,east_village_south,2018-03-28,2,2,6285209.875097477,1839701.1501176932
KqNB5a+M/n+O6sVWqsz4zBMaDyd+v4HJKRnmeQ==,east_village_south,2018-03-28,8,2,6284908.998145901,1839727.2360558677
KqNB5a+M/n+O6sVWqsz4zBMaDyd+v4HJKRnmeQ==,east_village_south,2018-03-28,1,3,6284434.419760602,1839499.2978144092
KqNB5a+M/n+O6sVWqsz4zBMaDyd+v4HJKRnmeQ==,east_village_south,2018-03-28,1,3,6284889.0097031705,1839493.9685516278
KqNB5a+M/n+O6sVWqsz4zBMaDyd+v4HJKRnmeQ==,east_village_south,2018-03-28,1,3,6284868.743260872,1838718.907589177
KqNB5a+M/n+O6sVWqsz4zBMaDyd+v4HJKRnmeQ==,east_village_south,2018-03-28,1,3,6284213.345492274,1838118.563150194
KqNB5a+M/n+O6sVWqsz4zBMaDyd+v4HJKRnmeQ==,east_village_south,2018-03-28,2,3,6284974.489074109,1838076.8803871712
KqNB5a+M/n+O6sVWqsz4zBMaDyd+v4HJKRnmeQ==,east_village_south,2018-03-28,1,3,6285002.657656891,1837747.8748172068
KqNB5a+M/n+O6sVWqsz4zBMaDyd+v4HJKRnmeQ==,east_village_south,2018-03-28,1,3,6284873.257102316,1837570.8848664952
KqNB5a+M/n+O6sVWqsz4zBMaDyd+v4HJKRnmeQ==,east_village_south,2018-03-28,1,3,6284716.21895618,1837770.297699417
KqNB5a+M/n+O6sVWqsz4zBMaDyd+v4HJKRnmeQ==,east_village_south,2018-03-28,2,3,6284235.685675587,1837786.2830812482
R/WN1tCqJ6nVqIpogqQQA8MLJNmMAzZE26C0YA==,east_village_south,2018-04-25,1,1,6282465.974303735,1839707.248432748
R/WN1tCqJ6nVqIpogqQQA8MLJNmMAzZE26C0YA==,east_village_south,2018-04-25,8,1,6282194.542251811,1839402.9038702843
R/WN1tCqJ6nVqIpogqQQA8MLJNmMAzZE26C0YA==,east_village_south,2018-04-25,1,1,6282632.270701913,1839335.8154753267
R/WN1tCqJ6nVqIpogqQQA8MLJNmMAzZE26C0YA==,east_village_south,2018-04-25,1,1,6282908.170955176,1839315.6668742339
R/WN1tCqJ6nVqIpogqQQA8MLJNmMAzZE26C0YA==,east_village_south,2018-04-25,1,1,6283201.40161839,1839305.8144638848
R/WN1tCqJ6nVqIpogqQQA8MLJNmMAzZE26C0YA==,east_village_south,2018-04-25,2,1,6282690.011812184,1839213.1447518666
R/WN1tCqJ6nVqIpogqQQA8MLJNmMAzZE26C0YA==,east_village_south,2018-04-25,1,1,6282073.802531364,1838947.0676143302
R/WN1tCqJ6nVqIpogqQQA8MLJNmMAzZE26C0YA==,east_village_south,2018-04-25,3,1,6283156.908171841,1838434.0750189763
R/WN1tCqJ6nVqIpogqQQA8MLJNmMAzZE26C0YA==,east_village_south,2018-04-25,14,1,6283525.291123968,1838782.8221537312
R/WN1tCqJ6nVqIpogqQQA8MLJNmMAzZE26C0YA==,east_village_south,2018-04-25,1,1,6283606.402547028,1839015.7699734068
R/WN1tCqJ6nVqIpogqQQA8MLJNmMAzZE26C0YA==,east_village_south,2018-04-25,1,1,6283621.53579284,1838733.0366763824
R/WN1tCqJ6nVqIpogqQQA8MLJNmMAzZE26C0YA==,east_village_south,2018-04-25,1,1,6283728.314722605,1838707.5688341514
R/WN1tCqJ6nVqIpogqQQA8MLJNmMAzZE26C0YA==,east_village_south,2018-04-25,1,1,6283870.6438006135,1838821.300547029
R/WN1tCqJ6nVqIpogqQQA8MLJNmMAzZE26C0YA==,east_village_south,2018-04-25,2,1,6283744.470378881,1839021.3936811336
R/WN1tCqJ6nVqIpogqQQA8MLJNmMAzZE26C0YA==,east_village_south,2018-04-25,5,1,6283807.911354684,1839198.695508387
R/WN1tCqJ6nVqIpogqQQA8MLJNmMAzZE26C0YA==,east_village_south,2018-04-25,3,1,6283745.989766949,1839684.2323045165
R/WN1tCqJ6nVqIpogqQQA8MLJNmMAzZE26C0YA==,east_village_south,2018-04-25,4,1,6283812.305682962,1839784.7544839235
R/WN1tCqJ6nVqIpogqQQA8MLJNmMAzZE26C0YA==,east_village_south,2018-04-25,2,1,6284116.018293637,1839792.2428161264
R/WN1tCqJ6nVqIpogqQQA8MLJNmMAzZE26C0YA==,east_village_south,2018-04-25,5,1,6284090.270018241,1839579.684400213
R/WN1tCqJ6nVqIpogqQQA8MLJNmMAzZE26C0YA==,east_village_south,2018-04-25,6,1,6284431.910739766,1839583.312160302
R/WN1tCqJ6nVqIpogqQQA8MLJNmMAzZE26C0YA==,east_village_south,2018-04-25,7,1,6284628.5828535175,1839581.3838719062
R/WN1tCqJ6nVqIpogqQQA8MLJNmMAzZE26C0YA==,east_village_south,2018-04-25,9,1,6284795.483154704,1839750.6939179641
R/WN1tCqJ6nVqIpogqQQA8MLJNmMAzZE26C0YA==,east_village_south,2018-04-25,10,1,6284918.363128771,1839571.5652911782
R/WN1tCqJ6nVqIpogqQQA8MLJNmMAzZE26C0YA==,east_village_south,2018-04-25,6,1,6284835.318407275,1839540.981185535
R/WN1tCqJ6nVqIpogqQQA8MLJNmMAzZE26C0YA==,east_village_south,2018-04-25,2,1,6284322.803862283,1839298.3082833497
R/WN1tCqJ6nVqIpogqQQA8MLJNmMAzZE26C0YA==,east_village_south,2018-04-25,8,1,6284161.315702751,1839390.5978788927
R/WN1tCqJ6nVqIpogqQQA8MLJNmMAzZE26C0YA==,east_village_south,2018-04-25,6,1,6284063.26622048,1839199.6805627174
R/WN1tCqJ6nVqIpogqQQA8MLJNmMAzZE26C0YA==,east_village_south,2018-04-25,1,1,6284374.400442853,1838816.3614223662
R/WN1tCqJ6nVqIpogqQQA8MLJNmMAzZE26C0YA==,east_village_south,2018-04-25,3,1,6284096.878473201,1838620.2263539159
R/WN1tCqJ6nVqIpogqQQA8MLJNmMAzZE26C0YA==,east_village_south,2018-04-25,3,1,6284303.614026958,1838579.8236675446
R/WN1tCqJ6nVqIpogqQQA8MLJNmMAzZE26C0YA==,east_village_south,2018-04-25,1,1,6284378.502450168,1838443.0300108478
R/WN1tCqJ6nVqIpogqQQA8MLJNmMAzZE26C0YA==,east_village_south,2018-04-25,1,1,6283955.541051854,1838178.5468608194
R/WN1tCqJ6nVqIpogqQQA8MLJNmMAzZE26C0YA==,east_village_south,2018-04-25,2,1,6284128.400487189,1838222.205181449
R/WN1tCqJ6nVqIpogqQQA8MLJNmMAzZE26C0YA==,east_village_south,2018-04-25,2,1,6283807.098197947,1838630.044934644
R/WN1tCqJ6nVqIpogqQQA8MLJNmMAzZE26C0YA==,east_village_south,2018-04-25,1,1,6284890.831599605,1838200.775050081
R/WN1tCqJ6nVqIpogqQQA8MLJNmMAzZE26C0YA==,east_village_south,2018-04-25,4,1,6284287.769952729,1837847.3514369868
R/WN1tCqJ6nVqIpogqQQA8MLJNmMAzZE26C0YA==,east_village_south,2018-04-25,8,1,6284426.020881594,1837877.394268694
R/WN1tCqJ6nVqIpogqQQA8MLJNmMAzZE26C0YA==,east_village_south,2018-04-25,1,1,6284417.603016149,1837675.1320435246
R/WN1tCqJ6nVqIpogqQQA8MLJNmMAzZE26C0YA==,east_village_south,2018-04-25,6,1,6284621.280532685,1837687.0898810187
R/WN1tCqJ6nVqIpogqQQA8MLJNmMAzZE26C0YA==,east_village_south,2018-04-25,5,1,6284828.22534017,1837674.5947649113
R/WN1tCqJ6nVqIpogqQQA8MLJNmMAzZE26C0YA==,east_village_south,2018-04-25,2,1,6284918.746285338,1837781.8570295374
R/WN1tCqJ6nVqIpogqQQA8MLJNmMAzZE26C0YA==,east_village_south,2018-04-25,2,1,6284829.742429694,1837876.9246493226
R/WN1tCqJ6nVqIpogqQQA8MLJNmMAzZE26C0YA==,east_village_south,2018-04-25,3,1,6285064.264184147,1837860.6704499645
R/WN1tCqJ6nVqIpogqQQA8MLJNmMAzZE26C0YA==,east_village_south,2018-04-25,3,1,6285194.908105761,1837796.592891274
R/WN1tCqJ6nVqIpogqQQA8MLJNmMAzZE26C0YA==,east_village_south,2018-04-25,20,1,6285089.9601461105,1838066.2519733119
R/WN1tCqJ6nVqIpogqQQA8MLJNmMAzZE26C0YA==,east_village_south,2018-04-25,3,1,6285345.678907387,1837655.5665366326
R/WN1tCqJ6nVqIpogqQQA8MLJNmMAzZE26C0YA==,east_village_south,2018-04-25,1,1,6285372.578078284,1838021.6165889963
R/WN1tCqJ6nVqIpogqQQA8MLJNmMAzZE26C0YA==,east_village_south,2018-04-25,7,1,6285200.767210131,1838578.0048586563
R/WN1tCqJ6nVqIpogqQQA8MLJNmMAzZE26C0YA==,east_village_south,2018-04-25,14,1,6285079.375870329,1838495.4661845996
R/WN1tCqJ6nVqIpogqQQA8MLJNmMAzZE26C0YA==,east_village_south,2018-04-25,5,1,6285054.623848681,1838875.9774664096
R/WN1tCqJ6nVqIpogqQQA8MLJNmMAzZE26C0YA==,east_village_south,2018-04-25,5,1,6285203.356725008,1838923.361040669
R/WN1tCqJ6nVqIpogqQQA8MLJNmMAzZE26C0YA==,east_village_south,2018-04-25,2,1,6285366.021936757,1838988.0515278592
R/WN1tCqJ6nVqIpogqQQA8MLJNmMAzZE26C0YA==,east_village_south,2018-04-25,2,1,6285159.234069567,1839021.4773216646
R/WN1tCqJ6nVqIpogqQQA8MLJNmMAzZE26C0YA==,east_village_south,2018-04-25,4,1,6285095.400743025,1838791.848800167
R/WN1tCqJ6nVqIpogqQQA8MLJNmMAzZE26C0YA==,east_village_south,2018-04-25,4,1,6284923.666046477,1838898.1936697045
R/WN1tCqJ6nVqIpogqQQA8MLJNmMAzZE26C0YA==,east_village_south,2018-04-25,4,1,6284824.363340383,1839000.3396709186
R/WN1tCqJ6nVqIpogqQQA8MLJNmMAzZE26C0YA==,east_village_south,2018-04-25,1,1,6284854.056682799,1838818.6359976162
R/WN1tCqJ6nVqIpogqQQA8MLJNmMAzZE26C0YA==,east_village_south,2018-04-25,2,1,6285060.506811225,1839200.3691411037
R/WN1tCqJ6nVqIpogqQQA8MLJNmMAzZE26C0YA==,east_village_south,2018-04-25,2,1,6285344.327952331,1839316.2022858039
R/WN1tCqJ6nVqIpogqQQA8MLJNmMAzZE26C0YA==,east_village_south,2018-04-25,2,1,6285198.5769416215,1839666.5015878016
R/WN1tCqJ6nVqIpogqQQA8MLJNmMAzZE26C0YA==,east_village_south,2018-04-25,10,1,6285073.865997439,1839601.4389747807
R/WN1tCqJ6nVqIpogqQQA8MLJNmMAzZE26C0YA==,east_village_south,2018-04-25,2,2,6282204.030244066,1839287.6836540836
R/WN1tCqJ6nVqIpogqQQA8MLJNmMAzZE26C0YA==,east_village_south,2018-04-25,3,2,6284019.143565039,1839297.796843713
R/WN1tCqJ6nVqIpogqQQA8MLJNmMAzZE26C0YA==,east_village_south,2018-04-25,2,2,6284167.01326974,1839230.0616906346
R/WN1tCqJ6nVqIpogqQQA8MLJNmMAzZE26C0YA==,east_village_south,2018-04-25,1,2,6283882.041233133,1838960.7369094843
R/WN1tCqJ6nVqIpogqQQA8MLJNmMAzZE26C0YA==,east_village_south,2018-04-25,1,2,6284540.045221674,1838818.226046842
R/WN1tCqJ6nVqIpogqQQA8MLJNmMAzZE26C0YA==,east_village_south,2018-04-25,5,2,6285106.878944236,1839402.2592404424
R/WN1tCqJ6nVqIpogqQQA8MLJNmMAzZE26C0YA==,east_village_south,2018-04-25,1,2,6285365.658041276,1839399.7220188691
R/WN1tCqJ6nVqIpogqQQA8MLJNmMAzZE26C0YA==,east_village_south,2018-04-25,1,2,6285222.023426015,1839572.076730815
R/WN1tCqJ6nVqIpogqQQA8MLJNmMAzZE26C0YA==,east_village_south,2018-04-25,1,2,6285161.538159113,1839788.969333536
R/WN1tCqJ6nVqIpogqQQA8MLJNmMAzZE26C0YA==,east_village_south,2018-04-25,6,2,6285061.00608737,1839727.158359451
R/WN1tCqJ6nVqIpogqQQA8MLJNmMAzZE26C0YA==,east_village_south,2018-04-25,3,2,6284926.127076318,1839686.6163592737
R/WN1tCqJ6nVqIpogqQQA8MLJNmMAzZE26C0YA==,east_village_south,2018-04-25,1,2,6284864.857107938,1839798.8555735059
R/WN1tCqJ6nVqIpogqQQA8MLJNmMAzZE26C0YA==,east_village_south,2018-04-25,1,2,6284780.530707361,1839597.3375999979
R/WN1tCqJ6nVqIpogqQQA8MLJNmMAzZE26C0YA==,east_village_south,2018-04-25,1,2,6284636.686838372,1839741.7847416801
R/WN1tCqJ6nVqIpogqQQA8MLJNmMAzZE26C0YA==,east_village_south,2018-04-25,1,2,6285055.434706876,1838984.1193011813
R/WN1tCqJ6nVqIpogqQQA8MLJNmMAzZE26C0YA==,east_village_south,2018-04-25,1,2,6285188.613531392,1838797.9122929664
R/WN1tCqJ6nVqIpogqQQA8MLJNmMAzZE26C0YA==,east_village_south,2018-04-25,2,2,6285066.594430408,1838631.6509081188
R/WN1tCqJ6nVqIpogqQQA8MLJNmMAzZE26C0YA==,east_village_south,2018-04-25,2,2,6285063.952602099,1838279.3178335403
R/WN1tCqJ6nVqIpogqQQA8MLJNmMAzZE26C0YA==,east_village_south,2018-04-25,1,2,6283901.904247442,1838388.3949117325
R/WN1tCqJ6nVqIpogqQQA8MLJNmMAzZE26C0YA==,east_village_south,2018-04-25,1,2,6284629.306047391,1837837.025411944
R/WN1tCqJ6nVqIpogqQQA8MLJNmMAzZE26C0YA==,east_village_south,2018-04-25,2,2,6282944.156573418,1837672.1350602675
R/WN1tCqJ6nVqIpogqQQA8MLJNmMAzZE26C0YA==,east_village_south,2018-04-25,1,3,6284099.8364806445,1839474.9295228613
R/WN1tCqJ6nVqIpogqQQA8MLJNmMAzZE26C0YA==,east_village_south,2018-04-25,1,3,6284722.214149339,1839643.262505233
R/WN1tCqJ6nVqIpogqQQA8MLJNmMAzZE26C0YA==,east_village_south,2018-04-25,1,3,6285281.386252674,1839665.6896768983
R/WN1tCqJ6nVqIpogqQQA8MLJNmMAzZE26C0YA==,east_village_south,2018-04-25,1,3,6285376.506182761,1839465.9010093822
R/WN1tCqJ6nVqIpogqQQA8MLJNmMAzZE26C0YA==,east_village_south,2018-04-25,1,3,6285155.681353286,1839468.0661051248
R/WN1tCqJ6nVqIpogqQQA8MLJNmMAzZE26C0YA==,east_village_south,2018-04-25,2,3,6284977.7782688625,1839672.1551298273
R/WN1tCqJ6nVqIpogqQQA8MLJNmMAzZE26C0YA==,east_village_south,2018-04-25,1,3,6284200.335500042,1838151.7258337494
R/WN1tCqJ6nVqIpogqQQA8MLJNmMAzZE26C0YA==,east_village_south,2018-04-25,2,3,6284722.074171587,1837783.7853179332
R/WN1tCqJ6nVqIpogqQQA8MLJNmMAzZE26C0YA==,east_village_south,2018-04-25,1,3,6284977.193626939,1837753.374355717
R/WN1tCqJ6nVqIpogqQQA8MLJNmMAzZE26C0YA==,east_village_south,2018-04-25,1,3,6285277.638946665,1837785.3156415217
I+m1U7WBwGNn44rjBkQn3DIlp5VGNoW6KB560w==,east_village_south,2018-05-03,1,1,6282330.761591001,1839697.0490480594
I+m1U7WBwGNn44rjBkQn3DIlp5VGNoW6KB560w==,east_village_south,2018-05-03,1,1,6282426.468600497,1839643.2762791903
I+m1U7WBwGNn44rjBkQn3DIlp5VGNoW6KB560w==,east_village_south,2018-05-03,2,1,6282620.96158984,1839356.2233500846
I+m1U7WBwGNn44rjBkQn3DIlp5VGNoW6KB560w==,east_village_south,2018-05-03,2,1,6282673.266533919,1839226.2698521623
I+m1U7WBwGNn44rjBkQn3DIlp5VGNoW6KB560w==,east_village_south,2018-05-03,6,1,6282191.963166219,1839365.5202970474
I+m1U7WBwGNn44rjBkQn3DIlp5VGNoW6KB560w==,east_village_south,2018-05-03,3,1,6282104.955275622,1839415.9154866883
I+m1U7WBwGNn44rjBkQn3DIlp5VGNoW6KB560w==,east_village_south,2018-05-03,3,1,6282059.03541428,1838960.8303978296
I+m1U7WBwGNn44rjBkQn3DIlp5VGNoW6KB560w==,east_village_south,2018-05-03,1,1,6283201.034235768,1839000.3121423193
I+m1U7WBwGNn44rjBkQn3DIlp5VGNoW6KB560w==,east_village_south,2018-05-03,1,1,6283305.156436622,1839225.6915492793
I+m1U7WBwGNn44rjBkQn3DIlp5VGNoW6KB560w==,east_village_south,2018-05-03,1,1,6283502.113776706,1839370.7250515192
I+m1U7WBwGNn44rjBkQn3DIlp5VGNoW6KB560w==,east_village_south,2018-05-03,1,1,6283513.293947964,1839782.81450628
I+m1U7WBwGNn44rjBkQn3DIlp5VGNoW6KB560w==,east_village_south,2018-05-03,1,1,6283030.341268577,1838678.9519288307
I+m1U7WBwGNn44rjBkQn3DIlp5VGNoW6KB560w==,east_village_south,2018-05-03,1,1,6283499.565917866,1839021.7356069554
I+m1U7WBwGNn44rjBkQn3DIlp5VGNoW6KB560w==,east_village_south,2018-05-03,3,1,6283465.023306898,1838782.6310840528
I+m1U7WBwGNn44rjBkQn3DIlp5VGNoW6KB560w==,east_village_south,2018-05-03,3,1,6283618.705513876,1838725.1764373314
I+m1U7WBwGNn44rjBkQn3DIlp5VGNoW6KB560w==,east_village_south,2018-05-03,1,1,6283725.963470591,1838714.5425019125
I+m1U7WBwGNn44rjBkQn3DIlp5VGNoW6KB560w==,east_village_south,2018-05-03,1,1,6283752.161037004,1838604.693380089
I+m1U7WBwGNn44rjBkQn3DIlp5VGNoW6KB560w==,east_village_south,2018-05-03,3,1,6283711.684287036,1838501.9037153465
I+m1U7WBwGNn44rjBkQn3DIlp5VGNoW6KB560w==,east_village_south,2018-05-03,1,1,6283378.2525793025,1838597.0308312336
I+m1U7WBwGNn44rjBkQn3DIlp5VGNoW6KB560w==,east_village_south,2018-05-03,1,1,6283184.521183827,1838126.2392408904
I+m1U7WBwGNn44rjBkQn3DIlp5VGNoW6KB560w==,east_village_south,2018-05-03,4,1,6283726.464519188,1838215.9605812223
I+m1U7WBwGNn44rjBkQn3DIlp5VGNoW6KB560w==,east_village_south,2018-05-03,1,1,6283893.540723866,1839251.9727809522
I+m1U7WBwGNn44rjBkQn3DIlp5VGNoW6KB560w==,east_village_south,2018-05-03,1,1,6283745.311649233,1839651.7512133762
I+m1U7WBwGNn44rjBkQn3DIlp5VGNoW6KB560w==,east_village_south,2018-05-03,3,1,6283811.825630062,1839804.237970916
I+m1U7WBwGNn44rjBkQn3DIlp5VGNoW6KB560w==,east_village_south,2018-05-03,3,1,6284084.527181386,1839569.8838155363
I+m1U7WBwGNn44rjBkQn3DIlp5VGNoW6KB560w==,east_village_south,2018-05-03,5,1,6284032.723285906,1839201.2553927687
I+m1U7WBwGNn44rjBkQn3DIlp5VGNoW6KB560w==,east_village_south,2018-05-03,1,1,6284166.021813806,1839236.994670676
I+m1U7WBwGNn44rjBkQn3DIlp5VGNoW6KB560w==,east_village_south,2018-05-03,4,1,6283885.188998662,1838909.666895169
I+m1U7WBwGNn44rjBkQn3DIlp5VGNoW6KB560w==,east_village_south,2018-05-03,13,1,6283745.96301241,1839003.5947164793
I+m1U7WBwGNn44rjBkQn3DIlp5VGNoW6KB560w==,east_village_south,2018-05-03,6,1,6283961.0601422135,1838403.971817641
I+m1U7WBwGNn44rjBkQn3DIlp5VGNoW6KB560w==,east_village_south,2018-05-03,6,1,6284152.200254637,1838568.9843965466
I+m1U7WBwGNn44rjBkQn3DIlp5VGNoW6KB560w==,east_village_south,2018-05-03,2,1,6284016.263679149,1838274.0004197995
I+m1U7WBwGNn44rjBkQn3DIlp5VGNoW6KB560w==,east_village_south,2018-05-03,7,1,6284140.979999491,1838196.781495441
I+m1U7WBwGNn44rjBkQn3DIlp5VGNoW6KB560w==,east_village_south,2018-05-03,1,1,6284384.4150350215,1838241.812214838
I+m1U7WBwGNn44rjBkQn3DIlp5VGNoW6KB560w==,east_village_south,2018-05-03,1,1,6284302.920402601,1838574.7013596983
I+m1U7WBwGNn44rjBkQn3DIlp5VGNoW6KB560w==,east_village_south,2018-05-03,1,1,6284135.316426734,1838063.8621164286
I+m1U7WBwGNn44rjBkQn3DIlp5VGNoW6KB560w==,east_village_south,2018-05-03,4,1,6283602.359478134,1837684.909562339
I+m1U7WBwGNn44rjBkQn3DIlp5VGNoW6KB560w==,east_village_south,2018-05-03,2,1,6282819.709343579,1837719.6574557256
I+m1U7WBwGNn44rjBkQn3DIlp5VGNoW6KB560w==,east_village_south,2018-05-03,1,1,6282280.464181636,1837829.3509837505
I+m1U7WBwGNn44rjBkQn3DIlp5VGNoW6KB560w==,east_village_south,2018-05-03,8,1,6284297.814663949,1837886.6941089842
I+m1U7WBwGNn44rjBkQn3DIlp5VGNoW6KB560w==,east_village_south,2018-05-03,3,1,6284494.905616993,1837898.7724323734
I+m1U7WBwGNn44rjBkQn3DIlp5VGNoW6KB560w==,east_village_south,2018-05-03,13,1,6284634.084838709,1837851.378923661
I+m1U7WBwGNn44rjBkQn3DIlp5VGNoW6KB560w==,east_village_south,2018-05-03,3,1,6284892.042901444,1837866.4052282213
I+m1U7WBwGNn44rjBkQn3DIlp5VGNoW6KB560w==,east_village_south,2018-05-03,2,1,6284779.067926789,1837797.3018561678
I+m1U7WBwGNn44rjBkQn3DIlp5VGNoW6KB560w==,east_village_south,2018-05-03,3,1,6284866.169346458,1837653.8380413319
I+m1U7WBwGNn44rjBkQn3DIlp5VGNoW6KB560w==,east_village_south,2018-05-03,2,1,6285054.410866024,1837818.8685201565
I+m1U7WBwGNn44rjBkQn3DIlp5VGNoW6KB560w==,east_village_south,2018-05-03,3,1,6285193.60678936,1837754.8556140878
I+m1U7WBwGNn44rjBkQn3DIlp5VGNoW6KB560w==,east_village_south,2018-05-03,8,1,6285129.543797975,1838047.7508057784
I+m1U7WBwGNn44rjBkQn3DIlp5VGNoW6KB560w==,east_village_south,2018-05-03,15,1,6285056.975426484,1838151.2385673642
I+m1U7WBwGNn44rjBkQn3DIlp5VGNoW6KB560w==,east_village_south,2018-05-03,5,1,6285193.172547243,1838186.9599453525
I+m1U7WBwGNn44rjBkQn3DIlp5VGNoW6KB560w==,east_village_south,2018-05-03,7,1,6285065.267025856,1838553.3742836302
I+m1U7WBwGNn44rjBkQn3DIlp5VGNoW6KB560w==,east_village_south,2018-05-03,5,1,6285181.397798316,1838366.521036477
I+m1U7WBwGNn44rjBkQn3DIlp5VGNoW6KB560w==,east_village_south,2018-05-03,1,1,6284873.913132697,1838601.0899908857
I+m1U7WBwGNn44rjBkQn3DIlp5VGNoW6KB560w==,east_village_south,2018-05-03,1,1,6284847.608675917,1838817.3032557894
I+m1U7WBwGNn44rjBkQn3DIlp5VGNoW6KB560w==,east_village_south,2018-05-03,2,1,6284919.969947321,1838919.8960214225
I+m1U7WBwGNn44rjBkQn3DIlp5VGNoW6KB560w==,east_village_south,2018-05-03,4,1,6284844.516344268,1839010.106165042
I+m1U7WBwGNn44rjBkQn3DIlp5VGNoW6KB560w==,east_village_south,2018-05-03,8,1,6284447.0884516295,1839331.6508831943
I+m1U7WBwGNn44rjBkQn3DIlp5VGNoW6KB560w==,east_village_south,2018-05-03,2,1,6284499.393395708,1839201.6973852718
I+m1U7WBwGNn44rjBkQn3DIlp5VGNoW6KB560w==,east_village_south,2018-05-03,3,1,6284299.210111016,1839382.421971135
I+m1U7WBwGNn44rjBkQn3DIlp5VGNoW6KB560w==,east_village_south,2018-05-03,1,1,6284319.306522231,1839575.0816810352
I+m1U7WBwGNn44rjBkQn3DIlp5VGNoW6KB560w==,east_village_south,2018-05-03,1,1,6284808.95827481,1839781.4610014046
I+m1U7WBwGNn44rjBkQn3DIlp5VGNoW6KB560w==,east_village_south,2018-05-03,1,1,6284843.965190811,1839558.546277801
I+m1U7WBwGNn44rjBkQn3DIlp5VGNoW6KB560w==,east_village_south,2018-05-03,14,1,6284919.2584583135,1839627.8823488022
I+m1U7WBwGNn44rjBkQn3DIlp5VGNoW6KB560w==,east_village_south,2018-05-03,2,1,6285052.660536258,1839560.5813631003
I+m1U7WBwGNn44rjBkQn3DIlp5VGNoW6KB560w==,east_village_south,2018-05-03,2,1,6285185.805409255,1839749.219096686
I+m1U7WBwGNn44rjBkQn3DIlp5VGNoW6KB560w==,east_village_south,2018-05-03,1,1,6285145.408827064,1839566.656324633
I+m1U7WBwGNn44rjBkQn3DIlp5VGNoW6KB560w==,east_village_south,2018-05-03,1,1,6285365.7219262095,1839545.3526539572
I+m1U7WBwGNn44rjBkQn3DIlp5VGNoW6KB560w==,east_village_south,2018-05-03,1,1,6285357.196504159,1839375.8885006797
I+m1U7WBwGNn44rjBkQn3DIlp5VGNoW6KB560w==,east_village_south,2018-05-03,1,1,6285348.63099822,1839246.3109010574
I+m1U7WBwGNn44rjBkQn3DIlp5VGNoW6KB560w==,east_village_south,2018-05-03,9,1,6285197.840703453,1839310.3954068024
I+m1U7WBwGNn44rjBkQn3DIlp5VGNoW6KB560w==,east_village_south,2018-05-03,8,1,6285122.410482667,1839377.3383941231
I+m1U7WBwGNn44rjBkQn3DIlp5VGNoW6KB560w==,east_village_south,2018-05-03,5,1,6285055.85641795,1839264.7381902384
I+m1U7WBwGNn44rjBkQn3DIlp5VGNoW6KB560w==,east_village_south,2018-05-03,3,1,6285186.536940208,1839021.2894924784
I+m1U7WBwGNn44rjBkQn3DIlp5VGNoW6KB560w==,east_village_south,2018-05-03,5,1,6285198.345092374,1838808.4896066412
I+m1U7WBwGNn44rjBkQn3DIlp5VGNoW6KB560w==,east_village_south,2018-05-03,1,1,6285047.501352422,1838925.7561839265
I+m1U7WBwGNn44rjBkQn3DIlp5VGNoW6KB560w==,east_village_south,2018-05-03,3,2,6282200.779196456,1839245.8069363248
I+m1U7WBwGNn44rjBkQn3DIlp5VGNoW6KB560w==,east_village_south,2018-05-03,1,2,6283734.532316853,1838840.7962220632
I+m1U7WBwGNn44rjBkQn3DIlp5VGNoW6KB560w==,east_village_south,2018-05-03,1,2,6283832.870693288,1839052.9159109765
I+m1U7WBwGNn44rjBkQn3DIlp5VGNoW6KB560w==,east_village_south,2018-05-03,3,2,6283795.058713499,1839182.7799093036
I+m1U7WBwGNn44rjBkQn3DIlp5VGNoW6KB560w==,east_village_south,2018-05-03,5,2,6284018.1067296285,1839324.3284328007
I+m1U7WBwGNn44rjBkQn3DIlp5VGNoW6KB560w==,east_village_south,2018-05-03,4,2,6283714.736534797,1838348.9873597492
I+m1U7WBwGNn44rjBkQn3DIlp5VGNoW6KB560w==,east_village_south,2018-05-03,2,2,6283692.219197053,1837681.0307853771
I+m1U7WBwGNn44rjBkQn3DIlp5VGNoW6KB560w==,east_village_south,2018-05-03,2,2,6284295.056364699,1837747.1090711101
I+m1U7WBwGNn44rjBkQn3DIlp5VGNoW6KB560w==,east_village_south,2018-05-03,4,2,6284154.023263173,1839639.2556863755
I+m1U7WBwGNn44rjBkQn3DIlp5VGNoW6KB560w==,east_village_south,2018-05-03,1,2,6284406.267648293,1839571.2208039924
I+m1U7WBwGNn44rjBkQn3DIlp5VGNoW6KB560w==,east_village_south,2018-05-03,1,2,6284924.942073014,1839740.8584509871
I+m1U7WBwGNn44rjBkQn3DIlp5VGNoW6KB560w==,east_village_south,2018-05-03,1,2,6284930.929657197,1839551.361521287
I+m1U7WBwGNn44rjBkQn3DIlp5VGNoW6KB560w==,east_village_south,2018-05-03,1,2,6285095.925648392,1839773.0411504754
I+m1U7WBwGNn44rjBkQn3DIlp5VGNoW6KB560w==,east_village_south,2018-05-03,1,2,6285046.776502118,1839647.0380291913
I+m1U7WBwGNn44rjBkQn3DIlp5VGNoW6KB560w==,east_village_south,2018-05-03,2,2,6284775.060346369,1838900.8477405475
I+m1U7WBwGNn44rjBkQn3DIlp5VGNoW6KB560w==,east_village_south,2018-05-03,1,2,6285108.2715927195,1839025.0966697643
I+m1U7WBwGNn44rjBkQn3DIlp5VGNoW6KB560w==,east_village_south,2018-05-03,5,2,6285102.71491033,1838785.813147671
I+m1U7WBwGNn44rjBkQn3DIlp5VGNoW6KB560w==,east_village_south,2018-05-03,1,2,6285195.720406082,1838535.9493899164
I+m1U7WBwGNn44rjBkQn3DIlp5VGNoW6KB560w==,east_village_south,2018-05-03,3,2,6285042.265341136,1838367.3802325916
I+m1U7WBwGNn44rjBkQn3DIlp5VGNoW6KB560w==,east_village_south,2018-05-03,1,2,6285358.535974075,1838043.0128327017
I+m1U7WBwGNn44rjBkQn3DIlp5VGNoW6KB560w==,east_village_south,2018-05-03,1,3,6283960.535711348,1838925.82089463
I+m1U7WBwGNn44rjBkQn3DIlp5VGNoW6KB560w==,east_village_south,2018-05-03,2,3,6284084.978125124,1839121.1600869151
I+m1U7WBwGNn44rjBkQn3DIlp5VGNoW6KB560w==,east_village_south,2018-05-03,1,3,6284857.547055012,1837580.766392721
I+m1U7WBwGNn44rjBkQn3DIlp5VGNoW6KB560w==,east_village_south,2018-05-03,1,3,6285138.720583202,1837569.0584621588
I+m1U7WBwGNn44rjBkQn3DIlp5VGNoW6KB560w==,east_village_south,2018-05-03,3,3,6284979.097556578,1837769.475725983
I+m1U7WBwGNn44rjBkQn3DIlp5VGNoW6KB560w==,east_village_south,2018-05-03,2,3,6285286.338378546,1837777.5499729768
I+m1U7WBwGNn44rjBkQn3DIlp5VGNoW6KB560w==,east_village_south,2018-05-03,1,3,6285281.946660868,1839263.3419965522
I+m1U7WBwGNn44rjBkQn3DIlp5VGNoW6KB560w==,east_village_south,2018-05-03,1,3,6285250.39617183,1838931.150948535
I+m1U7WBwGNn44rjBkQn3DIlp5VGNoW6KB560w==,east_village_south,2018-05-03,1,3,6285123.088568435,1838702.590861456
I+m1U7WBwGNn44rjBkQn3DIlp5VGNoW6KB560w==,east_village_south,2018-05-03,1,3,6285139.711851067,1839466.975740333
I+m1U7WBwGNn44rjBkQn3DIlp5VGNoW6KB560w==,east_village_south,2018-05-03,1,3,6284725.046056185,1839635.7294023214
I+m1U7WBwGNn44rjBkQn3DIlp5VGNoW6KB560w==,east_village_south,2018-05-03,1,3,6284732.66371847,1837824.179290643
AvBhUUNNH5wp6WHrvQ/ooWXAaA6fySNe5e12Hg==,east_village_south,2018-06-28,2,1,6282480.1032871185,1839695.365022641
AvBhUUNNH5wp6WHrvQ/ooWXAaA6fySNe5e12Hg==,east_village_south,2018-06-28,4,1,6282191.515161801,1839316.516691323
AvBhUUNNH5wp6WHrvQ/ooWXAaA6fySNe5e12Hg==,east_village_south,2018-06-28,4,1,6282078.339467884,1839416.9125924243
AvBhUUNNH5wp6WHrvQ/ooWXAaA6fySNe5e12Hg==,east_village_south,2018-06-28,4,1,6282660.825321192,1839218.1318183595
AvBhUUNNH5wp6WHrvQ/ooWXAaA6fySNe5e12Hg==,east_village_south,2018-06-28,1,1,6282767.8686412135,1839253.0313220255
AvBhUUNNH5wp6WHrvQ/ooWXAaA6fySNe5e12Hg==,east_village_south,2018-06-28,1,1,6282909.849871742,1839211.6278989522
AvBhUUNNH5wp6WHrvQ/ooWXAaA6fySNe5e12Hg==,east_village_south,2018-06-28,1,1,6283248.636085221,1839203.968382491
AvBhUUNNH5wp6WHrvQ/ooWXAaA6fySNe5e12Hg==,east_village_south,2018-06-28,1,1,6283593.887647098,1838929.0906806588
AvBhUUNNH5wp6WHrvQ/ooWXAaA6fySNe5e12Hg==,east_village_south,2018-06-28,1,1,6283452.172796174,1838864.955879249
AvBhUUNNH5wp6WHrvQ/ooWXAaA6fySNe5e12Hg==,east_village_south,2018-06-28,1,1,6283507.562605253,1838715.8344819075
AvBhUUNNH5wp6WHrvQ/ooWXAaA6fySNe5e12Hg==,east_village_south,2018-06-28,2,1,6283088.209127508,1838523.3555230293
AvBhUUNNH5wp6WHrvQ/ooWXAaA6fySNe5e12Hg==,east_village_south,2018-06-28,2,1,6283152.110737515,1838443.381753532
AvBhUUNNH5wp6WHrvQ/ooWXAaA6fySNe5e12Hg==,east_village_south,2018-06-28,1,1,6283198.555878812,1838396.6123431316
AvBhUUNNH5wp6WHrvQ/ooWXAaA6fySNe5e12Hg==,east_village_south,2018-06-28,2,1,6283626.238021507,1838730.7964591857
AvBhUUNNH5wp6WHrvQ/ooWXAaA6fySNe5e12Hg==,east_village_south,2018-06-28,2,1,6282212.151537029,1838023.449777461
AvBhUUNNH5wp6WHrvQ/ooWXAaA6fySNe5e12Hg==,east_village_south,2018-06-28,2,1,6282360.506547968,1837751.1069336827
AvBhUUNNH5wp6WHrvQ/ooWXAaA6fySNe5e12Hg==,east_village_south,2018-06-28,1,1,6283290.140577153,1837673.1795222722
AvBhUUNNH5wp6WHrvQ/ooWXAaA6fySNe5e12Hg==,east_village_south,2018-06-28,1,1,6283440.550364982,1837733.904422194
AvBhUUNNH5wp6WHrvQ/ooWXAaA6fySNe5e12Hg==,east_village_south,2018-06-28,1,1,6283716.008008798,1838726.3427926165
AvBhUUNNH5wp6WHrvQ/ooWXAaA6fySNe5e12Hg==,east_village_south,2018-06-28,1,1,6283719.835874924,1838356.921729602
AvBhUUNNH5wp6WHrvQ/ooWXAaA6fySNe5e12Hg==,east_village_south,2018-06-28,1,1,6283847.206228082,1838368.473805392
AvBhUUNNH5wp6WHrvQ/ooWXAaA6fySNe5e12Hg==,east_village_south,2018-06-28,1,1,6284012.085379116,1838432.3103882072
AvBhUUNNH5wp6WHrvQ/ooWXAaA6fySNe5e12Hg==,east_village_south,2018-06-28,1,1,6283887.235967156,1838569.1341632719
AvBhUUNNH5wp6WHrvQ/ooWXAaA6fySNe5e12Hg==,east_village_south,2018-06-28,1,1,6283853.296980163,1838249.6687482
AvBhUUNNH5wp6WHrvQ/ooWXAaA6fySNe5e12Hg==,east_village_south,2018-06-28,1,1,6283723.264171646,1838145.8080033117
AvBhUUNNH5wp6WHrvQ/ooWXAaA6fySNe5e12Hg==,east_village_south,2018-06-28,1,1,6283871.019828476,1838110.92616462
AvBhUUNNH5wp6WHrvQ/ooWXAaA6fySNe5e12Hg==,east_village_south,2018-06-28,1,1,6284091.230518053,1838048.7278366997
AvBhUUNNH5wp6WHrvQ/ooWXAaA6fySNe5e12Hg==,east_village_south,2018-06-28,3,1,6284328.664594186,1838045.671096105
AvBhUUNNH5wp6WHrvQ/ooWXAaA6fySNe5e12Hg==,east_village_south,2018-06-28,2,1,6284152.594538138,1837826.9743553777
AvBhUUNNH5wp6WHrvQ/ooWXAaA6fySNe5e12Hg==,east_village_south,2018-06-28,1,1,6284011.062823191,1837690.2820246357
AvBhUUNNH5wp6WHrvQ/ooWXAaA6fySNe5e12Hg==,east_village_south,2018-06-28,1,1,6284442.5312102,1837671.535425251
AvBhUUNNH5wp6WHrvQ/ooWXAaA6fySNe5e12Hg==,east_village_south,2018-06-28,7,1,6284303.254056845,1837788.7571698467
AvBhUUNNH5wp6WHrvQ/ooWXAaA6fySNe5e12Hg==,east_village_south,2018-06-28,6,1,6284442.015099717,1837876.0157351866
AvBhUUNNH5wp6WHrvQ/ooWXAaA6fySNe5e12Hg==,east_village_south,2018-06-28,14,1,6284641.857134346,1837853.6551827174
AvBhUUNNH5wp6WHrvQ/ooWXAaA6fySNe5e12Hg==,east_village_south,2018-06-28,1,1,6284622.062860418,1837665.9261616275
AvBhUUNNH5wp6WHrvQ/ooWXAaA6fySNe5e12Hg==,east_village_south,2018-06-28,5,1,6284775.068508706,1837845.3442867682
AvBhUUNNH5wp6WHrvQ/ooWXAaA6fySNe5e12Hg==,east_village_south,2018-06-28,3,1,6284879.23293994,1837873.6849287283
AvBhUUNNH5wp6WHrvQ/ooWXAaA6fySNe5e12Hg==,east_village_south,2018-06-28,2,1,6284818.942762632,1837669.9874426036
AvBhUUNNH5wp6WHrvQ/ooWXAaA6fySNe5e12Hg==,east_village_south,2018-06-28,9,1,6283716.324334577,1838601.016151043
AvBhUUNNH5wp6WHrvQ/ooWXAaA6fySNe5e12Hg==,east_village_south,2018-06-28,1,1,6284019.581607804,1838903.8224968922
AvBhUUNNH5wp6WHrvQ/ooWXAaA6fySNe5e12Hg==,east_village_south,2018-06-28,2,1,6284097.028576766,1839193.0461264635
AvBhUUNNH5wp6WHrvQ/ooWXAaA6fySNe5e12Hg==,east_village_south,2018-06-28,1,1,6283885.40460738,1839294.709456592
AvBhUUNNH5wp6WHrvQ/ooWXAaA6fySNe5e12Hg==,east_village_south,2018-06-28,3,1,6283873.52278027,1839413.5890684326
AvBhUUNNH5wp6WHrvQ/ooWXAaA6fySNe5e12Hg==,east_village_south,2018-06-28,3,1,6283746.14410275,1839405.3350621576
AvBhUUNNH5wp6WHrvQ/ooWXAaA6fySNe5e12Hg==,east_village_south,2018-06-28,3,1,6283836.463497974,1839183.2088075925
AvBhUUNNH5wp6WHrvQ/ooWXAaA6fySNe5e12Hg==,east_village_south,2018-06-28,12,1,6283755.371798862,1839190.8487117037
AvBhUUNNH5wp6WHrvQ/ooWXAaA6fySNe5e12Hg==,east_village_south,2018-06-28,5,1,6284064.195389326,1839582.6283798118
AvBhUUNNH5wp6WHrvQ/ooWXAaA6fySNe5e12Hg==,east_village_south,2018-06-28,2,1,6284104.241777125,1839776.6925986616
AvBhUUNNH5wp6WHrvQ/ooWXAaA6fySNe5e12Hg==,east_village_south,2018-06-28,1,1,6284023.341538353,1839708.4769039259
AvBhUUNNH5wp6WHrvQ/ooWXAaA6fySNe5e12Hg==,east_village_south,2018-06-28,1,1,6284324.793765569,1839579.2734206226
AvBhUUNNH5wp6WHrvQ/ooWXAaA6fySNe5e12Hg==,east_village_south,2018-06-28,2,1,6283878.356553597,1839792.7925080196
AvBhUUNNH5wp6WHrvQ/ooWXAaA6fySNe5e12Hg==,east_village_south,2018-06-28,8,1,6283887.575925346,1839581.6042270807
AvBhUUNNH5wp6WHrvQ/ooWXAaA6fySNe5e12Hg==,east_village_south,2018-06-28,1,1,6283739.920160867,1839576.909231591
AvBhUUNNH5wp6WHrvQ/ooWXAaA6fySNe5e12Hg==,east_village_south,2018-06-28,1,1,6285049.385714844,1839289.618180758
AvBhUUNNH5wp6WHrvQ/ooWXAaA6fySNe5e12Hg==,east_village_south,2018-06-28,1,1,6285064.13810638,1839180.5955001386
AvBhUUNNH5wp6WHrvQ/ooWXAaA6fySNe5e12Hg==,east_village_south,2018-06-28,4,1,6285128.247825451,1839018.1699927638
AvBhUUNNH5wp6WHrvQ/ooWXAaA6fySNe5e12Hg==,east_village_south,2018-06-28,2,1,6285061.858571699,1838936.575633346
AvBhUUNNH5wp6WHrvQ/ooWXAaA6fySNe5e12Hg==,east_village_south,2018-06-28,8,1,6285128.7805846585,1838807.093543798
AvBhUUNNH5wp6WHrvQ/ooWXAaA6fySNe5e12Hg==,east_village_south,2018-06-28,10,1,6284917.173263997,1838902.1607348963
AvBhUUNNH5wp6WHrvQ/ooWXAaA6fySNe5e12Hg==,east_village_south,2018-06-28,12,1,6284838.744020246,1839002.109308106
AvBhUUNNH5wp6WHrvQ/ooWXAaA6fySNe5e12Hg==,east_village_south,2018-06-28,3,1,6284818.9580706805,1838811.082217501
AvBhUUNNH5wp6WHrvQ/ooWXAaA6fySNe5e12Hg==,east_village_south,2018-06-28,4,1,6285117.681247635,1838615.95462122
AvBhUUNNH5wp6WHrvQ/ooWXAaA6fySNe5e12Hg==,east_village_south,2018-06-28,3,1,6285062.974036289,1838494.6343183238
AvBhUUNNH5wp6WHrvQ/ooWXAaA6fySNe5e12Hg==,east_village_south,2018-06-28,6,1,6285196.18541065,1838486.3234223747
AvBhUUNNH5wp6WHrvQ/ooWXAaA6fySNe5e12Hg==,east_village_south,2018-06-28,1,1,6285337.750423048,1838609.823475056
AvBhUUNNH5wp6WHrvQ/ooWXAaA6fySNe5e12Hg==,east_village_south,2018-06-28,4,1,6285066.202548308,1838362.6742603958
AvBhUUNNH5wp6WHrvQ/ooWXAaA6fySNe5e12Hg==,east_village_south,2018-06-28,1,1,6285211.487210118,1838159.6281537588
AvBhUUNNH5wp6WHrvQ/ooWXAaA6fySNe5e12Hg==,east_village_south,2018-06-28,1,1,6284921.983404913,1838143.567469101
AvBhUUNNH5wp6WHrvQ/ooWXAaA6fySNe5e12Hg==,east_village_south,2018-06-28,9,1,6285055.261374174,1838108.872017031
AvBhUUNNH5wp6WHrvQ/ooWXAaA6fySNe5e12Hg==,east_village_south,2018-06-28,5,1,6285116.242473579,1838038.8297334034
AvBhUUNNH5wp6WHrvQ/ooWXAaA6fySNe5e12Hg==,east_village_south,2018-06-28,1,1,6285330.028095893,1839375.0501572061
AvBhUUNNH5wp6WHrvQ/ooWXAaA6fySNe5e12Hg==,east_village_south,2018-06-28,3,1,6285210.670081905,1839630.5298801654
AvBhUUNNH5wp6WHrvQ/ooWXAaA6fySNe5e12Hg==,east_village_south,2018-06-28,1,1,6285204.512734923,1839775.719493478
AvBhUUNNH5wp6WHrvQ/ooWXAaA6fySNe5e12Hg==,east_village_south,2018-06-28,8,1,6285057.406378376,1839553.3519099925
AvBhUUNNH5wp6WHrvQ/ooWXAaA6fySNe5e12Hg==,east_village_south,2018-06-28,6,1,6284938.664367222,1839564.7744888351
AvBhUUNNH5wp6WHrvQ/ooWXAaA6fySNe5e12Hg==,east_village_south,2018-06-28,5,1,6284912.055121665,1839782.7825727502
AvBhUUNNH5wp6WHrvQ/ooWXAaA6fySNe5e12Hg==,east_village_south,2018-06-28,3,2,6283815.195811864,1839579.2380906737
AvBhUUNNH5wp6WHrvQ/ooWXAaA6fySNe5e12Hg==,east_village_south,2018-06-28,3,2,6284153.965376616,1839578.1747132426
AvBhUUNNH5wp6WHrvQ/ooWXAaA6fySNe5e12Hg==,east_village_south,2018-06-28,4,2,6283731.974416599,1839283.4928767208
AvBhUUNNH5wp6WHrvQ/ooWXAaA6fySNe5e12Hg==,east_village_south,2018-06-28,1,2,6283799.221079701,1839025.3860760843
AvBhUUNNH5wp6WHrvQ/ooWXAaA6fySNe5e12Hg==,east_village_south,2018-06-28,1,2,6283834.8499123035,1838675.3433795928
AvBhUUNNH5wp6WHrvQ/ooWXAaA6fySNe5e12Hg==,east_village_south,2018-06-28,1,2,6285052.066159606,1838227.6397968987
AvBhUUNNH5wp6WHrvQ/ooWXAaA6fySNe5e12Hg==,east_village_south,2018-06-28,1,2,6285333.2815809995,1839233.1958907328
AvBhUUNNH5wp6WHrvQ/ooWXAaA6fySNe5e12Hg==,east_village_south,2018-06-28,1,2,6285059.95229266,1839691.833552302
AvBhUUNNH5wp6WHrvQ/ooWXAaA6fySNe5e12Hg==,east_village_south,2018-06-28,3,2,6285137.915372104,1839776.5768719376
AvBhUUNNH5wp6WHrvQ/ooWXAaA6fySNe5e12Hg==,east_village_south,2018-06-28,6,2,6284921.033086898,1839667.238307749
AvBhUUNNH5wp6WHrvQ/ooWXAaA6fySNe5e12Hg==,east_village_south,2018-06-28,1,3,6284727.040397835,1839666.4378189638
AvBhUUNNH5wp6WHrvQ/ooWXAaA6fySNe5e12Hg==,east_village_south,2018-06-28,1,3,6284990.550960317,1839656.44944342
AvBhUUNNH5wp6WHrvQ/ooWXAaA6fySNe5e12Hg==,east_village_south,2018-06-28,1,3,6285138.722835278,1839456.6641289738
AvBhUUNNH5wp6WHrvQ/ooWXAaA6fySNe5e12Hg==,east_village_south,2018-06-28,1,3,6285257.889388926,1839277.0400048615
AvBhUUNNH5wp6WHrvQ/ooWXAaA6fySNe5e12Hg==,east_village_south,2018-06-28,1,3,6284853.013598749,1839084.3746593616
AvBhUUNNH5wp6WHrvQ/ooWXAaA6fySNe5e12Hg==,east_village_south,2018-06-28,1,3,6284856.799843064,1838731.4439439224
AvBhUUNNH5wp6WHrvQ/ooWXAaA6fySNe5e12Hg==,east_village_south,2018-06-28,2,3,6284209.747771416,1838126.3531347646
K8Hp1e+DtuztKJz6b5N3xzaonoMW0NrO58MnmQ==,east_village_south,2018-11-28,2,1,6282128.436052436,1839433.1176137973
K8Hp1e+DtuztKJz6b5N3xzaonoMW0NrO58MnmQ==,east_village_south,2018-11-28,1,1,6282062.327061847,1839015.2861675494
K8Hp1e+DtuztKJz6b5N3xzaonoMW0NrO58MnmQ==,east_village_south,2018-11-28,1,1,6282447.000178378,1839032.4841716695
K8Hp1e+DtuztKJz6b5N3xzaonoMW0NrO58MnmQ==,east_village_south,2018-11-28,6,1,6282672.440531937,1839200.5284590863
K8Hp1e+DtuztKJz6b5N3xzaonoMW0NrO58MnmQ==,east_village_south,2018-11-28,1,1,6282759.102346897,1839311.3332859064
K8Hp1e+DtuztKJz6b5N3xzaonoMW0NrO58MnmQ==,east_village_south,2018-11-28,1,1,6282918.160916541,1839335.2825493864
K8Hp1e+DtuztKJz6b5N3xzaonoMW0NrO58MnmQ==,east_village_south,2018-11-28,1,1,6283195.760720405,1839406.8870911824
K8Hp1e+DtuztKJz6b5N3xzaonoMW0NrO58MnmQ==,east_village_south,2018-11-28,1,1,6283036.386630771,1839699.5486294113
K8Hp1e+DtuztKJz6b5N3xzaonoMW0NrO58MnmQ==,east_village_south,2018-11-28,1,1,6283308.237683859,1839734.9633945415
K8Hp1e+DtuztKJz6b5N3xzaonoMW0NrO58MnmQ==,east_village_south,2018-11-28,3,1,6283282.718335357,1839220.8692913998
K8Hp1e+DtuztKJz6b5N3xzaonoMW0NrO58MnmQ==,east_village_south,2018-11-28,5,1,6283447.903622433,1838901.7349753315
K8Hp1e+DtuztKJz6b5N3xzaonoMW0NrO58MnmQ==,east_village_south,2018-11-28,7,1,6283453.8199932035,1838769.7252635893
K8Hp1e+DtuztKJz6b5N3xzaonoMW0NrO58MnmQ==,east_village_south,2018-11-28,1,1,6283150.454340845,1838431.3788074867
K8Hp1e+DtuztKJz6b5N3xzaonoMW0NrO58MnmQ==,east_village_south,2018-11-28,70,1,6283572.265914094,1838913.0233882547
K8Hp1e+DtuztKJz6b5N3xzaonoMW0NrO58MnmQ==,east_village_south,2018-11-28,1,1,6283627.399983116,1838734.0886408403
K8Hp1e+DtuztKJz6b5N3xzaonoMW0NrO58MnmQ==,east_village_south,2018-11-28,2,1,6283714.420044733,1838485.4082865526
K8Hp1e+DtuztKJz6b5N3xzaonoMW0NrO58MnmQ==,east_village_south,2018-11-28,2,1,6283963.295814717,1838356.2757699133
K8Hp1e+DtuztKJz6b5N3xzaonoMW0NrO58MnmQ==,east_village_south,2018-11-28,7,1,6284006.396655536,1838642.5402262362
K8Hp1e+DtuztKJz6b5N3xzaonoMW0NrO58MnmQ==,east_village_south,2018-11-28,2,1,6284153.961010295,1838590.8119072004
K8Hp1e+DtuztKJz6b5N3xzaonoMW0NrO58MnmQ==,east_village_south,2018-11-28,1,1,6283766.921308361,1838045.9735057468
K8Hp1e+DtuztKJz6b5N3xzaonoMW0NrO58MnmQ==,east_village_south,2018-11-28,2,1,6283469.192660115,1837855.949818582
K8Hp1e+DtuztKJz6b5N3xzaonoMW0NrO58MnmQ==,east_village_south,2018-11-28,9,1,6284279.046368602,1837876.53389954
K8Hp1e+DtuztKJz6b5N3xzaonoMW0NrO58MnmQ==,east_village_south,2018-11-28,3,1,6284435.232206191,1837880.7392600952
K8Hp1e+DtuztKJz6b5N3xzaonoMW0NrO58MnmQ==,east_village_south,2018-11-28,1,1,6284441.240603627,1837656.3847311877
K8Hp1e+DtuztKJz6b5N3xzaonoMW0NrO58MnmQ==,east_village_south,2018-11-28,20,1,6284640.642315365,1837831.423526609
K8Hp1e+DtuztKJz6b5N3xzaonoMW0NrO58MnmQ==,east_village_south,2018-11-28,9,1,6284767.841185749,1837898.7341634864
K8Hp1e+DtuztKJz6b5N3xzaonoMW0NrO58MnmQ==,east_village_south,2018-11-28,1,1,6284895.11893613,1837886.8920999365
K8Hp1e+DtuztKJz6b5N3xzaonoMW0NrO58MnmQ==,east_village_south,2018-11-28,2,1,6284901.041880234,1837748.2863298252
K8Hp1e+DtuztKJz6b5N3xzaonoMW0NrO58MnmQ==,east_village_south,2018-11-28,6,1,6284828.819318878,1837660.346346388
K8Hp1e+DtuztKJz6b5N3xzaonoMW0NrO58MnmQ==,east_village_south,2018-11-28,4,1,6285193.071077703,1837852.6498025572
K8Hp1e+DtuztKJz6b5N3xzaonoMW0NrO58MnmQ==,east_village_south,2018-11-28,2,1,6285314.330570648,1838075.0563554682
K8Hp1e+DtuztKJz6b5N3xzaonoMW0NrO58MnmQ==,east_village_south,2018-11-28,9,1,6285198.441861823,1838268.1129354371
K8Hp1e+DtuztKJz6b5N3xzaonoMW0NrO58MnmQ==,east_village_south,2018-11-28,2,1,6285045.233929618,1838178.114543904
K8Hp1e+DtuztKJz6b5N3xzaonoMW0NrO58MnmQ==,east_village_south,2018-11-28,2,1,6285200.979353887,1838624.2558151782
K8Hp1e+DtuztKJz6b5N3xzaonoMW0NrO58MnmQ==,east_village_south,2018-11-28,2,1,6285319.691494769,1838500.4135759014
K8Hp1e+DtuztKJz6b5N3xzaonoMW0NrO58MnmQ==,east_village_south,2018-11-28,4,1,6285070.865024784,1838580.0756547737
K8Hp1e+DtuztKJz6b5N3xzaonoMW0NrO58MnmQ==,east_village_south,2018-11-28,2,1,6285082.204766341,1838810.7606089597
K8Hp1e+DtuztKJz6b5N3xzaonoMW0NrO58MnmQ==,east_village_south,2018-11-28,1,1,6285203.579292616,1838917.7361404141
K8Hp1e+DtuztKJz6b5N3xzaonoMW0NrO58MnmQ==,east_village_south,2018-11-28,1,1,6285061.806415299,1838962.7798567177
K8Hp1e+DtuztKJz6b5N3xzaonoMW0NrO58MnmQ==,east_village_south,2018-11-28,1,1,6284781.301012714,1838904.4117038413
K8Hp1e+DtuztKJz6b5N3xzaonoMW0NrO58MnmQ==,east_village_south,2018-11-28,8,1,6283736.856314519,1839190.8323545756
K8Hp1e+DtuztKJz6b5N3xzaonoMW0NrO58MnmQ==,east_village_south,2018-11-28,2,1,6283863.907284906,1839406.5543047541
K8Hp1e+DtuztKJz6b5N3xzaonoMW0NrO58MnmQ==,east_village_south,2018-11-28,2,1,6284300.457198418,1839610.9430731176
K8Hp1e+DtuztKJz6b5N3xzaonoMW0NrO58MnmQ==,east_village_south,2018-11-28,2,1,6284019.81046917,1839694.3901751735
K8Hp1e+DtuztKJz6b5N3xzaonoMW0NrO58MnmQ==,east_village_south,2018-11-28,2,1,6283747.834522752,1839784.3005190534
K8Hp1e+DtuztKJz6b5N3xzaonoMW0NrO58MnmQ==,east_village_south,2018-11-28,5,1,6283880.893890575,1839775.6679403244
K8Hp1e+DtuztKJz6b5N3xzaonoMW0NrO58MnmQ==,east_village_south,2018-11-28,7,1,6284089.360785132,1839561.4064754331
K8Hp1e+DtuztKJz6b5N3xzaonoMW0NrO58MnmQ==,east_village_south,2018-11-28,2,1,6284919.412357999,1839631.1510888857
K8Hp1e+DtuztKJz6b5N3xzaonoMW0NrO58MnmQ==,east_village_south,2018-11-28,2,1,6285113.055458963,1839779.894195195
K8Hp1e+DtuztKJz6b5N3xzaonoMW0NrO58MnmQ==,east_village_south,2018-11-28,1,1,6285214.304427523,1839765.1525520962
K8Hp1e+DtuztKJz6b5N3xzaonoMW0NrO58MnmQ==,east_village_south,2018-11-28,1,1,6285208.624696746,1839659.7041625567
K8Hp1e+DtuztKJz6b5N3xzaonoMW0NrO58MnmQ==,east_village_south,2018-11-28,3,1,6285191.375157751,1839554.432861744
K8Hp1e+DtuztKJz6b5N3xzaonoMW0NrO58MnmQ==,east_village_south,2018-11-28,1,1,6285058.51627659,1839361.8856602202
K8Hp1e+DtuztKJz6b5N3xzaonoMW0NrO58MnmQ==,east_village_south,2018-11-28,6,1,6285206.100351348,1839290.3691660776
K8Hp1e+DtuztKJz6b5N3xzaonoMW0NrO58MnmQ==,east_village_south,2018-11-28,2,1,6285327.583337621,1839288.5097344446
K8Hp1e+DtuztKJz6b5N3xzaonoMW0NrO58MnmQ==,east_village_south,2018-11-28,1,2,6282203.75812584,1839313.2374864311
K8Hp1e+DtuztKJz6b5N3xzaonoMW0NrO58MnmQ==,east_village_south,2018-11-28,5,2,6282409.010475019,1839422.2271537997
K8Hp1e+DtuztKJz6b5N3xzaonoMW0NrO58MnmQ==,east_village_south,2018-11-28,2,2,6283829.421353584,1839182.8195863909
K8Hp1e+DtuztKJz6b5N3xzaonoMW0NrO58MnmQ==,east_village_south,2018-11-28,1,2,6284474.060194996,1839552.2202460773
K8Hp1e+DtuztKJz6b5N3xzaonoMW0NrO58MnmQ==,east_village_south,2018-11-28,1,2,6284607.862349465,1838798.233071658
K8Hp1e+DtuztKJz6b5N3xzaonoMW0NrO58MnmQ==,east_village_south,2018-11-28,1,2,6284148.409459514,1838356.7403794664
K8Hp1e+DtuztKJz6b5N3xzaonoMW0NrO58MnmQ==,east_village_south,2018-11-28,1,2,6283766.362575044,1838606.6384671067
K8Hp1e+DtuztKJz6b5N3xzaonoMW0NrO58MnmQ==,east_village_south,2018-11-28,7,2,6283606.870165412,1839018.0290559768
K8Hp1e+DtuztKJz6b5N3xzaonoMW0NrO58MnmQ==,east_village_south,2018-11-28,1,2,6284571.384512729,1837670.8826289317
K8Hp1e+DtuztKJz6b5N3xzaonoMW0NrO58MnmQ==,east_village_south,2018-11-28,3,2,6285204.407532592,1838086.6327859277
K8Hp1e+DtuztKJz6b5N3xzaonoMW0NrO58MnmQ==,east_village_south,2018-11-28,2,2,6285366.460440954,1838008.2988725074
K8Hp1e+DtuztKJz6b5N3xzaonoMW0NrO58MnmQ==,east_village_south,2018-11-28,1,2,6285062.358575284,1838408.7109537264
K8Hp1e+DtuztKJz6b5N3xzaonoMW0NrO58MnmQ==,east_village_south,2018-11-28,1,2,6285349.227335293,1837886.5374257725
K8Hp1e+DtuztKJz6b5N3xzaonoMW0NrO58MnmQ==,east_village_south,2018-11-28,6,2,6285192.131091063,1838795.8861493159
K8Hp1e+DtuztKJz6b5N3xzaonoMW0NrO58MnmQ==,east_village_south,2018-11-28,3,2,6284902.793858987,1838892.6581846548
K8Hp1e+DtuztKJz6b5N3xzaonoMW0NrO58MnmQ==,east_village_south,2018-11-28,4,2,6285044.178909648,1839236.7819121191
K8Hp1e+DtuztKJz6b5N3xzaonoMW0NrO58MnmQ==,east_village_south,2018-11-28,6,2,6285061.096495319,1839675.1541605631
K8Hp1e+DtuztKJz6b5N3xzaonoMW0NrO58MnmQ==,east_village_south,2018-11-28,4,2,6284777.619760683,1839695.982980296
K8Hp1e+DtuztKJz6b5N3xzaonoMW0NrO58MnmQ==,east_village_south,2018-11-28,4,2,6285328.250530935,1838619.0098099972
K8Hp1e+DtuztKJz6b5N3xzaonoMW0NrO58MnmQ==,east_village_south,2018-11-28,1,3,6284982.983856525,1839692.8396553926
K8Hp1e+DtuztKJz6b5N3xzaonoMW0NrO58MnmQ==,east_village_south,2018-11-28,1,3,6285255.235882935,1839325.8948600173
K8Hp1e+DtuztKJz6b5N3xzaonoMW0NrO58MnmQ==,east_village_south,2018-11-28,1,3,6284718.741807493,1837826.9301485177
woIcXEUEKGIu55DUqsHVGUabx/IL94xdw32Kvg==,cortez,2024-06-27,1,1,6282398.490056574,1842998.2097151903
woIcXEUEKGIu55DUqsHVGUabx/IL94xdw32Kvg==,cortez,2024-06-27,1,1,6280534.786150061,1843984.4263771712
woIcXEUEKGIu55DUqsHVGUabx/IL94xdw32Kvg==,cortez,2024-06-27,1,1,6280672.85533075,1843872.310969978
woIcXEUEKGIu55DUqsHVGUabx/IL94xdw32Kvg==,cortez,2024-06-27,1,1,6281372.730347896,1843608.7627372418
woIcXEUEKGIu55DUqsHVGUabx/IL94xdw32Kvg==,cortez,2024-06-27,1,1,6281935.261245467,1843765.2839904223
woIcXEUEKGIu55DUqsHVGUabx/IL94xdw32Kvg==,cortez,2024-06-27,1,1,6282073.612750838,1843773.0799059183
woIcXEUEKGIu55DUqsHVGUabx/IL94xdw32Kvg==,cortez,2024-06-27,1,1,6281519.911571733,1843616.5344065777
woIcXEUEKGIu55DUqsHVGUabx/IL94xdw32Kvg==,cortez,2024-06-27,1,1,6280813.084941584,1843427.7060860035
woIcXEUEKGIu55DUqsHVGUabx/IL94xdw32Kvg==,cortez,2024-06-27,1,1,6281375.185935662,1843401.6350978166
woIcXEUEKGIu55DUqsHVGUabx/IL94xdw32Kvg==,cortez,2024-06-27,1,1,6281925.629468247,1843424.6510698523
woIcXEUEKGIu55DUqsHVGUabx/IL94xdw32Kvg==,cortez,2024-06-27,1,1,6280700.824770468,1843250.8714773296
woIcXEUEKGIu55DUqsHVGUabx/IL94xdw32Kvg==,cortez,2024-06-27,1,1,6280673.758132768,1843005.671055764
woIcXEUEKGIu55DUqsHVGUabx/IL94xdw32Kvg==,cortez,2024-06-27,1,1,6281085.0866000485,1842696.5854895767
woIcXEUEKGIu55DUqsHVGUabx/IL94xdw32Kvg==,cortez,2024-06-27,1,1,6280979.014482001,1842647.8218114867
woIcXEUEKGIu55DUqsHVGUabx/IL94xdw32Kvg==,cortez,2024-06-27,1,1,6281638.486205062,1842725.0438942264
woIcXEUEKGIu55DUqsHVGUabx/IL94xdw32Kvg==,cortez,2024-06-27,1,1,6281929.719335615,1842661.5628522704
woIcXEUEKGIu55DUqsHVGUabx/IL94xdw32Kvg==,cortez,2024-06-27,2,2,6282206.390264006,1842663.5283965932
woIcXEUEKGIu55DUqsHVGUabx/IL94xdw32Kvg==,cortez,2024-06-27,2,2,6281237.084672622,1843500.1242183405
woIcXEUEKGIu55DUqsHVGUabx/IL94xdw32Kvg==,cortez,2024-06-27,2,2,6280812.180219309,1843043.444801932
woIcXEUEKGIu55DUqsHVGUabx/IL94xdw32Kvg==,cortez,2024-06-27,5,2,6280812.34704753,1843114.3014926119
woIcXEUEKGIu55DUqsHVGUabx/IL94xdw32Kvg==,cortez,2024-06-27,3,2,6280949.857995327,1842765.0886973748
woIcXEUEKGIu55DUqsHVGUabx/IL94xdw32Kvg==,cortez,2024-06-27,3,2,6281242.226841076,1843183.9782035085
woIcXEUEKGIu55DUqsHVGUabx/IL94xdw32Kvg==,cortez,2024-06-27,1,2,6280805.108613633,1843790.189557564
woIcXEUEKGIu55DUqsHVGUabx/IL94xdw32Kvg==,cortez,2024-06-27,1,2,6280780.285820188,1843247.9280045563
woIcXEUEKGIu55DUqsHVGUabx/IL94xdw32Kvg==,cortez,2024-06-27,3,1,6281616.460992551,1843370.994538773
woIcXEUEKGIu55DUqsHVGUabx/IL94xdw32Kvg==,cortez,2024-06-27,3,1,6281236.109369177,1843085.8851035968
woIcXEUEKGIu55DUqsHVGUabx/IL94xdw32Kvg==,cortez,2024-06-27,8,1,6281522.354326558,1843403.956252485
n4IOsFcY7qfrztPDpv5g5UveCgt4HubZqWevBg==,cortez,2024-07-25,1,1,6282073.972074617,1842724.6744243128
n4IOsFcY7qfrztPDpv5g5UveCgt4HubZqWevBg==,cortez,2024-07-25,1,1,6280102.292047211,1842664.7687496513
n4IOsFcY7qfrztPDpv5g5UveCgt4HubZqWevBg==,cortez,2024-07-25,1,1,6280789.418990524,1842815.5787695327
n4IOsFcY7qfrztPDpv5g5UveCgt4HubZqWevBg==,cortez,2024-07-25,1,1,6280787.402754244,1843028.5505970593
n4IOsFcY7qfrztPDpv5g5UveCgt4HubZqWevBg==,cortez,2024-07-25,1,1,6281072.453493496,1843141.2235184528
n4IOsFcY7qfrztPDpv5g5UveCgt4HubZqWevBg==,cortez,2024-07-25,1,1,6281219.449790344,1843213.910024867
n4IOsFcY7qfrztPDpv5g5UveCgt4HubZqWevBg==,cortez,2024-07-25,1,1,6280784.122969975,1843629.2235071405
n4IOsFcY7qfrztPDpv5g5UveCgt4HubZqWevBg==,cortez,2024-07-25,1,1,6281578.075122924,1843380.6721394313
n4IOsFcY7qfrztPDpv5g5UveCgt4HubZqWevBg==,cortez,2024-07-25,1,1,6281784.295677822,1843581.2644832863
n4IOsFcY7qfrztPDpv5g5UveCgt4HubZqWevBg==,cortez,2024-07-25,1,1,6282104.26706052,1843628.167358512
n4IOsFcY7qfrztPDpv5g5UveCgt4HubZqWevBg==,cortez,2024-07-25,1,1,6282067.024401179,1843835.9254723513
n4IOsFcY7qfrztPDpv5g5UveCgt4HubZqWevBg==,cortez,2024-07-25,1,1,6282400.534627092,1843620.6317252298
n4IOsFcY7qfrztPDpv5g5UveCgt4HubZqWevBg==,cortez,2024-07-25,1,1,6281786.481711924,1842726.6881244923
n4IOsFcY7qfrztPDpv5g5UveCgt4HubZqWevBg==,cortez,2024-07-25,2,1,6281558.250889547,1842864.7980959425
n4IOsFcY7qfrztPDpv5g5UveCgt4HubZqWevBg==,cortez,2024-07-25,2,1,6281365.582404853,1843767.1225305693
n4IOsFcY7qfrztPDpv5g5UveCgt4HubZqWevBg==,cortez,2024-07-25,2,1,6281799.8103277935,1843777.732155388
n4IOsFcY7qfrztPDpv5g5UveCgt4HubZqWevBg==,cortez,2024-07-25,9,1,6281516.881671611,1843476.658707956
n4IOsFcY7qfrztPDpv5g5UveCgt4HubZqWevBg==,cortez,2024-07-25,6,1,6281226.622384352,1843516.9149806343
n4IOsFcY7qfrztPDpv5g5UveCgt4HubZqWevBg==,cortez,2024-07-25,1,2,6281640.332189401,1842850.572029985
n4IOsFcY7qfrztPDpv5g5UveCgt4HubZqWevBg==,cortez,2024-07-25,1,2,6281011.895122927,1843384.6378959075
n4IOsFcY7qfrztPDpv5g5UveCgt4HubZqWevBg==,cortez,2024-07-25,1,2,6281227.815367816,1843112.8330304208
n4IOsFcY7qfrztPDpv5g5UveCgt4HubZqWevBg==,cortez,2024-07-25,1,2,6282162.879759339,1843614.1056762428
n4IOsFcY7qfrztPDpv5g5UveCgt4HubZqWevBg==,cortez,2024-07-25,1,2,6281931.880012394,1843790.4582201913
n4IOsFcY7qfrztPDpv5g5UveCgt4HubZqWevBg==,cortez,2024-07-25,2,2,6283415.874309537,1843007.409479378
n4IOsFcY7qfrztPDpv5g5UveCgt4HubZqWevBg==,cortez,2024-07-25,2,2,6280690.189762058,1843616.2303188439
n4IOsFcY7qfrztPDpv5g5UveCgt4HubZqWevBg==,cortez,2024-07-25,2,2,6280726.7267761305,1843244.6635284158
n4IOsFcY7qfrztPDpv5g5UveCgt4HubZqWevBg==,cortez,2024-07-25,3,2,6280953.805044567,1842838.999385204
n4IOsFcY7qfrztPDpv5g5UveCgt4HubZqWevBg==,cortez,2024-07-25,2,2,6280693.434264065,1843007.3669749333
n4IOsFcY7qfrztPDpv5g5UveCgt4HubZqWevBg==,cortez,2024-07-25,4,2,6280742.142192805,1844099.1165994438
KWqDuN13B4lBkEyjAl1VS0SOd1oAW7UzG6EApQ==,cortez,2024-08-29,1,1,6281774.168844728,1843585.9471345518
KWqDuN13B4lBkEyjAl1VS0SOd1oAW7UzG6EApQ==,cortez,2024-08-29,1,1,6280806.221901453,1843114.3007542302
KWqDuN13B4lBkEyjAl1VS0SOd1oAW7UzG6EApQ==,cortez,2024-08-29,1,1,6281233.434973831,1843003.531144945
KWqDuN13B4lBkEyjAl1VS0SOd1oAW7UzG6EApQ==,cortez,2024-08-29,1,1,6281491.880934334,1842803.7595936975
KWqDuN13B4lBkEyjAl1VS0SOd1oAW7UzG6EApQ==,cortez,2024-08-29,1,1,6281585.156667254,1842618.3452447902
KWqDuN13B4lBkEyjAl1VS0SOd1oAW7UzG6EApQ==,cortez,2024-08-29,2,1,6281360.112953702,1843440.938027258
KWqDuN13B4lBkEyjAl1VS0SOd1oAW7UzG6EApQ==,cortez,2024-08-29,2,1,6280802.240627167,1843421.72531351
KWqDuN13B4lBkEyjAl1VS0SOd1oAW7UzG6EApQ==,cortez,2024-08-29,3,2,6280797.8108739825,1843185.069875312
KWqDuN13B4lBkEyjAl1VS0SOd1oAW7UzG6EApQ==,cortez,2024-08-29,3,1,6280488.229304538,1843230.011832701
KWqDuN13B4lBkEyjAl1VS0SOd1oAW7UzG6EApQ==,cortez,2024-08-29,3,1,6281575.126993578,1843374.6651466112
KWqDuN13B4lBkEyjAl1VS0SOd1oAW7UzG6EApQ==,cortez,2024-08-29,5,1,6281212.784620522,1843476.976939144
KWqDuN13B4lBkEyjAl1VS0SOd1oAW7UzG6EApQ==,cortez,2024-08-29,6,1,6281496.572195849,1843554.57137156
KWqDuN13B4lBkEyjAl1VS0SOd1oAW7UzG6EApQ==,cortez,2024-08-29,7,2,6281795.879580612,1843754.513308856
KWqDuN13B4lBkEyjAl1VS0SOd1oAW7UzG6EApQ==,cortez,2024-08-29,1,2,6280101.04868792,1842663.2162656884
KWqDuN13B4lBkEyjAl1VS0SOd1oAW7UzG6EApQ==,cortez,2024-08-29,1,2,6281793.2384468755,1842859.5104152034
KWqDuN13B4lBkEyjAl1VS0SOd1oAW7UzG6EApQ==,cortez,2024-08-29,1,2,6282992.647543833,1843063.498357088
IcwigrgQknXLGvXTe6aoxthuvK2tzwYy0z1WVg==,cortez,2024-09-27,1,1,6280713.424283045,1843233.7096436576
IcwigrgQknXLGvXTe6aoxthuvK2tzwYy0z1WVg==,cortez,2024-09-27,1,1,6280806.535142292,1843426.6836399904
IcwigrgQknXLGvXTe6aoxthuvK2tzwYy0z1WVg==,cortez,2024-09-27,1,1,6280814.385397687,1843820.1848234036
IcwigrgQknXLGvXTe6aoxthuvK2tzwYy0z1WVg==,cortez,2024-09-27,1,1,6280945.9684015885,1843450.4765070404
IcwigrgQknXLGvXTe6aoxthuvK2tzwYy0z1WVg==,cortez,2024-09-27,1,1,6281218.062216672,1843439.0976206397
IcwigrgQknXLGvXTe6aoxthuvK2tzwYy0z1WVg==,cortez,2024-09-27,1,1,6281649.459287703,1843591.8630276485
IcwigrgQknXLGvXTe6aoxthuvK2tzwYy0z1WVg==,cortez,2024-09-27,1,1,6282347.133666026,1843505.5948012648
IcwigrgQknXLGvXTe6aoxthuvK2tzwYy0z1WVg==,cortez,2024-09-27,1,1,6281627.004018674,1843240.6898600752
IcwigrgQknXLGvXTe6aoxthuvK2tzwYy0z1WVg==,cortez,2024-09-27,1,1,6282408.801481004,1842861.1328804768
IcwigrgQknXLGvXTe6aoxthuvK2tzwYy0z1WVg==,cortez,2024-09-27,1,1,6282619.062682011,1842740.7813590341
IcwigrgQknXLGvXTe6aoxthuvK2tzwYy0z1WVg==,cortez,2024-09-27,1,1,6282420.959103454,1842619.2269496208
IcwigrgQknXLGvXTe6aoxthuvK2tzwYy0z1WVg==,cortez,2024-09-27,1,1,6281780.9898760365,1842724.5499349812
IcwigrgQknXLGvXTe6aoxthuvK2tzwYy0z1WVg==,cortez,2024-09-27,1,1,6281086.865938446,1843100.3466859655
IcwigrgQknXLGvXTe6aoxthuvK2tzwYy0z1WVg==,cortez,2024-09-27,1,1,6280997.951482965,1843002.912478797
IcwigrgQknXLGvXTe6aoxthuvK2tzwYy0z1WVg==,cortez,2024-09-27,1,1,6280725.719786688,1843003.0475389995
IcwigrgQknXLGvXTe6aoxthuvK2tzwYy0z1WVg==,cortez,2024-09-27,1,3,6281117.9718321245,1843170.293264509
IcwigrgQknXLGvXTe6aoxthuvK2tzwYy0z1WVg==,cortez,2024-09-27,2,1,6280807.438922443,1842760.3887371956
IcwigrgQknXLGvXTe6aoxthuvK2tzwYy0z1WVg==,cortez,2024-09-27,2,1,6280944.193891344,1843799.10058622
IcwigrgQknXLGvXTe6aoxthuvK2tzwYy0z1WVg==,cortez,2024-09-27,3,1,6281005.266738614,1842859.455494213
IcwigrgQknXLGvXTe6aoxthuvK2tzwYy0z1WVg==,cortez,2024-09-27,4,1,6281509.060860052,1843489.3633772116
IcwigrgQknXLGvXTe6aoxthuvK2tzwYy0z1WVg==,cortez,2024-09-27,4,1,6283221.895133776,1843060.3710819238
IcwigrgQknXLGvXTe6aoxthuvK2tzwYy0z1WVg==,cortez,2024-09-27,5,1,6281592.296688936,1843370.3866635868
IcwigrgQknXLGvXTe6aoxthuvK2tzwYy0z1WVg==,cortez,2024-09-27,5,1,6281229.978547033,1843177.514993937
IcwigrgQknXLGvXTe6aoxthuvK2tzwYy0z1WVg==,cortez,2024-09-27,6,2,6283247.090081404,1843141.626953704
IcwigrgQknXLGvXTe6aoxthuvK2tzwYy0z1WVg==,cortez,2024-09-27,1,2,6280684.792698455,1844105.5317097618
IcwigrgQknXLGvXTe6aoxthuvK2tzwYy0z1WVg==,cortez,2024-09-27,2,2,6280790.852576774,1843134.4750929181
IcwigrgQknXLGvXTe6aoxthuvK2tzwYy0z1WVg==,cortez,2024-09-27,3,2,6281543.810212482,1842623.0977571674
IcwigrgQknXLGvXTe6aoxthuvK2tzwYy0z1WVg==,cortez,2024-09-27,3,2,6280751.181524069,1842859.3941532988
o6lhveie+uTJ8LAxUxdCwXYWPE7yppX+mgLA4A==,cortez,2024-10-25,1,1,6282076.164585654,1843606.8311265006
o6lhveie+uTJ8LAxUxdCwXYWPE7yppX+mgLA4A==,cortez,2024-10-25,1,1,6281012.262756299,1843018.3679063024
o6lhveie+uTJ8LAxUxdCwXYWPE7yppX+mgLA4A==,cortez,2024-10-25,1,1,6280101.92269795,1842647.5050060393
o6lhveie+uTJ8LAxUxdCwXYWPE7yppX+mgLA4A==,cortez,2024-10-25,1,1,6281579.948655263,1842864.1936593186
o6lhveie+uTJ8LAxUxdCwXYWPE7yppX+mgLA4A==,cortez,2024-10-25,1,1,6282138.61875813,1842631.0111958133
o6lhveie+uTJ8LAxUxdCwXYWPE7yppX+mgLA4A==,cortez,2024-10-25,2,1,6281585.289734287,1842632.5306218355
o6lhveie+uTJ8LAxUxdCwXYWPE7yppX+mgLA4A==,cortez,2024-10-25,2,1,6281236.366027979,1843194.8953969504
o6lhveie+uTJ8LAxUxdCwXYWPE7yppX+mgLA4A==,cortez,2024-10-25,2,1,6280803.337667904,1843038.0185334242
o6lhveie+uTJ8LAxUxdCwXYWPE7yppX+mgLA4A==,cortez,2024-10-25,2,1,6281234.025936673,1843451.0776683846
o6lhveie+uTJ8LAxUxdCwXYWPE7yppX+mgLA4A==,cortez,2024-10-25,3,1,6280730.237915943,1843242.614884795
o6lhveie+uTJ8LAxUxdCwXYWPE7yppX+mgLA4A==,cortez,2024-10-25,3,1,6281578.23096155,1843384.7258921352
o6lhveie+uTJ8LAxUxdCwXYWPE7yppX+mgLA4A==,cortez,2024-10-25,7,1,6280807.2241284875,1843438.6232794453
o6lhveie+uTJ8LAxUxdCwXYWPE7yppX+mgLA4A==,cortez,2024-10-25,8,1,6281519.763992922,1843553.8534878995
o6lhveie+uTJ8LAxUxdCwXYWPE7yppX+mgLA4A==,cortez,2024-10-25,4,2,6280514.793038294,1844243.3823982591
o6lhveie+uTJ8LAxUxdCwXYWPE7yppX+mgLA4A==,cortez,2024-10-25,7,2,6280537.74863896,1843992.5940671193
o6lhveie+uTJ8LAxUxdCwXYWPE7yppX+mgLA4A==,cortez,2024-10-25,1,2,6281923.488287512,1843765.3163186356
o6lhveie+uTJ8LAxUxdCwXYWPE7yppX+mgLA4A==,cortez,2024-10-25,2,2,6281233.146880279,1843077.7174136487
o6lhveie+uTJ8LAxUxdCwXYWPE7yppX+mgLA4A==,cortez,2024-10-25,6,2,6283428.084894076,1842766.4593804893
5REo+btnacLz2f6xh2Y2bdaDsQJilprer0PkfQ==,cortez,2024-11-21,1,1,6280371.900376112,1843807.0706451337
5REo+btnacLz2f6xh2Y2bdaDsQJilprer0PkfQ==,cortez,2024-11-21,1,1,6282411.234244937,1842637.4792756094
5REo+btnacLz2f6xh2Y2bdaDsQJilprer0PkfQ==,cortez,2024-11-21,1,1,6281487.3223530585,1843782.3022391878
5REo+btnacLz2f6xh2Y2bdaDsQJilprer0PkfQ==,cortez,2024-11-21,1,1,6281935.8865432665,1843787.040483173
5REo+btnacLz2f6xh2Y2bdaDsQJilprer0PkfQ==,cortez,2024-11-21,1,1,6282054.091455955,1843856.7458458454
5REo+btnacLz2f6xh2Y2bdaDsQJilprer0PkfQ==,cortez,2024-11-21,1,1,6283047.831604222,1843539.625866806
5REo+btnacLz2f6xh2Y2bdaDsQJilprer0PkfQ==,cortez,2024-11-21,1,1,6281857.891742844,1843249.9601759515
5REo+btnacLz2f6xh2Y2bdaDsQJilprer0PkfQ==,cortez,2024-11-21,1,1,6281777.9017009605,1843117.5074891367
5REo+btnacLz2f6xh2Y2bdaDsQJilprer0PkfQ==,cortez,2024-11-21,1,1,6281937.246781357,1843113.581220983
5REo+btnacLz2f6xh2Y2bdaDsQJilprer0PkfQ==,cortez,2024-11-21,1,1,6282213.808991421,1842761.177761617
5REo+btnacLz2f6xh2Y2bdaDsQJilprer0PkfQ==,cortez,2024-11-21,1,1,6282328.864111067,1842746.7259414536
5REo+btnacLz2f6xh2Y2bdaDsQJilprer0PkfQ==,cortez,2024-11-21,1,3,6282807.829407696,1843128.6904507158
5REo+btnacLz2f6xh2Y2bdaDsQJilprer0PkfQ==,cortez,2024-11-21,3,1,6281655.53953679,1843786.4551179202
5REo+btnacLz2f6xh2Y2bdaDsQJilprer0PkfQ==,cortez,2024-11-21,2,1,6280378.392387461,1844056.849144679
5REo+btnacLz2f6xh2Y2bdaDsQJilprer0PkfQ==,cortez,2024-11-21,1,2,6280354.887385443,1844100.476060082
5REo+btnacLz2f6xh2Y2bdaDsQJilprer0PkfQ==,cortez,2024-11-21,3,2,6280386.841155216,1843885.7071970429
5REo+btnacLz2f6xh2Y2bdaDsQJilprer0PkfQ==,cortez,2024-11-21,2,1,6280525.81178411,1844001.4186137405
5REo+btnacLz2f6xh2Y2bdaDsQJilprer0PkfQ==,cortez,2024-11-21,2,1,6280804.959339776,1843494.2108778472
5REo+btnacLz2f6xh2Y2bdaDsQJilprer0PkfQ==,cortez,2024-11-21,2,1,6281224.090964058,1843531.758997053
5REo+btnacLz2f6xh2Y2bdaDsQJilprer0PkfQ==,cortez,2024-11-21,2,1,6281247.332984882,1843376.797765356
5REo+btnacLz2f6xh2Y2bdaDsQJilprer0PkfQ==,cortez,2024-11-21,2,1,6281372.806457043,1842775.7144926335
5REo+btnacLz2f6xh2Y2bdaDsQJilprer0PkfQ==,cortez,2024-11-21,2,1,6282071.059547397,1843544.3321329935
5REo+btnacLz2f6xh2Y2bdaDsQJilprer0PkfQ==,cortez,2024-11-21,3,1,6281564.823694864,1842861.1521279025
5REo+btnacLz2f6xh2Y2bdaDsQJilprer0PkfQ==,cortez,2024-11-21,1,2,6283279.3405666575,1842853.5557910644
5REo+btnacLz2f6xh2Y2bdaDsQJilprer0PkfQ==,cortez,2024-11-21,3,2,6283217.607865483,1842954.4990883514
5REo+btnacLz2f6xh2Y2bdaDsQJilprer0PkfQ==,cortez,2024-11-21,5,1,6281583.748109819,1843376.9571094334
5REo+btnacLz2f6xh2Y2bdaDsQJilprer0PkfQ==,cortez,2024-11-21,7,1,6281507.273468981,1843483.4434598144
5REo+btnacLz2f6xh2Y2bdaDsQJilprer0PkfQ==,cortez,2024-11-21,4,1,6281005.354789423,1843378.6363830597
5REo+btnacLz2f6xh2Y2bdaDsQJilprer0PkfQ==,cortez,2024-11-21,6,1,6282139.688785867,1842615.1028748222
qGoPdSHVN9i+s33AZVDkqL9lXvTkUy507Or2/A==,cortez,2024-12-19,1,1,6281581.040524211,1842622.1347700553
qGoPdSHVN9i+s33AZVDkqL9lXvTkUy507Or2/A==,cortez,2024-12-19,1,1,6280686.300692061,1843383.0256010024
qGoPdSHVN9i+s33AZVDkqL9lXvTkUy507Or2/A==,cortez,2024-12-19,1,1,6280370.509537958,1842836.9174489104
qGoPdSHVN9i+s33AZVDkqL9lXvTkUy507Or2/A==,cortez,2024-12-19,1,1,6280246.636069428,1842657.6416521496
qGoPdSHVN9i+s33AZVDkqL9lXvTkUy507Or2/A==,cortez,2024-12-19,1,1,6280720.6838692315,1843002.1060839775
qGoPdSHVN9i+s33AZVDkqL9lXvTkUy507Or2/A==,cortez,2024-12-19,1,1,6280938.261874788,1843028.8425387216
qGoPdSHVN9i+s33AZVDkqL9lXvTkUy507Or2/A==,cortez,2024-12-19,1,1,6281071.0424417,1843246.183800131
qGoPdSHVN9i+s33AZVDkqL9lXvTkUy507Or2/A==,cortez,2024-12-19,1,1,6281224.214460913,1843384.5918353638
qGoPdSHVN9i+s33AZVDkqL9lXvTkUy507Or2/A==,cortez,2024-12-19,1,1,6281503.551312685,1843424.797420543
qGoPdSHVN9i+s33AZVDkqL9lXvTkUy507Or2/A==,cortez,2024-12-19,1,1,6281013.75196694,1842628.7925395304
qGoPdSHVN9i+s33AZVDkqL9lXvTkUy507Or2/A==,cortez,2024-12-19,1,1,6281552.231165667,1842872.4666434333
qGoPdSHVN9i+s33AZVDkqL9lXvTkUy507Or2/A==,cortez,2024-12-19,1,1,6282742.574000248,1842823.667211264
qGoPdSHVN9i+s33AZVDkqL9lXvTkUy507Or2/A==,cortez,2024-12-19,2,1,6280229.488952856,1842867.1436026483
qGoPdSHVN9i+s33AZVDkqL9lXvTkUy507Or2/A==,cortez,2024-12-19,2,1,6280957.6325919945,1843771.4501875425
qGoPdSHVN9i+s33AZVDkqL9lXvTkUy507Or2/A==,cortez,2024-12-19,2,1,6280948.242654619,1843526.6409241846
qGoPdSHVN9i+s33AZVDkqL9lXvTkUy507Or2/A==,cortez,2024-12-19,2,1,6281285.585765302,1843232.121864203
qGoPdSHVN9i+s33AZVDkqL9lXvTkUy507Or2/A==,cortez,2024-12-19,2,1,6281082.437851595,1843091.1007253332
qGoPdSHVN9i+s33AZVDkqL9lXvTkUy507Or2/A==,cortez,2024-12-19,2,1,6280525.9411554765,1842684.245671624
qGoPdSHVN9i+s33AZVDkqL9lXvTkUy507Or2/A==,cortez,2024-12-19,1,2,6280787.402400235,1843880.6284867814
qGoPdSHVN9i+s33AZVDkqL9lXvTkUy507Or2/A==,cortez,2024-12-19,1,2,6280667.381048127,1842833.5601851863
qGoPdSHVN9i+s33AZVDkqL9lXvTkUy507Or2/A==,cortez,2024-12-19,1,2,6280771.5237914,1843374.6817747785
qGoPdSHVN9i+s33AZVDkqL9lXvTkUy507Or2/A==,cortez,2024-12-19,11,1,6281362.803912803,1843571.9970393402
qGoPdSHVN9i+s33AZVDkqL9lXvTkUy507Or2/A==,cortez,2024-12-19,1,2,6281365.539996959,1843484.9407123895
qGoPdSHVN9i+s33AZVDkqL9lXvTkUy507Or2/A==,cortez,2024-12-19,1,2,6280725.0590647105,1843616.8905473824
qGoPdSHVN9i+s33AZVDkqL9lXvTkUy507Or2/A==,cortez,2024-12-19,5,1,6280801.832492085,1843766.3438026558
qGoPdSHVN9i+s33AZVDkqL9lXvTkUy507Or2/A==,cortez,2024-12-19,3,2,6280099.8256587805,1842725.9648027432
qGoPdSHVN9i+s33AZVDkqL9lXvTkUy507Or2/A==,cortez,2024-12-19,3,2,6280465.865892598,1843391.6595235313
qGoPdSHVN9i+s33AZVDkqL9lXvTkUy507Or2/A==,cortez,2024-12-19,2,2,6280968.144914781,1843238.243586158
qGoPdSHVN9i+s33AZVDkqL9lXvTkUy507Or2/A==,cortez,2024-12-19,3,1,6281355.006493543,1842750.4750836673
qGoPdSHVN9i+s33AZVDkqL9lXvTkUy507Or2/A==,cortez,2024-12-19,3,1,6280658.308767985,1842724.766578874
qGoPdSHVN9i+s33AZVDkqL9lXvTkUy507Or2/A==,cortez,2024-12-19,1,3,6282754.121885615,1842733.871651848
qGoPdSHVN9i+s33AZVDkqL9lXvTkUy507Or2/A==,cortez,2024-12-19,1,3,6281789.103650695,1843609.1669893076
qGoPdSHVN9i+s33AZVDkqL9lXvTkUy507Or2/A==,cortez,2024-12-19,1,1,6281651.884356857,1842749.8381330841
iKbUOSlD+zBVyQm4cUpW9QGe9/4YdQqzN897bQ==,cortez,2018-03-28,1,1,6282201.173818375,1843145.202625452
iKbUOSlD+zBVyQm4cUpW9QGe9/4YdQqzN897bQ==,cortez,2018-03-28,1,1,6280511.830670936,1843603.475402533
iKbUOSlD+zBVyQm4cUpW9QGe9/4YdQqzN897bQ==,cortez,2018-03-28,1,1,6280530.978343292,1843083.8333832882
iKbUOSlD+zBVyQm4cUpW9QGe9/4YdQqzN897bQ==,cortez,2018-03-28,1,1,6280791.1394124655,1843072.943772393
iKbUOSlD+zBVyQm4cUpW9QGe9/4YdQqzN897bQ==,cortez,2018-03-28,1,1,6281301.448745908,1843615.1620708806
iKbUOSlD+zBVyQm4cUpW9QGe9/4YdQqzN897bQ==,cortez,2018-03-28,1,1,6281092.322621333,1842714.4225759092
iKbUOSlD+zBVyQm4cUpW9QGe9/4YdQqzN897bQ==,cortez,2018-03-28,1,1,6281508.563600047,1842838.1130399841
iKbUOSlD+zBVyQm4cUpW9QGe9/4YdQqzN897bQ==,cortez,2018-03-28,1,1,6281568.449066839,1843009.750009212
iKbUOSlD+zBVyQm4cUpW9QGe9/4YdQqzN897bQ==,cortez,2018-03-28,2,1,6282066.294681538,1843815.9844533359
iKbUOSlD+zBVyQm4cUpW9QGe9/4YdQqzN897bQ==,cortez,2018-03-28,2,1,6280175.34547068,1842862.3234442947
iKbUOSlD+zBVyQm4cUpW9QGe9/4YdQqzN897bQ==,cortez,2018-03-28,2,1,6280956.055614668,1842857.4306648164
iKbUOSlD+zBVyQm4cUpW9QGe9/4YdQqzN897bQ==,cortez,2018-03-28,2,1,6281796.511506185,1842649.169408231
iKbUOSlD+zBVyQm4cUpW9QGe9/4YdQqzN897bQ==,cortez,2018-03-28,2,1,6281893.374736834,1843767.6825115068
iKbUOSlD+zBVyQm4cUpW9QGe9/4YdQqzN897bQ==,cortez,2018-03-28,3,1,6281923.057167969,1842747.927894361
iKbUOSlD+zBVyQm4cUpW9QGe9/4YdQqzN897bQ==,cortez,2018-03-28,3,1,6281225.218946796,1843232.5707374404
iKbUOSlD+zBVyQm4cUpW9QGe9/4YdQqzN897bQ==,cortez,2018-03-28,3,1,6281505.8701708615,1843224.257635635
iKbUOSlD+zBVyQm4cUpW9QGe9/4YdQqzN897bQ==,cortez,2018-03-28,3,1,6281574.2933555255,1842651.3527387357
iKbUOSlD+zBVyQm4cUpW9QGe9/4YdQqzN897bQ==,cortez,2018-03-28,3,2,6280946.171856877,1842721.4141881983
iKbUOSlD+zBVyQm4cUpW9QGe9/4YdQqzN897bQ==,cortez,2018-03-28,1,2,6280931.494832911,1843788.244455632
iKbUOSlD+zBVyQm4cUpW9QGe9/4YdQqzN897bQ==,cortez,2018-03-28,1,2,6281058.668802035,1843248.0962619225
iKbUOSlD+zBVyQm4cUpW9QGe9/4YdQqzN897bQ==,cortez,2018-03-28,1,2,6281221.432665188,1843127.0504632846
iKbUOSlD+zBVyQm4cUpW9QGe9/4YdQqzN897bQ==,cortez,2018-03-28,2,3,6281151.557087138,1843522.1886196556
iKbUOSlD+zBVyQm4cUpW9QGe9/4YdQqzN897bQ==,cortez,2018-03-28,1,3,6281139.812450321,1843158.4085067357
iKbUOSlD+zBVyQm4cUpW9QGe9/4YdQqzN897bQ==,cortez,2018-03-28,1,3,6280974.510456127,1843326.7023238593
iKbUOSlD+zBVyQm4cUpW9QGe9/4YdQqzN897bQ==,cortez,2018-03-28,1,3,6281150.55145192,1842683.2943567217
iKbUOSlD+zBVyQm4cUpW9QGe9/4YdQqzN897bQ==,cortez,2018-03-28,4,1,6281788.295056748,1843790.9375632592
iKbUOSlD+zBVyQm4cUpW9QGe9/4YdQqzN897bQ==,cortez,2018-03-28,7,1,6281577.496717087,1843401.3349033725
iKbUOSlD+zBVyQm4cUpW9QGe9/4YdQqzN897bQ==,cortez,2018-03-28,6,1,6280110.066030751,1842746.296037548
iKbUOSlD+zBVyQm4cUpW9QGe9/4YdQqzN897bQ==,cortez,2018-03-28,6,1,6281513.941994303,1843496.4055010031
vZ6zgDfXxf/LoiC1dbLqOQyQxHiR57AZfkTtKQ==,cortez,2018-04-25,1,1,6283217.401939305,1842618.5419522913
vZ6zgDfXxf/LoiC1dbLqOQyQxHiR57AZfkTtKQ==,cortez,2018-04-25,1,1,6280680.423243902,1843837.934356919
vZ6zgDfXxf/LoiC1dbLqOQyQxHiR57AZfkTtKQ==,cortez,2018-04-25,1,1,6280671.806772939,1843499.1239638529
vZ6zgDfXxf/LoiC1dbLqOQyQxHiR57AZfkTtKQ==,cortez,2018-04-25,1,1,6280451.763654976,1843409.6175907396
vZ6zgDfXxf/LoiC1dbLqOQyQxHiR57AZfkTtKQ==,cortez,2018-04-25,1,1,6281267.655207353,1843773.8303105594
vZ6zgDfXxf/LoiC1dbLqOQyQxHiR57AZfkTtKQ==,cortez,2018-04-25,1,1,6282357.170068096,1843985.3519079604
vZ6zgDfXxf/LoiC1dbLqOQyQxHiR57AZfkTtKQ==,cortez,2018-04-25,1,1,6281513.802275042,1843121.4000546688
vZ6zgDfXxf/LoiC1dbLqOQyQxHiR57AZfkTtKQ==,cortez,2018-04-25,1,1,6281510.625164511,1842732.5353097632
vZ6zgDfXxf/LoiC1dbLqOQyQxHiR57AZfkTtKQ==,cortez,2018-04-25,1,1,6281041.980507635,1842637.1380034888
vZ6zgDfXxf/LoiC1dbLqOQyQxHiR57AZfkTtKQ==,cortez,2018-04-25,1,1,6282370.462779613,1842749.0877159613
vZ6zgDfXxf/LoiC1dbLqOQyQxHiR57AZfkTtKQ==,cortez,2018-04-25,2,1,6282065.999664134,1843779.8755841665
vZ6zgDfXxf/LoiC1dbLqOQyQxHiR57AZfkTtKQ==,cortez,2018-04-25,2,1,6280514.361687216,1842839.5477552272
vZ6zgDfXxf/LoiC1dbLqOQyQxHiR57AZfkTtKQ==,cortez,2018-04-25,2,1,6280660.444370732,1842824.2233269757
vZ6zgDfXxf/LoiC1dbLqOQyQxHiR57AZfkTtKQ==,cortez,2018-04-25,2,1,6281081.285044949,1842795.0880423433
vZ6zgDfXxf/LoiC1dbLqOQyQxHiR57AZfkTtKQ==,cortez,2018-04-25,2,1,6281922.704741774,1843778.5056524605
vZ6zgDfXxf/LoiC1dbLqOQyQxHiR57AZfkTtKQ==,cortez,2018-04-25,1,1,6282089.8115555495,1842757.4008177666
vZ6zgDfXxf/LoiC1dbLqOQyQxHiR57AZfkTtKQ==,cortez,2018-04-25,1,3,6281148.376419227,1842774.98406034
vZ6zgDfXxf/LoiC1dbLqOQyQxHiR57AZfkTtKQ==,cortez,2018-04-25,1,2,6280809.136823613,1843128.323510611
vZ6zgDfXxf/LoiC1dbLqOQyQxHiR57AZfkTtKQ==,cortez,2018-04-25,1,2,6280940.142461636,1842699.2508016988
vZ6zgDfXxf/LoiC1dbLqOQyQxHiR57AZfkTtKQ==,cortez,2018-04-25,4,1,6281574.640874994,1843409.696447368
vZ6zgDfXxf/LoiC1dbLqOQyQxHiR57AZfkTtKQ==,cortez,2018-04-25,3,1,6280958.211511103,1843121.3031702887
vZ6zgDfXxf/LoiC1dbLqOQyQxHiR57AZfkTtKQ==,cortez,2018-04-25,5,1,6280104.308959273,1842757.4639148975
vZ6zgDfXxf/LoiC1dbLqOQyQxHiR57AZfkTtKQ==,cortez,2018-04-25,6,1,6280950.026219428,1842835.267278317
UKQgK4hxD4ssNV3AwIj8j1X8veF4AtD0ZGZ8rQ==,cortez,2018-05-03,1,1,6280221.73739193,1842814.293155732
UKQgK4hxD4ssNV3AwIj8j1X8veF4AtD0ZGZ8rQ==,cortez,2018-05-03,1,1,6280394.180118366,1843519.6217492812
UKQgK4hxD4ssNV3AwIj8j1X8veF4AtD0ZGZ8rQ==,cortez,2018-05-03,1,1,6281086.948072366,1843488.1277053826
UKQgK4hxD4ssNV3AwIj8j1X8veF4AtD0ZGZ8rQ==,cortez,2018-05-03,1,1,6281223.908480692,1843430.0192790262
UKQgK4hxD4ssNV3AwIj8j1X8veF4AtD0ZGZ8rQ==,cortez,2018-05-03,1,1,6281353.456759466,1843538.3233150507
UKQgK4hxD4ssNV3AwIj8j1X8veF4AtD0ZGZ8rQ==,cortez,2018-05-03,1,1,6281510.569587209,1843799.1900524586
UKQgK4hxD4ssNV3AwIj8j1X8veF4AtD0ZGZ8rQ==,cortez,2018-05-03,1,1,6281523.094053736,1843542.744459001
UKQgK4hxD4ssNV3AwIj8j1X8veF4AtD0ZGZ8rQ==,cortez,2018-05-03,1,1,6281562.826372306,1843395.226414557
UKQgK4hxD4ssNV3AwIj8j1X8veF4AtD0ZGZ8rQ==,cortez,2018-05-03,1,1,6281839.377828778,1843600.8188105728
UKQgK4hxD4ssNV3AwIj8j1X8veF4AtD0ZGZ8rQ==,cortez,2018-05-03,1,1,6281940.310205248,1843785.662509813
UKQgK4hxD4ssNV3AwIj8j1X8veF4AtD0ZGZ8rQ==,cortez,2018-05-03,1,1,6282080.997193847,1843825.7153616322
UKQgK4hxD4ssNV3AwIj8j1X8veF4AtD0ZGZ8rQ==,cortez,2018-05-03,1,1,6282379.959831312,1843911.1685713758
UKQgK4hxD4ssNV3AwIj8j1X8veF4AtD0ZGZ8rQ==,cortez,2018-05-03,1,1,6281785.634487544,1843107.498998554
UKQgK4hxD4ssNV3AwIj8j1X8veF4AtD0ZGZ8rQ==,cortez,2018-05-03,1,1,6281570.175177301,1842863.3517364215
UKQgK4hxD4ssNV3AwIj8j1X8veF4AtD0ZGZ8rQ==,cortez,2018-05-03,1,1,6281507.745417603,1842738.2747811512
UKQgK4hxD4ssNV3AwIj8j1X8veF4AtD0ZGZ8rQ==,cortez,2018-05-03,1,1,6282335.307748702,1842741.414824339
UKQgK4hxD4ssNV3AwIj8j1X8veF4AtD0ZGZ8rQ==,cortez,2018-05-03,1,1,6281071.398794214,1842659.1132543245
UKQgK4hxD4ssNV3AwIj8j1X8veF4AtD0ZGZ8rQ==,cortez,2018-05-03,2,1,6280800.149648384,1843459.874374497
UKQgK4hxD4ssNV3AwIj8j1X8veF4AtD0ZGZ8rQ==,cortez,2018-05-03,2,1,6282064.147777104,1843553.0847326042
UKQgK4hxD4ssNV3AwIj8j1X8veF4AtD0ZGZ8rQ==,cortez,2018-05-03,2,1,6281842.2385164155,1843235.338780161
UKQgK4hxD4ssNV3AwIj8j1X8veF4AtD0ZGZ8rQ==,cortez,2018-05-03,2,1,6280226.91660958,1842732.441615725
UKQgK4hxD4ssNV3AwIj8j1X8veF4AtD0ZGZ8rQ==,cortez,2018-05-03,2,1,6280140.2440410275,1842861.1543155164
UKQgK4hxD4ssNV3AwIj8j1X8veF4AtD0ZGZ8rQ==,cortez,2018-05-03,2,2,6280937.696801449,1842758.1118213707
UKQgK4hxD4ssNV3AwIj8j1X8veF4AtD0ZGZ8rQ==,cortez,2018-05-03,1,2,6281782.279785516,1843770.2613191428
UKQgK4hxD4ssNV3AwIj8j1X8veF4AtD0ZGZ8rQ==,cortez,2018-05-03,1,2,6281209.897458028,1842789.1814225635
UKQgK4hxD4ssNV3AwIj8j1X8veF4AtD0ZGZ8rQ==,cortez,2018-05-03,2,2,6280731.113883335,1843242.1083497545
UKQgK4hxD4ssNV3AwIj8j1X8veF4AtD0ZGZ8rQ==,cortez,2018-05-03,9,1,6280926.847907877,1842861.8165668766
UKQgK4hxD4ssNV3AwIj8j1X8veF4AtD0ZGZ8rQ==,cortez,2018-05-03,4,1,6280104.13039106,1842735.9170283347
D7Lh4CHbKOpsmhaQ8f4sPDf70YmTxNCVwFRcYw==,cortez,2018-06-28,1,1,6280173.678054258,1842858.6181486084
D7Lh4CHbKOpsmhaQ8f4sPDf70YmTxNCVwFRcYw==,cortez,2018-06-28,1,1,6281012.074675014,1843769.1603725795
D7Lh4CHbKOpsmhaQ8f4sPDf70YmTxNCVwFRcYw==,cortez,2018-06-28,1,1,6282076.181659559,1843796.8642430145
D7Lh4CHbKOpsmhaQ8f4sPDf70YmTxNCVwFRcYw==,cortez,2018-06-28,1,1,6282362.292100915,1843856.596572409
D7Lh4CHbKOpsmhaQ8f4sPDf70YmTxNCVwFRcYw==,cortez,2018-06-28,1,1,6281797.756678963,1843484.2799326642
D7Lh4CHbKOpsmhaQ8f4sPDf70YmTxNCVwFRcYw==,cortez,2018-06-28,1,1,6281604.783811693,1843483.4385910132
D7Lh4CHbKOpsmhaQ8f4sPDf70YmTxNCVwFRcYw==,cortez,2018-06-28,1,1,6281602.630119548,1843377.4561779152
D7Lh4CHbKOpsmhaQ8f4sPDf70YmTxNCVwFRcYw==,cortez,2018-06-28,1,1,6281581.982996253,1842999.8501341674
D7Lh4CHbKOpsmhaQ8f4sPDf70YmTxNCVwFRcYw==,cortez,2018-06-28,1,1,6282422.255495498,1842847.6224989675
D7Lh4CHbKOpsmhaQ8f4sPDf70YmTxNCVwFRcYw==,cortez,2018-06-28,1,1,6281227.036748243,1842755.9608764315
D7Lh4CHbKOpsmhaQ8f4sPDf70YmTxNCVwFRcYw==,cortez,2018-06-28,2,1,6280244.706647394,1842741.0518863425
D7Lh4CHbKOpsmhaQ8f4sPDf70YmTxNCVwFRcYw==,cortez,2018-06-28,2,1,6281792.778045678,1843767.0039723308
D7Lh4CHbKOpsmhaQ8f4sPDf70YmTxNCVwFRcYw==,cortez,2018-06-28,2,1,6281084.170029141,1843504.8098554234
D7Lh4CHbKOpsmhaQ8f4sPDf70YmTxNCVwFRcYw==,cortez,2018-06-28,2,1,6281230.099578043,1843139.1739999996
D7Lh4CHbKOpsmhaQ8f4sPDf70YmTxNCVwFRcYw==,cortez,2018-06-28,2,1,6280948.770221642,1842823.8999003628
D7Lh4CHbKOpsmhaQ8f4sPDf70YmTxNCVwFRcYw==,cortez,2018-06-28,3,1,6281089.622363092,1842754.5792193178
D7Lh4CHbKOpsmhaQ8f4sPDf70YmTxNCVwFRcYw==,cortez,2018-06-28,8,1,6281502.04331204,1842734.2601481772
D7Lh4CHbKOpsmhaQ8f4sPDf70YmTxNCVwFRcYw==,cortez,2018-06-28,4,1,6281637.08670188,1842659.5598885592
D7Lh4CHbKOpsmhaQ8f4sPDf70YmTxNCVwFRcYw==,cortez,2018-06-28,1,2,6281329.401490734,1843154.5164813525
D7Lh4CHbKOpsmhaQ8f4sPDf70YmTxNCVwFRcYw==,cortez,2018-06-28,2,2,6280944.028231024,1842671.7360668995
NaOoPfTR4IxG0m49LtJH9+3EhDK6Ve5mVOdhjw==,cortez,2018-11-28,1,1,6282485.116867289,1843175.0961366363
NaOoPfTR4IxG0m49LtJH9+3EhDK6Ve5mVOdhjw==,cortez,2018-11-28,1,1,6280800.347110108,1843571.8694542553
NaOoPfTR4IxG0m49LtJH9+3EhDK6Ve5mVOdhjw==,cortez,2018-11-28,1,1,6281918.740519293,1843555.7080808894
NaOoPfTR4IxG0m49LtJH9+3EhDK6Ve5mVOdhjw==,cortez,2018-11-28,1,1,6280798.028044223,1843033.2958516292
NaOoPfTR4IxG0m49LtJH9+3EhDK6Ve5mVOdhjw==,cortez,2018-11-28,1,1,6280671.325360039,1842846.9488860117
NaOoPfTR4IxG0m49LtJH9+3EhDK6Ve5mVOdhjw==,cortez,2018-11-28,1,1,6280243.533159197,1842773.3729150933
NaOoPfTR4IxG0m49LtJH9+3EhDK6Ve5mVOdhjw==,cortez,2018-11-28,1,1,6281363.518762871,1843126.978492784
NaOoPfTR4IxG0m49LtJH9+3EhDK6Ve5mVOdhjw==,cortez,2018-11-28,1,1,6281927.4634375945,1842861.6120655215
NaOoPfTR4IxG0m49LtJH9+3EhDK6Ve5mVOdhjw==,cortez,2018-11-28,1,1,6281908.399562196,1843194.064377666
NaOoPfTR4IxG0m49LtJH9+3EhDK6Ve5mVOdhjw==,cortez,2018-11-28,1,1,6282207.080480865,1843201.8978412773
NaOoPfTR4IxG0m49LtJH9+3EhDK6Ve5mVOdhjw==,cortez,2018-11-28,2,1,6282477.268040695,1843392.2180959363
NaOoPfTR4IxG0m49LtJH9+3EhDK6Ve5mVOdhjw==,cortez,2018-11-28,1,1,6281644.805995093,1843175.1736880003
NaOoPfTR4IxG0m49LtJH9+3EhDK6Ve5mVOdhjw==,cortez,2018-11-28,1,1,6281850.348612502,1842631.9128328422
NaOoPfTR4IxG0m49LtJH9+3EhDK6Ve5mVOdhjw==,cortez,2018-11-28,1,1,6281769.212688674,1842828.3059923116
NaOoPfTR4IxG0m49LtJH9+3EhDK6Ve5mVOdhjw==,cortez,2018-11-28,2,1,6281230.017177443,1843401.5853165113
NaOoPfTR4IxG0m49LtJH9+3EhDK6Ve5mVOdhjw==,cortez,2018-11-28,2,1,6282052.493163802,1842659.4357854635
NaOoPfTR4IxG0m49LtJH9+3EhDK6Ve5mVOdhjw==,cortez,2018-11-28,3,1,6281851.329312005,1842859.6678389276
NaOoPfTR4IxG0m49LtJH9+3EhDK6Ve5mVOdhjw==,cortez,2018-11-28,3,1,6281853.613764966,1843390.2030295741
NaOoPfTR4IxG0m49LtJH9+3EhDK6Ve5mVOdhjw==,cortez,2018-11-28,8,1,6281763.359874011,1843508.9763757624
NaOoPfTR4IxG0m49LtJH9+3EhDK6Ve5mVOdhjw==,cortez,2018-11-28,1,2,6282038.350323154,1842774.7944169259
NaOoPfTR4IxG0m49LtJH9+3EhDK6Ve5mVOdhjw==,cortez,2018-11-28,1,2,6282125.829180625,1843371.4962941485
NaOoPfTR4IxG0m49LtJH9+3EhDK6Ve5mVOdhjw==,cortez,2018-11-28,2,1,6282191.209763058,1843595.94969998
NaOoPfTR4IxG0m49LtJH9+3EhDK6Ve5mVOdhjw==,cortez,2018-11-28,7,1,6281499.382795722,1842721.0493281074
8+qHS9gtfoXKDW2Z1wICzkcgiNG1HV5UKAOAwQ==,columbia,2024-06-27,2,1,6278564.164375112,1841535.6575265068
8+qHS9gtfoXKDW2Z1wICzkcgiNG1HV5UKAOAwQ==,columbia,2024-06-27,1,1,6278515.814834525,1841123.6383051167
8+qHS9gtfoXKDW2Z1wICzkcgiNG1HV5UKAOAwQ==,columbia,2024-06-27,1,1,6278890.235416656,1841580.4543133015
8+qHS9gtfoXKDW2Z1wICzkcgiNG1HV5UKAOAwQ==,columbia,2024-06-27,2,1,6279141.640804814,1841867.1831220456
8+qHS9gtfoXKDW2Z1wICzkcgiNG1HV5UKAOAwQ==,columbia,2024-06-27,2,1,6279012.626116023,1841951.5386605428
8+qHS9gtfoXKDW2Z1wICzkcgiNG1HV5UKAOAwQ==,columbia,2024-06-27,1,1,6279067.039994324,1842119.2919190556
8+qHS9gtfoXKDW2Z1wICzkcgiNG1HV5UKAOAwQ==,columbia,2024-06-27,1,1,6278888.0701398,1842137.6502689312
8+qHS9gtfoXKDW2Z1wICzkcgiNG1HV5UKAOAwQ==,columbia,2024-06-27,1,1,6278894.085081873,1842483.6489402733
8+qHS9gtfoXKDW2Z1wICzkcgiNG1HV5UKAOAwQ==,columbia,2024-06-27,1,1,6279012.195386635,1842780.9633490394
8+qHS9gtfoXKDW2Z1wICzkcgiNG1HV5UKAOAwQ==,columbia,2024-06-27,1,1,6279567.734889423,1842659.680857954
8+qHS9gtfoXKDW2Z1wICzkcgiNG1HV5UKAOAwQ==,columbia,2024-06-27,1,2,6279850.733362774,1842821.6448861456
8+qHS9gtfoXKDW2Z1wICzkcgiNG1HV5UKAOAwQ==,columbia,2024-06-27,2,2,6279711.03427993,1842425.1711644626
8+qHS9gtfoXKDW2Z1wICzkcgiNG1HV5UKAOAwQ==,columbia,2024-06-27,3,2,6279919.08379396,1842485.5952159567
8+qHS9gtfoXKDW2Z1wICzkcgiNG1HV5UKAOAwQ==,columbia,2024-06-27,1,1,6279838.759834429,1842437.5008293965
8+qHS9gtfoXKDW2Z1wICzkcgiNG1HV5UKAOAwQ==,columbia,2024-06-27,1,1,6279984.4182670135,1842274.2227209716
8+qHS9gtfoXKDW2Z1wICzkcgiNG1HV5UKAOAwQ==,columbia,2024-06-27,1,1,6279878.614192172,1842114.259733382
8+qHS9gtfoXKDW2Z1wICzkcgiNG1HV5UKAOAwQ==,columbia,2024-06-27,1,1,6279551.327346329,1841878.648414204
8+qHS9gtfoXKDW2Z1wICzkcgiNG1HV5UKAOAwQ==,columbia,2024-06-27,1,2,6279986.137367225,1841946.0100445587
8+qHS9gtfoXKDW2Z1wICzkcgiNG1HV5UKAOAwQ==,columbia,2024-06-27,4,2,6279971.933719128,1842108.8851683787
8+qHS9gtfoXKDW2Z1wICzkcgiNG1HV5UKAOAwQ==,columbia,2024-06-27,2,1,6279666.600774391,1841730.728914075
8+qHS9gtfoXKDW2Z1wICzkcgiNG1HV5UKAOAwQ==,columbia,2024-06-27,1,1,6279686.933603096,1841333.7646024383
8+qHS9gtfoXKDW2Z1wICzkcgiNG1HV5UKAOAwQ==,columbia,2024-06-27,1,1,6279877.512626408,1841343.3573418395
WERHqm3TRQsoABRlQt6nZ69TxnVQIL6pkT2M+w==,columbia,2024-07-25,2,1,6278799.393546516,1841595.4925662107
WERHqm3TRQsoABRlQt6nZ69TxnVQIL6pkT2M+w==,columbia,2024-07-25,1,2,6278871.677967585,1841590.2833673654
WERHqm3TRQsoABRlQt6nZ69TxnVQIL6pkT2M+w==,columbia,2024-07-25,1,2,6279014.273201178,1841911.3630241393
WERHqm3TRQsoABRlQt6nZ69TxnVQIL6pkT2M+w==,columbia,2024-07-25,5,1,6279006.252599497,1841837.4262487092
WERHqm3TRQsoABRlQt6nZ69TxnVQIL6pkT2M+w==,columbia,2024-07-25,1,1,6279165.678685461,1841760.6863766673
WERHqm3TRQsoABRlQt6nZ69TxnVQIL6pkT2M+w==,columbia,2024-07-25,1,1,6279035.050927985,1841539.037149545
WERHqm3TRQsoABRlQt6nZ69TxnVQIL6pkT2M+w==,columbia,2024-07-25,1,1,6279160.688799054,1841546.4971049975
WERHqm3TRQsoABRlQt6nZ69TxnVQIL6pkT2M+w==,columbia,2024-07-25,3,1,6279010.565766272,1842273.4632446903
WERHqm3TRQsoABRlQt6nZ69TxnVQIL6pkT2M+w==,columbia,2024-07-25,2,2,6279917.701097752,1842856.0332163118
WERHqm3TRQsoABRlQt6nZ69TxnVQIL6pkT2M+w==,columbia,2024-07-25,3,2,6279989.3653495405,1842738.6266233083
WERHqm3TRQsoABRlQt6nZ69TxnVQIL6pkT2M+w==,columbia,2024-07-25,2,2,6279853.677060548,1842634.2833022098
WERHqm3TRQsoABRlQt6nZ69TxnVQIL6pkT2M+w==,columbia,2024-07-25,2,1,6279912.457677057,1842251.7001290931
WERHqm3TRQsoABRlQt6nZ69TxnVQIL6pkT2M+w==,columbia,2024-07-25,1,1,6279911.626086432,1842101.2536232898
WERHqm3TRQsoABRlQt6nZ69TxnVQIL6pkT2M+w==,columbia,2024-07-25,1,1,6279983.572404675,1841690.6009642377
/lpqpzk04rdKvUPzes1GBv0+wdYTK2oaRYF0Qw==,columbia,2024-08-29,1,1,6278876.966638205,1841146.9420243835
/lpqpzk04rdKvUPzes1GBv0+wdYTK2oaRYF0Qw==,columbia,2024-08-29,2,1,6279095.111309554,1841338.098431594
/lpqpzk04rdKvUPzes1GBv0+wdYTK2oaRYF0Qw==,columbia,2024-08-29,2,1,6279083.535677273,1841530.6678817794
/lpqpzk04rdKvUPzes1GBv0+wdYTK2oaRYF0Qw==,columbia,2024-08-29,1,1,6278846.469388922,1841559.9876993252
/lpqpzk04rdKvUPzes1GBv0+wdYTK2oaRYF0Qw==,columbia,2024-08-29,2,1,6278523.473779991,1841534.1129039088
/lpqpzk04rdKvUPzes1GBv0+wdYTK2oaRYF0Qw==,columbia,2024-08-29,1,2,6278505.7290054485,1841673.5299963513
/lpqpzk04rdKvUPzes1GBv0+wdYTK2oaRYF0Qw==,columbia,2024-08-29,2,1,6278885.315100604,1841871.291968905
/lpqpzk04rdKvUPzes1GBv0+wdYTK2oaRYF0Qw==,columbia,2024-08-29,2,1,6279014.752398174,1841908.4888562993
/lpqpzk04rdKvUPzes1GBv0+wdYTK2oaRYF0Qw==,columbia,2024-08-29,1,1,6278887.502670208,1842116.9670646691
/lpqpzk04rdKvUPzes1GBv0+wdYTK2oaRYF0Qw==,columbia,2024-08-29,1,1,6279445.56346933,1842741.6865253178
/lpqpzk04rdKvUPzes1GBv0+wdYTK2oaRYF0Qw==,columbia,2024-08-29,2,2,6279986.369590384,1842707.9654882473
/lpqpzk04rdKvUPzes1GBv0+wdYTK2oaRYF0Qw==,columbia,2024-08-29,3,1,6279847.5791566,1842473.2621432275
/lpqpzk04rdKvUPzes1GBv0+wdYTK2oaRYF0Qw==,columbia,2024-08-29,6,2,6279983.708423236,1842409.1030006167
/lpqpzk04rdKvUPzes1GBv0+wdYTK2oaRYF0Qw==,columbia,2024-08-29,1,1,6279996.118489284,1842310.244669434
/lpqpzk04rdKvUPzes1GBv0+wdYTK2oaRYF0Qw==,columbia,2024-08-29,1,1,6279833.106656468,1841700.8253068551
MPqa0M/gmJoE/2+x0lnZrYWICFaNI7N2jGDteg==,columbia,2024-09-27,2,1,6278878.725874885,1841990.49719814
MPqa0M/gmJoE/2+x0lnZrYWICFaNI7N2jGDteg==,columbia,2024-09-27,2,1,6279565.763427024,1841524.2407964529
MPqa0M/gmJoE/2+x0lnZrYWICFaNI7N2jGDteg==,columbia,2024-09-27,1,1,6279557.644963167,1841927.0952746817
MPqa0M/gmJoE/2+x0lnZrYWICFaNI7N2jGDteg==,columbia,2024-09-27,1,1,6279871.549166673,1841876.0989528468
MPqa0M/gmJoE/2+x0lnZrYWICFaNI7N2jGDteg==,columbia,2024-09-27,1,1,6279992.065229192,1842034.125524453
MPqa0M/gmJoE/2+x0lnZrYWICFaNI7N2jGDteg==,columbia,2024-09-27,1,1,6279833.641025171,1842441.4729002982
MPqa0M/gmJoE/2+x0lnZrYWICFaNI7N2jGDteg==,columbia,2024-09-27,2,1,6279994.610089716,1842319.1592133436
MPqa0M/gmJoE/2+x0lnZrYWICFaNI7N2jGDteg==,columbia,2024-09-27,6,2,6279987.828069615,1842434.3162378364
MPqa0M/gmJoE/2+x0lnZrYWICFaNI7N2jGDteg==,columbia,2024-09-27,1,1,6279931.204975938,1842871.775270618
MPqa0M/gmJoE/2+x0lnZrYWICFaNI7N2jGDteg==,columbia,2024-09-27,1,1,6279294.046340959,1842801.2762619182
MPqa0M/gmJoE/2+x0lnZrYWICFaNI7N2jGDteg==,columbia,2024-09-27,1,2,6279842.976756899,1842831.032942737
1qzSk7Iq9Lstc2vyJcA8O0jxybgJzNVZzli4aw==,columbia,2024-10-25,1,2,6279948.090497199,1842872.230922268
1qzSk7Iq9Lstc2vyJcA8O0jxybgJzNVZzli4aw==,columbia,2024-10-25,2,2,6279852.376013522,1842791.108613439
1qzSk7Iq9Lstc2vyJcA8O0jxybgJzNVZzli4aw==,columbia,2024-10-25,1,1,6279837.705481993,1842862.39241379
1qzSk7Iq9Lstc2vyJcA8O0jxybgJzNVZzli4aw==,columbia,2024-10-25,1,2,6279856.856968955,1842630.8075351487
1qzSk7Iq9Lstc2vyJcA8O0jxybgJzNVZzli4aw==,columbia,2024-10-25,1,2,6279956.605334553,1842493.1125366848
1qzSk7Iq9Lstc2vyJcA8O0jxybgJzNVZzli4aw==,columbia,2024-10-25,2,1,6279840.087135711,1842427.319477574
1qzSk7Iq9Lstc2vyJcA8O0jxybgJzNVZzli4aw==,columbia,2024-10-25,1,1,6279999.375971054,1842365.7692187002
1qzSk7Iq9Lstc2vyJcA8O0jxybgJzNVZzli4aw==,columbia,2024-10-25,2,1,6279834.181062699,1841903.2234319188
1qzSk7Iq9Lstc2vyJcA8O0jxybgJzNVZzli4aw==,columbia,2024-10-25,1,1,6279281.332181362,1842479.9176159715
1qzSk7Iq9Lstc2vyJcA8O0jxybgJzNVZzli4aw==,columbia,2024-10-25,1,1,6279448.267290132,1842423.4323988373
1qzSk7Iq9Lstc2vyJcA8O0jxybgJzNVZzli4aw==,columbia,2024-10-25,1,2,6279163.95563889,1842052.8446158653
1qzSk7Iq9Lstc2vyJcA8O0jxybgJzNVZzli4aw==,columbia,2024-10-25,1,1,6279165.002217188,1841940.8946940992
1qzSk7Iq9Lstc2vyJcA8O0jxybgJzNVZzli4aw==,columbia,2024-10-25,1,1,6279278.954602822,1841670.8554824116
1qzSk7Iq9Lstc2vyJcA8O0jxybgJzNVZzli4aw==,columbia,2024-10-25,1,1,6279306.393816512,1841528.293713209
1qzSk7Iq9Lstc2vyJcA8O0jxybgJzNVZzli4aw==,columbia,2024-10-25,1,1,6279586.448550385,1841341.70522872
1qzSk7Iq9Lstc2vyJcA8O0jxybgJzNVZzli4aw==,columbia,2024-10-25,5,1,6279009.514008018,1841753.0974392435
1qzSk7Iq9Lstc2vyJcA8O0jxybgJzNVZzli4aw==,columbia,2024-10-25,2,1,6278880.651689988,1841565.2185433877
1qzSk7Iq9Lstc2vyJcA8O0jxybgJzNVZzli4aw==,columbia,2024-10-25,3,1,6278500.029122844,1841533.3104530845
1qzSk7Iq9Lstc2vyJcA8O0jxybgJzNVZzli4aw==,columbia,2024-10-25,1,1,6278455.570454745,1841688.6456251356
74j8vItVH0TOGudDzvjkpqwQSCUKgezxABnDQA==,columbia,2024-11-21,1,1,6279876.247185501,1842872.576807168
74j8vItVH0TOGudDzvjkpqwQSCUKgezxABnDQA==,columbia,2024-11-21,1,2,6279918.133518464,1842872.1896426724
74j8vItVH0TOGudDzvjkpqwQSCUKgezxABnDQA==,columbia,2024-11-21,3,2,6279994.793535244,1842733.7742164684
74j8vItVH0TOGudDzvjkpqwQSCUKgezxABnDQA==,columbia,2024-11-21,1,1,6279916.249887792,1842499.8885575037
74j8vItVH0TOGudDzvjkpqwQSCUKgezxABnDQA==,columbia,2024-11-21,1,1,6279996.74369518,1842363.987821423
74j8vItVH0TOGudDzvjkpqwQSCUKgezxABnDQA==,columbia,2024-11-21,2,2,6279835.480863457,1842421.5811959533
74j8vItVH0TOGudDzvjkpqwQSCUKgezxABnDQA==,columbia,2024-11-21,1,1,6279916.05699549,1841732.3022083316
74j8vItVH0TOGudDzvjkpqwQSCUKgezxABnDQA==,columbia,2024-11-21,1,1,6279655.0840171985,1841347.0951823054
74j8vItVH0TOGudDzvjkpqwQSCUKgezxABnDQA==,columbia,2024-11-21,1,1,6279634.250267947,1841732.356882587
74j8vItVH0TOGudDzvjkpqwQSCUKgezxABnDQA==,columbia,2024-11-21,2,1,6279715.164798447,1842012.1229072895
74j8vItVH0TOGudDzvjkpqwQSCUKgezxABnDQA==,columbia,2024-11-21,1,1,6279281.646451069,1842447.1014214912
74j8vItVH0TOGudDzvjkpqwQSCUKgezxABnDQA==,columbia,2024-11-21,1,1,6279442.612621862,1841611.7221502059
74j8vItVH0TOGudDzvjkpqwQSCUKgezxABnDQA==,columbia,2024-11-21,1,1,6279274.175109902,1841712.733995509
74j8vItVH0TOGudDzvjkpqwQSCUKgezxABnDQA==,columbia,2024-11-21,2,1,6279323.635402231,1841521.0173218998
74j8vItVH0TOGudDzvjkpqwQSCUKgezxABnDQA==,columbia,2024-11-21,1,1,6279085.758789439,1841347.2573259752
74j8vItVH0TOGudDzvjkpqwQSCUKgezxABnDQA==,columbia,2024-11-21,1,1,6279102.780192064,1841523.058734694
74j8vItVH0TOGudDzvjkpqwQSCUKgezxABnDQA==,columbia,2024-11-21,1,1,6279002.001918892,1841536.7408836393
74j8vItVH0TOGudDzvjkpqwQSCUKgezxABnDQA==,columbia,2024-11-21,15,1,6279018.582304852,1841669.1942151303
74j8vItVH0TOGudDzvjkpqwQSCUKgezxABnDQA==,columbia,2024-11-21,1,1,6278455.529430442,1841911.560417126
74j8vItVH0TOGudDzvjkpqwQSCUKgezxABnDQA==,columbia,2024-11-21,1,1,6279140.501134982,1841861.876920881
74j8vItVH0TOGudDzvjkpqwQSCUKgezxABnDQA==,columbia,2024-11-21,1,2,6279174.979308298,1841881.9592450964
dC//JnmSn2g2V7ESlFTnK7ihB/2miRvMHEudqA==,columbia,2024-12-19,1,1,6278875.002509614,1842876.2453515213
dC//JnmSn2g2V7ESlFTnK7ihB/2miRvMHEudqA==,columbia,2024-12-19,1,2,6279431.767903904,1842710.5734862275
dC//JnmSn2g2V7ESlFTnK7ihB/2miRvMHEudqA==,columbia,2024-12-19,4,1,6279708.665246699,1842715.2189221508
dC//JnmSn2g2V7ESlFTnK7ihB/2miRvMHEudqA==,columbia,2024-12-19,2,1,6279853.5417797305,1842874.7405446034
dC//JnmSn2g2V7ESlFTnK7ihB/2miRvMHEudqA==,columbia,2024-12-19,2,1,6279861.868072892,1842628.7720538387
dC//JnmSn2g2V7ESlFTnK7ihB/2miRvMHEudqA==,columbia,2024-12-19,1,2,6279908.513375444,1842869.5847574968
dC//JnmSn2g2V7ESlFTnK7ihB/2miRvMHEudqA==,columbia,2024-12-19,1,2,6279928.218032211,1842623.5987689772
dC//JnmSn2g2V7ESlFTnK7ihB/2miRvMHEudqA==,columbia,2024-12-19,1,1,6279836.512014486,1842479.2091342097
dC//JnmSn2g2V7ESlFTnK7ihB/2miRvMHEudqA==,columbia,2024-12-19,1,1,6279553.355646322,1841949.6988172056
dC//JnmSn2g2V7ESlFTnK7ihB/2miRvMHEudqA==,columbia,2024-12-19,1,1,6279539.082134345,1841333.5637380485
dC//JnmSn2g2V7ESlFTnK7ihB/2miRvMHEudqA==,columbia,2024-12-19,1,1,6279030.872388326,1841339.416519057
dC//JnmSn2g2V7ESlFTnK7ihB/2miRvMHEudqA==,columbia,2024-12-19,1,1,6279075.335356364,1841519.37756351
dC//JnmSn2g2V7ESlFTnK7ihB/2miRvMHEudqA==,columbia,2024-12-19,2,1,6279170.286109179,1841547.1234293226
dC//JnmSn2g2V7ESlFTnK7ihB/2miRvMHEudqA==,columbia,2024-12-19,2,1,6279163.689411281,1841757.5905014211
dC//JnmSn2g2V7ESlFTnK7ihB/2miRvMHEudqA==,columbia,2024-12-19,10,1,6279007.839597131,1841684.2970253448
dC//JnmSn2g2V7ESlFTnK7ihB/2miRvMHEudqA==,columbia,2024-12-19,1,2,6279159.024849889,1841975.6614791646
dC//JnmSn2g2V7ESlFTnK7ihB/2miRvMHEudqA==,columbia,2024-12-19,1,1,6279167.170392595,1842094.8233576773
dC//JnmSn2g2V7ESlFTnK7ihB/2miRvMHEudqA==,columbia,2024-12-19,1,1,6279049.7131105745,1842120.3602409346
dC//JnmSn2g2V7ESlFTnK7ihB/2miRvMHEudqA==,columbia,2024-12-19,1,1,6279003.542338063,1842384.1363087357
dC//JnmSn2g2V7ESlFTnK7ihB/2miRvMHEudqA==,columbia,2024-12-19,1,1,6278884.786409242,1842133.2919949421
dC//JnmSn2g2V7ESlFTnK7ihB/2miRvMHEudqA==,columbia,2024-12-19,1,1,6278882.498884603,1841646.4553909623
xISuLEq5AVTTmk6MnR9U9j1weZlMzlB9O0Xysw==,gaslamp,2024-06-27,1,1,6281499.906637307,1839000.2313252585
xISuLEq5AVTTmk6MnR9U9j1weZlMzlB9O0Xysw==,gaslamp,2024-06-27,1,1,6281646.924764867,1839216.0520641797
xISuLEq5AVTTmk6MnR9U9j1weZlMzlB9O0Xysw==,gaslamp,2024-06-27,1,1,6281855.824695987,1839575.4417156961
xISuLEq5AVTTmk6MnR9U9j1weZlMzlB9O0Xysw==,gaslamp,2024-06-27,1,1,6281498.81306512,1839596.6037351815
xISuLEq5AVTTmk6MnR9U9j1weZlMzlB9O0Xysw==,gaslamp,2024-06-27,1,1,6281651.141116812,1840069.2879489246
xISuLEq5AVTTmk6MnR9U9j1weZlMzlB9O0Xysw==,gaslamp,2024-06-27,1,1,6281765.312452811,1840070.465308625
xISuLEq5AVTTmk6MnR9U9j1weZlMzlB9O0Xysw==,gaslamp,2024-06-27,1,1,6281837.774056315,1839961.4523286575
xISuLEq5AVTTmk6MnR9U9j1weZlMzlB9O0Xysw==,gaslamp,2024-06-27,1,1,6281840.25338406,1840185.6650894803
xISuLEq5AVTTmk6MnR9U9j1weZlMzlB9O0Xysw==,gaslamp,2024-06-27,1,1,6281579.839644657,1840333.7798482068
xISuLEq5AVTTmk6MnR9U9j1weZlMzlB9O0Xysw==,gaslamp,2024-06-27,1,1,6281500.152426705,1840442.489553621
xISuLEq5AVTTmk6MnR9U9j1weZlMzlB9O0Xysw==,gaslamp,2024-06-27,1,1,6281663.510962637,1840416.8141543486
xISuLEq5AVTTmk6MnR9U9j1weZlMzlB9O0Xysw==,gaslamp,2024-06-27,1,1,6281766.15445407,1840399.434383554
xISuLEq5AVTTmk6MnR9U9j1weZlMzlB9O0Xysw==,gaslamp,2024-06-27,1,1,6281644.14112657,1840734.0909258022
xISuLEq5AVTTmk6MnR9U9j1weZlMzlB9O0Xysw==,gaslamp,2024-06-27,1,1,6281654.893529041,1841175.5303106064
xISuLEq5AVTTmk6MnR9U9j1weZlMzlB9O0Xysw==,gaslamp,2024-06-27,1,1,6281766.214385522,1841154.900091034
xISuLEq5AVTTmk6MnR9U9j1weZlMzlB9O0Xysw==,gaslamp,2024-06-27,1,1,6281829.51480113,1841312.9871715072
xISuLEq5AVTTmk6MnR9U9j1weZlMzlB9O0Xysw==,gaslamp,2024-06-27,1,1,6281770.959826047,1838567.005269792
xISuLEq5AVTTmk6MnR9U9j1weZlMzlB9O0Xysw==,gaslamp,2024-06-27,2,1,6281768.931746716,1839673.005011831
xISuLEq5AVTTmk6MnR9U9j1weZlMzlB9O0Xysw==,gaslamp,2024-06-27,2,1,6281575.086448184,1839773.3086010606
xISuLEq5AVTTmk6MnR9U9j1weZlMzlB9O0Xysw==,gaslamp,2024-06-27,2,1,6281922.837475503,1840073.4623156455
xISuLEq5AVTTmk6MnR9U9j1weZlMzlB9O0Xysw==,gaslamp,2024-06-27,2,1,6281850.859976905,1840706.6207956076
xISuLEq5AVTTmk6MnR9U9j1weZlMzlB9O0Xysw==,gaslamp,2024-06-27,2,1,6281648.217168362,1838511.2483069978
xISuLEq5AVTTmk6MnR9U9j1weZlMzlB9O0Xysw==,gaslamp,2024-06-27,3,1,6281767.426692375,1838917.4786494405
xISuLEq5AVTTmk6MnR9U9j1weZlMzlB9O0Xysw==,gaslamp,2024-06-27,3,1,6281505.263519531,1840807.7843757013
xISuLEq5AVTTmk6MnR9U9j1weZlMzlB9O0Xysw==,gaslamp,2024-06-27,4,1,6281654.767038427,1839668.2132738885
xISuLEq5AVTTmk6MnR9U9j1weZlMzlB9O0Xysw==,gaslamp,2024-06-27,6,1,6281911.7995173745,1838211.4509719305
xISuLEq5AVTTmk6MnR9U9j1weZlMzlB9O0Xysw==,gaslamp,2024-06-27,13,1,6281507.530760549,1841147.657240267
q2W5kCr/G88dQqpgZIu6Kh67q8vglFnao+f1hQ==,gaslamp,2024-07-25,1,1,6281653.545488109,1840344.935592413
q2W5kCr/G88dQqpgZIu6Kh67q8vglFnao+f1hQ==,gaslamp,2024-07-25,1,1,6281784.112257082,1838432.5585266936
q2W5kCr/G88dQqpgZIu6Kh67q8vglFnao+f1hQ==,gaslamp,2024-07-25,1,1,6281767.727478214,1839363.7870518656
q2W5kCr/G88dQqpgZIu6Kh67q8vglFnao+f1hQ==,gaslamp,2024-07-25,1,1,6281651.138047958,1838908.2145034743
q2W5kCr/G88dQqpgZIu6Kh67q8vglFnao+f1hQ==,gaslamp,2024-07-25,1,1,6281767.378017901,1840345.6541985346
q2W5kCr/G88dQqpgZIu6Kh67q8vglFnao+f1hQ==,gaslamp,2024-07-25,1,1,6281567.314201785,1840701.7627943142
q2W5kCr/G88dQqpgZIu6Kh67q8vglFnao+f1hQ==,gaslamp,2024-07-25,1,1,6281495.7770424215,1840777.1172816753
q2W5kCr/G88dQqpgZIu6Kh67q8vglFnao+f1hQ==,gaslamp,2024-07-25,1,1,6281924.694220831,1841184.124110844
q2W5kCr/G88dQqpgZIu6Kh67q8vglFnao+f1hQ==,gaslamp,2024-07-25,1,1,6281642.213393258,1839381.0437709833
q2W5kCr/G88dQqpgZIu6Kh67q8vglFnao+f1hQ==,gaslamp,2024-07-25,2,1,6281583.233890091,1841077.2839275766
q2W5kCr/G88dQqpgZIu6Kh67q8vglFnao+f1hQ==,gaslamp,2024-07-25,2,1,6281914.910167246,1839971.1649099598
q2W5kCr/G88dQqpgZIu6Kh67q8vglFnao+f1hQ==,gaslamp,2024-07-25,2,1,6281775.161906772,1838977.5839079283
q2W5kCr/G88dQqpgZIu6Kh67q8vglFnao+f1hQ==,gaslamp,2024-07-25,2,1,6281844.390434776,1841288.3017663013
q2W5kCr/G88dQqpgZIu6Kh67q8vglFnao+f1hQ==,gaslamp,2024-07-25,2,1,6281507.40078246,1840921.5832123186
q2W5kCr/G88dQqpgZIu6Kh67q8vglFnao+f1hQ==,gaslamp,2024-07-25,2,1,6281776.343785578,1839757.3111490645
q2W5kCr/G88dQqpgZIu6Kh67q8vglFnao+f1hQ==,gaslamp,2024-07-25,4,1,6281625.037308875,1838435.1641263892
q2W5kCr/G88dQqpgZIu6Kh67q8vglFnao+f1hQ==,gaslamp,2024-07-25,3,1,6281773.071688108,1840749.9892869943
q2W5kCr/G88dQqpgZIu6Kh67q8vglFnao+f1hQ==,gaslamp,2024-07-25,5,1,6281802.132322985,1841107.5443079162
q2W5kCr/G88dQqpgZIu6Kh67q8vglFnao+f1hQ==,gaslamp,2024-07-25,21,1,6281514.597526615,1841203.1941203435
Yt7sqK5I0eMDosllHLvVlA8JcrAQTjVgQJOmbw==,gaslamp,2024-08-29,1,1,6281546.432706091,1839185.2136479549
Yt7sqK5I0eMDosllHLvVlA8JcrAQTjVgQJOmbw==,gaslamp,2024-08-29,1,1,6281878.41604781,1838421.3171209386
Yt7sqK5I0eMDosllHLvVlA8JcrAQTjVgQJOmbw==,gaslamp,2024-08-29,1,1,6281659.577419234,1839367.5110487957
Yt7sqK5I0eMDosllHLvVlA8JcrAQTjVgQJOmbw==,gaslamp,2024-08-29,1,1,6281924.4906066945,1839395.8079483141
Yt7sqK5I0eMDosllHLvVlA8JcrAQTjVgQJOmbw==,gaslamp,2024-08-29,1,1,6281919.888074428,1839573.1726314512
Yt7sqK5I0eMDosllHLvVlA8JcrAQTjVgQJOmbw==,gaslamp,2024-08-29,1,1,6281759.353102284,1839665.5229750944
Yt7sqK5I0eMDosllHLvVlA8JcrAQTjVgQJOmbw==,gaslamp,2024-08-29,1,1,6281761.858312054,1840081.9352997022
Yt7sqK5I0eMDosllHLvVlA8JcrAQTjVgQJOmbw==,gaslamp,2024-08-29,1,1,6281828.890159634,1840723.5521124988
Yt7sqK5I0eMDosllHLvVlA8JcrAQTjVgQJOmbw==,gaslamp,2024-08-29,1,1,6281769.858271552,1840871.3444514214
Yt7sqK5I0eMDosllHLvVlA8JcrAQTjVgQJOmbw==,gaslamp,2024-08-29,1,1,6281651.676273061,1841279.1705661581
Yt7sqK5I0eMDosllHLvVlA8JcrAQTjVgQJOmbw==,gaslamp,2024-08-29,1,1,6281930.934948681,1838867.2525887787
Yt7sqK5I0eMDosllHLvVlA8JcrAQTjVgQJOmbw==,gaslamp,2024-08-29,2,1,6281567.218381727,1839015.2707514444
Yt7sqK5I0eMDosllHLvVlA8JcrAQTjVgQJOmbw==,gaslamp,2024-08-29,2,1,6281771.963391739,1838872.722736446
Yt7sqK5I0eMDosllHLvVlA8JcrAQTjVgQJOmbw==,gaslamp,2024-08-29,2,1,6281843.136323139,1839775.0785391347
Yt7sqK5I0eMDosllHLvVlA8JcrAQTjVgQJOmbw==,gaslamp,2024-08-29,2,1,6281651.478135081,1840069.8432006103
Yt7sqK5I0eMDosllHLvVlA8JcrAQTjVgQJOmbw==,gaslamp,2024-08-29,2,1,6281768.005020962,1841233.3972023576
Yt7sqK5I0eMDosllHLvVlA8JcrAQTjVgQJOmbw==,gaslamp,2024-08-29,2,1,6281773.698419999,1838622.9114224014
Yt7sqK5I0eMDosllHLvVlA8JcrAQTjVgQJOmbw==,gaslamp,2024-08-29,2,1,6281879.78844095,1841310.6781490047
Yt7sqK5I0eMDosllHLvVlA8JcrAQTjVgQJOmbw==,gaslamp,2024-08-29,2,1,6281768.878340749,1840404.258845964
Yt7sqK5I0eMDosllHLvVlA8JcrAQTjVgQJOmbw==,gaslamp,2024-08-29,3,1,6281655.977869955,1838592.6338641094
Yt7sqK5I0eMDosllHLvVlA8JcrAQTjVgQJOmbw==,gaslamp,2024-08-29,7,1,6281531.168305105,1841100.411855193
9SLHy5ZBrtOR3HCIroBlABZTPi3S0fHeeCMKPw==,gaslamp,2024-09-27,1,1,6281936.142522553,1838899.0536965516
9SLHy5ZBrtOR3HCIroBlABZTPi3S0fHeeCMKPw==,gaslamp,2024-09-27,1,1,6281496.25408737,1840024.3905183233
9SLHy5ZBrtOR3HCIroBlABZTPi3S0fHeeCMKPw==,gaslamp,2024-09-27,1,1,6281607.883725061,1840172.0011298044
9SLHy5ZBrtOR3HCIroBlABZTPi3S0fHeeCMKPw==,gaslamp,2024-09-27,1,1,6281643.050296667,1840544.2237994615
9SLHy5ZBrtOR3HCIroBlABZTPi3S0fHeeCMKPw==,gaslamp,2024-09-27,1,1,6281576.1809104765,1841084.7185284207
9SLHy5ZBrtOR3HCIroBlABZTPi3S0fHeeCMKPw==,gaslamp,2024-09-27,1,1,6281609.831859491,1839563.0439899268
9SLHy5ZBrtOR3HCIroBlABZTPi3S0fHeeCMKPw==,gaslamp,2024-09-27,1,1,6281768.259614742,1841182.3487040047
9SLHy5ZBrtOR3HCIroBlABZTPi3S0fHeeCMKPw==,gaslamp,2024-09-27,1,1,6281771.841306958,1840536.2978370602
9SLHy5ZBrtOR3HCIroBlABZTPi3S0fHeeCMKPw==,gaslamp,2024-09-27,2,1,6281780.383493622,1840707.3297236052
9SLHy5ZBrtOR3HCIroBlABZTPi3S0fHeeCMKPw==,gaslamp,2024-09-27,2,1,6281926.602084193,1838092.99698538
9SLHy5ZBrtOR3HCIroBlABZTPi3S0fHeeCMKPw==,gaslamp,2024-09-27,2,1,6281797.615285944,1838635.6548276728
9SLHy5ZBrtOR3HCIroBlABZTPi3S0fHeeCMKPw==,gaslamp,2024-09-27,2,1,6281499.09928974,1839608.555155479
9SLHy5ZBrtOR3HCIroBlABZTPi3S0fHeeCMKPw==,gaslamp,2024-09-27,5,1,6281653.10152637,1841190.6149190797
9SLHy5ZBrtOR3HCIroBlABZTPi3S0fHeeCMKPw==,gaslamp,2024-09-27,7,1,6281495.393082778,1840767.0589825634
9SLHy5ZBrtOR3HCIroBlABZTPi3S0fHeeCMKPw==,gaslamp,2024-09-27,3,1,6281661.274187879,1838635.965454227
9SLHy5ZBrtOR3HCIroBlABZTPi3S0fHeeCMKPw==,gaslamp,2024-09-27,13,1,6281504.369061513,1841276.0256245274
9SLHy5ZBrtOR3HCIroBlABZTPi3S0fHeeCMKPw==,gaslamp,2024-09-27,1,2,6281500.305208262,1839705.134946922
t0WT6tTlfEyWZMdZ5Cu5bobbD+ZqJ7MQpLkevg==,gaslamp,2024-10-25,1,1,6281935.751438171,1838840.6715521303
t0WT6tTlfEyWZMdZ5Cu5bobbD+ZqJ7MQpLkevg==,gaslamp,2024-10-25,1,1,6281534.2208903255,1839185.782324938
t0WT6tTlfEyWZMdZ5Cu5bobbD+ZqJ7MQpLkevg==,gaslamp,2024-10-25,1,1,6281771.271118749,1839363.6875500267
t0WT6tTlfEyWZMdZ5Cu5bobbD+ZqJ7MQpLkevg==,gaslamp,2024-10-25,1,1,6281938.487929992,1839610.6125887935
t0WT6tTlfEyWZMdZ5Cu5bobbD+ZqJ7MQpLkevg==,gaslamp,2024-10-25,1,1,6281589.320029994,1839959.3434575943
t0WT6tTlfEyWZMdZ5Cu5bobbD+ZqJ7MQpLkevg==,gaslamp,2024-10-25,1,1,6281581.99848089,1840177.2531078046
t0WT6tTlfEyWZMdZ5Cu5bobbD+ZqJ7MQpLkevg==,gaslamp,2024-10-25,1,1,6281772.562839173,1840090.0473068932
t0WT6tTlfEyWZMdZ5Cu5bobbD+ZqJ7MQpLkevg==,gaslamp,2024-10-25,1,1,6281769.571533759,1840456.8597985432
t0WT6tTlfEyWZMdZ5Cu5bobbD+ZqJ7MQpLkevg==,gaslamp,2024-10-25,1,1,6281939.768253003,1840387.817551399
t0WT6tTlfEyWZMdZ5Cu5bobbD+ZqJ7MQpLkevg==,gaslamp,2024-10-25,1,1,6281938.128097381,1841215.8683699896
t0WT6tTlfEyWZMdZ5Cu5bobbD+ZqJ7MQpLkevg==,gaslamp,2024-10-25,1,1,6281534.307999126,1838797.179681074
t0WT6tTlfEyWZMdZ5Cu5bobbD+ZqJ7MQpLkevg==,gaslamp,2024-10-25,1,1,6281519.415786033,1840344.329906938
t0WT6tTlfEyWZMdZ5Cu5bobbD+ZqJ7MQpLkevg==,gaslamp,2024-10-25,2,1,6281573.362416536,1839770.4934126267
t0WT6tTlfEyWZMdZ5Cu5bobbD+ZqJ7MQpLkevg==,gaslamp,2024-10-25,2,1,6281663.468222946,1840108.2306931447
t0WT6tTlfEyWZMdZ5Cu5bobbD+ZqJ7MQpLkevg==,gaslamp,2024-10-25,2,1,6281663.578940673,1839614.305837392
t0WT6tTlfEyWZMdZ5Cu5bobbD+ZqJ7MQpLkevg==,gaslamp,2024-10-25,3,1,6281772.313724288,1841201.3782323366
t0WT6tTlfEyWZMdZ5Cu5bobbD+ZqJ7MQpLkevg==,gaslamp,2024-10-25,3,1,6281775.564727898,1839676.021409914
t0WT6tTlfEyWZMdZ5Cu5bobbD+ZqJ7MQpLkevg==,gaslamp,2024-10-25,3,1,6281850.833680078,1841313.9464884195
t0WT6tTlfEyWZMdZ5Cu5bobbD+ZqJ7MQpLkevg==,gaslamp,2024-10-25,3,1,6281506.399817832,1840010.207195327
t0WT6tTlfEyWZMdZ5Cu5bobbD+ZqJ7MQpLkevg==,gaslamp,2024-10-25,5,1,6281510.50862607,1841146.959748272
ATDcHZ3gTKY+Pw0xNtLnVu8Jb2Yjv2yxbX0/3Q==,gaslamp,2024-11-21,1,1,6281666.645957473,1838909.7359076173
ATDcHZ3gTKY+Pw0xNtLnVu8Jb2Yjv2yxbX0/3Q==,gaslamp,2024-11-21,1,1,6281873.163044607,1839033.1709541332
ATDcHZ3gTKY+Pw0xNtLnVu8Jb2Yjv2yxbX0/3Q==,gaslamp,2024-11-21,1,1,6281569.131493159,1839178.5109211737
ATDcHZ3gTKY+Pw0xNtLnVu8Jb2Yjv2yxbX0/3Q==,gaslamp,2024-11-21,1,1,6281662.194412743,1839301.9713272594
ATDcHZ3gTKY+Pw0xNtLnVu8Jb2Yjv2yxbX0/3Q==,gaslamp,2024-11-21,1,1,6281765.465167824,1839309.2118443684
ATDcHZ3gTKY+Pw0xNtLnVu8Jb2Yjv2yxbX0/3Q==,gaslamp,2024-11-21,1,1,6281931.201387228,1839672.354821376
ATDcHZ3gTKY+Pw0xNtLnVu8Jb2Yjv2yxbX0/3Q==,gaslamp,2024-11-21,1,1,6281763.841294222,1840064.6266547597
ATDcHZ3gTKY+Pw0xNtLnVu8Jb2Yjv2yxbX0/3Q==,gaslamp,2024-11-21,1,1,6281839.413906049,1840347.8901803554
ATDcHZ3gTKY+Pw0xNtLnVu8Jb2Yjv2yxbX0/3Q==,gaslamp,2024-11-21,1,1,6281576.094023752,1840562.2252517496
ATDcHZ3gTKY+Pw0xNtLnVu8Jb2Yjv2yxbX0/3Q==,gaslamp,2024-11-21,1,1,6281494.582762549,1840816.4694873164
ATDcHZ3gTKY+Pw0xNtLnVu8Jb2Yjv2yxbX0/3Q==,gaslamp,2024-11-21,1,1,6281577.463083765,1840943.5639696713
ATDcHZ3gTKY+Pw0xNtLnVu8Jb2Yjv2yxbX0/3Q==,gaslamp,2024-11-21,1,1,6281493.043555442,1841194.1770550737
ATDcHZ3gTKY+Pw0xNtLnVu8Jb2Yjv2yxbX0/3Q==,gaslamp,2024-11-21,1,1,6281837.743628693,1841310.317614114
ATDcHZ3gTKY+Pw0xNtLnVu8Jb2Yjv2yxbX0/3Q==,gaslamp,2024-11-21,1,1,6281840.700741868,1841096.0407396816
ATDcHZ3gTKY+Pw0xNtLnVu8Jb2Yjv2yxbX0/3Q==,gaslamp,2024-11-21,1,1,6281929.488776624,1840823.6358764514
ATDcHZ3gTKY+Pw0xNtLnVu8Jb2Yjv2yxbX0/3Q==,gaslamp,2024-11-21,1,1,6281765.643455928,1838513.84755459
ATDcHZ3gTKY+Pw0xNtLnVu8Jb2Yjv2yxbX0/3Q==,gaslamp,2024-11-21,2,1,6281772.827421975,1838909.7121736608
ATDcHZ3gTKY+Pw0xNtLnVu8Jb2Yjv2yxbX0/3Q==,gaslamp,2024-11-21,2,1,6281771.2043624725,1839661.4951836423
ATDcHZ3gTKY+Pw0xNtLnVu8Jb2Yjv2yxbX0/3Q==,gaslamp,2024-11-21,2,1,6281839.4521687925,1840177.195561088
ATDcHZ3gTKY+Pw0xNtLnVu8Jb2Yjv2yxbX0/3Q==,gaslamp,2024-11-21,2,1,6281577.684519217,1839955.714258166
ATDcHZ3gTKY+Pw0xNtLnVu8Jb2Yjv2yxbX0/3Q==,gaslamp,2024-11-21,2,1,6281581.963474549,1840333.420525432
ATDcHZ3gTKY+Pw0xNtLnVu8Jb2Yjv2yxbX0/3Q==,gaslamp,2024-11-21,2,1,6281860.157659719,1838651.8348371931
ATDcHZ3gTKY+Pw0xNtLnVu8Jb2Yjv2yxbX0/3Q==,gaslamp,2024-11-21,3,1,6281494.670685449,1840424.2350430423
ATDcHZ3gTKY+Pw0xNtLnVu8Jb2Yjv2yxbX0/3Q==,gaslamp,2024-11-21,2,1,6281966.475079076,1838045.3004347757
ATDcHZ3gTKY+Pw0xNtLnVu8Jb2Yjv2yxbX0/3Q==,gaslamp,2024-11-21,4,1,6281497.74747146,1839676.083508348
ATDcHZ3gTKY+Pw0xNtLnVu8Jb2Yjv2yxbX0/3Q==,gaslamp,2024-11-21,4,1,6281926.492586605,1841212.239170561
gUsdCs69YkCFgi6JJ44iyisad7qHtAcXCTtpMw==,gaslamp,2024-12-19,1,1,6281671.005508796,1838927.893934299
gUsdCs69YkCFgi6JJ44iyisad7qHtAcXCTtpMw==,gaslamp,2024-12-19,1,1,6281499.295633676,1839258.4261360818
gUsdCs69YkCFgi6JJ44iyisad7qHtAcXCTtpMw==,gaslamp,2024-12-19,1,1,6281579.226982728,1839563.479488769
gUsdCs69YkCFgi6JJ44iyisad7qHtAcXCTtpMw==,gaslamp,2024-12-19,1,1,6281941.4694661945,1839287.381702063
gUsdCs69YkCFgi6JJ44iyisad7qHtAcXCTtpMw==,gaslamp,2024-12-19,1,1,6281497.745843258,1839683.347109168
gUsdCs69YkCFgi6JJ44iyisad7qHtAcXCTtpMw==,gaslamp,2024-12-19,1,1,6281836.422600636,1840714.7026720054
gUsdCs69YkCFgi6JJ44iyisad7qHtAcXCTtpMw==,gaslamp,2024-12-19,1,1,6281771.452663257,1838553.796058609
gUsdCs69YkCFgi6JJ44iyisad7qHtAcXCTtpMw==,gaslamp,2024-12-19,1,1,6281770.938965569,1840845.4621172845
gUsdCs69YkCFgi6JJ44iyisad7qHtAcXCTtpMw==,gaslamp,2024-12-19,1,1,6281669.035642298,1841226.8239189174
gUsdCs69YkCFgi6JJ44iyisad7qHtAcXCTtpMw==,gaslamp,2024-12-19,1,1,6281947.108526428,1840086.3764917601
gUsdCs69YkCFgi6JJ44iyisad7qHtAcXCTtpMw==,gaslamp,2024-12-19,1,1,6281581.737154491,1841343.061039397
gUsdCs69YkCFgi6JJ44iyisad7qHtAcXCTtpMw==,gaslamp,2024-12-19,1,1,6281942.494161513,1841204.9719933916
gUsdCs69YkCFgi6JJ44iyisad7qHtAcXCTtpMw==,gaslamp,2024-12-19,1,1,6281676.385684934,1840881.801254359
gUsdCs69YkCFgi6JJ44iyisad7qHtAcXCTtpMw==,gaslamp,2024-12-19,2,1,6281854.136786148,1839556.1544397604
gUsdCs69YkCFgi6JJ44iyisad7qHtAcXCTtpMw==,gaslamp,2024-12-19,2,1,6281936.848588471,1840435.0316069738
gUsdCs69YkCFgi6JJ44iyisad7qHtAcXCTtpMw==,gaslamp,2024-12-19,3,1,6281497.488587364,1840830.996038711
gUsdCs69YkCFgi6JJ44iyisad7qHtAcXCTtpMw==,gaslamp,2024-12-19,3,1,6281608.619012265,1838219.7068346352
gUsdCs69YkCFgi6JJ44iyisad7qHtAcXCTtpMw==,gaslamp,2024-12-19,3,1,6281662.362931635,1838550.1886424008
gUsdCs69YkCFgi6JJ44iyisad7qHtAcXCTtpMw==,gaslamp,2024-12-19,3,1,6281771.381022374,1838873.394494684
gUsdCs69YkCFgi6JJ44iyisad7qHtAcXCTtpMw==,gaslamp,2024-12-19,3,1,6281659.024819226,1840464.1481086875
gUsdCs69YkCFgi6JJ44iyisad7qHtAcXCTtpMw==,gaslamp,2024-12-19,8,1,6281775.2171068005,1841226.8001849607
gUsdCs69YkCFgi6JJ44iyisad7qHtAcXCTtpMw==,gaslamp,2024-12-19,1,2,6281663.6505815545,1839294.707401317
s1/9lnmMQh2SFHCSMbDZ8TeTg1Tx8vVGUPUWlw==,east_village,2019-12-19,1,1,6285298.462171756,1841567.9088238047
s1/9lnmMQh2SFHCSMbDZ8TeTg1Tx8vVGUPUWlw==,east_village,2019-12-19,1,1,6282917.528446917,1840468.486751307
s1/9lnmMQh2SFHCSMbDZ8TeTg1Tx8vVGUPUWlw==,east_village,2019-12-19,1,1,6282631.587860271,1840432.353085377
s1/9lnmMQh2SFHCSMbDZ8TeTg1Tx8vVGUPUWlw==,east_village,2019-12-19,1,1,6282064.173705582,1840052.954416245
s1/9lnmMQh2SFHCSMbDZ8TeTg1Tx8vVGUPUWlw==,east_village,2019-12-19,1,1,6282171.344988748,1840049.6678664442
s1/9lnmMQh2SFHCSMbDZ8TeTg1Tx8vVGUPUWlw==,east_village,2019-12-19,1,1,6282349.807275894,1839997.496572761
s1/9lnmMQh2SFHCSMbDZ8TeTg1Tx8vVGUPUWlw==,east_village,2019-12-19,1,1,6284053.804664978,1840839.351911552
s1/9lnmMQh2SFHCSMbDZ8TeTg1Tx8vVGUPUWlw==,east_village,2019-12-19,1,1,6284143.878540502,1841474.6184385242
s1/9lnmMQh2SFHCSMbDZ8TeTg1Tx8vVGUPUWlw==,east_village,2019-12-19,1,1,6283822.795347804,1839973.1877886523
s1/9lnmMQh2SFHCSMbDZ8TeTg1Tx8vVGUPUWlw==,east_village,2019-12-19,6,1,6282350.075046725,1840897.2636563294
s1/9lnmMQh2SFHCSMbDZ8TeTg1Tx8vVGUPUWlw==,east_village,2019-12-19,2,1,6282625.107175713,1840138.7518756096
s1/9lnmMQh2SFHCSMbDZ8TeTg1Tx8vVGUPUWlw==,east_village,2019-12-19,2,1,6282484.755551121,1840901.9067405881
s1/9lnmMQh2SFHCSMbDZ8TeTg1Tx8vVGUPUWlw==,east_village,2019-12-19,2,1,6283190.974092906,1840876.4501755973
s1/9lnmMQh2SFHCSMbDZ8TeTg1Tx8vVGUPUWlw==,east_village,2019-12-19,2,1,6283264.706293708,1840735.9587253297
s1/9lnmMQh2SFHCSMbDZ8TeTg1Tx8vVGUPUWlw==,east_village,2019-12-19,2,1,6282950.055510173,1840333.6109914554
s1/9lnmMQh2SFHCSMbDZ8TeTg1Tx8vVGUPUWlw==,east_village,2019-12-19,2,1,6282675.161955501,1840313.5797451844
s1/9lnmMQh2SFHCSMbDZ8TeTg1Tx8vVGUPUWlw==,east_village,2019-12-19,2,1,6282348.503845487,1840428.5306375632
s1/9lnmMQh2SFHCSMbDZ8TeTg1Tx8vVGUPUWlw==,east_village,2019-12-19,4,1,6284033.101204424,1841222.0027325216
s1/9lnmMQh2SFHCSMbDZ8TeTg1Tx8vVGUPUWlw==,east_village,2019-12-19,3,1,6283303.500450043,1840011.080299221
s1/9lnmMQh2SFHCSMbDZ8TeTg1Tx8vVGUPUWlw==,east_village,2019-12-19,3,1,6283040.02102699,1840936.5511033402
s1/9lnmMQh2SFHCSMbDZ8TeTg1Tx8vVGUPUWlw==,east_village,2019-12-19,3,1,6282913.178816913,1840810.6383715903
s1/9lnmMQh2SFHCSMbDZ8TeTg1Tx8vVGUPUWlw==,east_village,2019-12-19,3,1,6283468.119216664,1840748.3034890804
s1/9lnmMQh2SFHCSMbDZ8TeTg1Tx8vVGUPUWlw==,east_village,2019-12-19,3,1,6283040.186690984,1840166.0896801213
s1/9lnmMQh2SFHCSMbDZ8TeTg1Tx8vVGUPUWlw==,east_village,2019-12-19,4,1,6282627.527186817,1840860.7084792266
s1/9lnmMQh2SFHCSMbDZ8TeTg1Tx8vVGUPUWlw==,east_village,2019-12-19,4,1,6284030.527685154,1840454.250374198
s1/9lnmMQh2SFHCSMbDZ8TeTg1Tx8vVGUPUWlw==,east_village,2019-12-19,5,1,6283802.233239591,1841217.891542255
s1/9lnmMQh2SFHCSMbDZ8TeTg1Tx8vVGUPUWlw==,east_village,2019-12-19,5,1,6282767.460310434,1840792.5867355964
s1/9lnmMQh2SFHCSMbDZ8TeTg1Tx8vVGUPUWlw==,east_village,2019-12-19,5,1,6282763.7639586,1840509.7458005536
s1/9lnmMQh2SFHCSMbDZ8TeTg1Tx8vVGUPUWlw==,east_village,2019-12-19,1,2,6284802.748492128,1840441.8984215178
s1/9lnmMQh2SFHCSMbDZ8TeTg1Tx8vVGUPUWlw==,east_village,2019-12-19,3,2,6282338.711968524,1840786.8758593325
s1/9lnmMQh2SFHCSMbDZ8TeTg1Tx8vVGUPUWlw==,east_village,2019-12-19,3,2,6282621.687624603,1840758.371892059
s1/9lnmMQh2SFHCSMbDZ8TeTg1Tx8vVGUPUWlw==,east_village,2019-12-19,1,2,6282396.135488237,1840700.3529493709
s1/9lnmMQh2SFHCSMbDZ8TeTg1Tx8vVGUPUWlw==,east_village,2019-12-19,1,2,6282202.649890626,1840370.0709827102
s1/9lnmMQh2SFHCSMbDZ8TeTg1Tx8vVGUPUWlw==,east_village,2019-12-19,1,2,6282689.7608610345,1840569.421213103
s1/9lnmMQh2SFHCSMbDZ8TeTg1Tx8vVGUPUWlw==,east_village,2019-12-19,1,2,6283034.103321682,1839991.0186590073
s1/9lnmMQh2SFHCSMbDZ8TeTg1Tx8vVGUPUWlw==,east_village,2019-12-19,1,2,6284011.4315454075,1841316.4096856294
s1/9lnmMQh2SFHCSMbDZ8TeTg1Tx8vVGUPUWlw==,east_village,2019-12-19,1,1,6284110.578032454,1840558.8705110666
s1/9lnmMQh2SFHCSMbDZ8TeTg1Tx8vVGUPUWlw==,east_village,2019-12-19,5,1,6284334.324190385,1840078.115868966
s1/9lnmMQh2SFHCSMbDZ8TeTg1Tx8vVGUPUWlw==,east_village,2019-12-19,6,2,6282506.136253588,1840721.2960139143
s1/9lnmMQh2SFHCSMbDZ8TeTg1Tx8vVGUPUWlw==,east_village,2019-12-19,2,2,6282619.050896088,1839971.7624582676
s1/9lnmMQh2SFHCSMbDZ8TeTg1Tx8vVGUPUWlw==,east_village,2019-12-19,2,2,6282709.440817839,1840701.3143625776
s1/9lnmMQh2SFHCSMbDZ8TeTg1Tx8vVGUPUWlw==,east_village,2019-12-19,2,2,6282749.661697137,1840402.067068452
s1/9lnmMQh2SFHCSMbDZ8TeTg1Tx8vVGUPUWlw==,east_village,2019-12-19,2,2,6282699.4082597215,1840167.9741045504
s1/9lnmMQh2SFHCSMbDZ8TeTg1Tx8vVGUPUWlw==,east_village,2019-12-19,5,2,6283460.389281052,1840901.899551659
s1/9lnmMQh2SFHCSMbDZ8TeTg1Tx8vVGUPUWlw==,east_village,2019-12-19,5,2,6283279.169750858,1840951.3921743892
s1/9lnmMQh2SFHCSMbDZ8TeTg1Tx8vVGUPUWlw==,east_village,2019-12-19,2,2,6282699.4082597215,1840167.9741045504
s1/9lnmMQh2SFHCSMbDZ8TeTg1Tx8vVGUPUWlw==,east_village,2019-12-19,1,2,6284098.826668889,1840332.6463933403
s1/9lnmMQh2SFHCSMbDZ8TeTg1Tx8vVGUPUWlw==,east_village,2019-12-19,1,2,6283301.248880957,1840159.2582320091
s1/9lnmMQh2SFHCSMbDZ8TeTg1Tx8vVGUPUWlw==,east_village,2019-12-19,1,2,6284058.647813118,1841464.3140729358
b7ubw9fomYb5QvfEWDQumx0XlJVOIke2cOx3+A==,golden_hill,2024-07-30,7,2,6285715.039223991,1842568.2047425674
b7ubw9fomYb5QvfEWDQumx0XlJVOIke2cOx3+A==,golden_hill,2024-07-30,1,1,6285690.348909531,1842390.2289421328
LBv25vhyFMRXFSYrddDcoZDSguo+u+bHIqEpdA==,"golden_hill
",2024-08-30,6,2,6285703.94461781,1842328.7137610437
LBv25vhyFMRXFSYrddDcoZDSguo+u+bHIqEpdA==,"golden_hill
",2024-08-30,2,2,6285722.247065309,1840896.8579903233
LBv25vhyFMRXFSYrddDcoZDSguo+u+bHIqEpdA==,"golden_hill
",2024-08-30,4,1,6285704.030490998,1842129.2467124995
wMMcB26XPkKvG3a2jtsle8nULlDLy9ihlz77uQ==,golden_hill,2024-09-30,9,2,6285805.447457282,1842634.124719133
wMMcB26XPkKvG3a2jtsle8nULlDLy9ihlz77uQ==,golden_hill,2024-09-30,5,2,6285705.270785448,1842342.9116027686
wMMcB26XPkKvG3a2jtsle8nULlDLy9ihlz77uQ==,golden_hill,2024-09-30,2,2,6285775.8322533695,1841684.7048144867
wMMcB26XPkKvG3a2jtsle8nULlDLy9ihlz77uQ==,golden_hill,2024-09-30,2,2,6285923.576909641,1840729.3482160114
b1vwrCBD2wxhdy9vHP6vAnkh8+SDK7Bi2nA76g==,golden_hill,2024-10-30,23,2,6285745.2884708205,1842583.1168644642
b1vwrCBD2wxhdy9vHP6vAnkh8+SDK7Bi2nA76g==,golden_hill,2024-10-30,4,2,6285687.652235837,1842248.8338342065
b1vwrCBD2wxhdy9vHP6vAnkh8+SDK7Bi2nA76g==,golden_hill,2024-10-30,2,2,6285691.250713676,1841808.2070957546
b1vwrCBD2wxhdy9vHP6vAnkh8+SDK7Bi2nA76g==,golden_hill,2024-10-30,1,1,6285731.35071409,1841680.9227009264
4l3ZC+l36S4WBdPTsDZvjrsHtfguDFrZpybQ+Q==,golden_hill,2024-11-30,1,2,6285792.828124709,1841105.6943280022
4l3ZC+l36S4WBdPTsDZvjrsHtfguDFrZpybQ+Q==,golden_hill,2024-11-30,23,2,6285786.912458631,1840802.6091040643
4l3ZC+l36S4WBdPTsDZvjrsHtfguDFrZpybQ+Q==,golden_hill,2024-11-30,8,1,6285921.539332751,1840709.9277839456
gx6dG67KLk1TQ1vGpmu5yXt6sVpyUdyqKwddfg==,golden_hill,2024-12-19,1,1,6285634.681091088,1842738.8842598777
gx6dG67KLk1TQ1vGpmu5yXt6sVpyUdyqKwddfg==,golden_hill,2024-12-19,17,2,6285398.341655115,1842631.4368715582
gx6dG67KLk1TQ1vGpmu5yXt6sVpyUdyqKwddfg==,golden_hill,2024-12-19,6,2,6285688.08757618,1842632.7295309277
gx6dG67KLk1TQ1vGpmu5yXt6sVpyUdyqKwddfg==,golden_hill,2024-12-19,18,2,6285710.4009380005,1842340.001168974
gx6dG67KLk1TQ1vGpmu5yXt6sVpyUdyqKwddfg==,golden_hill,2024-12-19,2,2,6285399.761111244,1842257.7996059298
gx6dG67KLk1TQ1vGpmu5yXt6sVpyUdyqKwddfg==,golden_hill,2024-12-19,1,2,6285479.161910356,1841820.1156143164
gx6dG67KLk1TQ1vGpmu5yXt6sVpyUdyqKwddfg==,golden_hill,2024-12-19,8,2,6285766.432077822,1841542.969986598
gx6dG67KLk1TQ1vGpmu5yXt6sVpyUdyqKwddfg==,golden_hill,2024-12-19,1,2,6285767.476583276,1841268.0293571735
JDLkh+jvOcDwiqmoCmTFskO/xI+1nlRJm5mIcA==,east_village,2018-03-28,1,1,6285340.46027979,1840336.6548554124
JDLkh+jvOcDwiqmoCmTFskO/xI+1nlRJm5mIcA==,east_village,2018-03-28,1,1,6282142.711620501,1840950.6278849596
JDLkh+jvOcDwiqmoCmTFskO/xI+1nlRJm5mIcA==,east_village,2018-03-28,1,1,6282771.356179597,1840936.9707058675
JDLkh+jvOcDwiqmoCmTFskO/xI+1nlRJm5mIcA==,east_village,2018-03-28,1,1,6283325.486586676,1840856.147225841
JDLkh+jvOcDwiqmoCmTFskO/xI+1nlRJm5mIcA==,east_village,2018-03-28,1,1,6283895.977059707,1841234.2825536374
JDLkh+jvOcDwiqmoCmTFskO/xI+1nlRJm5mIcA==,east_village,2018-03-28,1,1,6282470.012070987,1840573.8136159738
JDLkh+jvOcDwiqmoCmTFskO/xI+1nlRJm5mIcA==,east_village,2018-03-28,1,1,6282217.198980021,1840534.4594092066
JDLkh+jvOcDwiqmoCmTFskO/xI+1nlRJm5mIcA==,east_village,2018-03-28,1,1,6282399.951153015,1840325.71401815
JDLkh+jvOcDwiqmoCmTFskO/xI+1nlRJm5mIcA==,east_village,2018-03-28,1,1,6282927.0917479275,1840326.0190217886
JDLkh+jvOcDwiqmoCmTFskO/xI+1nlRJm5mIcA==,east_village,2018-03-28,1,1,6282403.24283576,1839942.2713768056
JDLkh+jvOcDwiqmoCmTFskO/xI+1nlRJm5mIcA==,east_village,2018-03-28,1,1,6284508.498045315,1840324.2339081117
JDLkh+jvOcDwiqmoCmTFskO/xI+1nlRJm5mIcA==,east_village,2018-03-28,1,1,6284652.205823669,1840488.2928296765
JDLkh+jvOcDwiqmoCmTFskO/xI+1nlRJm5mIcA==,east_village,2018-03-28,2,1,6282060.522865506,1840502.768965627
JDLkh+jvOcDwiqmoCmTFskO/xI+1nlRJm5mIcA==,east_village,2018-03-28,2,1,6283054.187480514,1840465.8516695488
JDLkh+jvOcDwiqmoCmTFskO/xI+1nlRJm5mIcA==,east_village,2018-03-28,2,1,6282900.803048744,1840050.7185846248
JDLkh+jvOcDwiqmoCmTFskO/xI+1nlRJm5mIcA==,east_village,2018-03-28,1,1,6284936.864631962,1840335.7884953
JDLkh+jvOcDwiqmoCmTFskO/xI+1nlRJm5mIcA==,east_village,2018-03-28,2,1,6283743.982307292,1841540.095209561
JDLkh+jvOcDwiqmoCmTFskO/xI+1nlRJm5mIcA==,east_village,2018-03-28,2,1,6282436.520512288,1840957.3934777894
JDLkh+jvOcDwiqmoCmTFskO/xI+1nlRJm5mIcA==,east_village,2018-03-28,2,1,6282216.699202596,1840925.989949741
JDLkh+jvOcDwiqmoCmTFskO/xI+1nlRJm5mIcA==,east_village,2018-03-28,2,1,6282208.997807121,1840061.9625546553
JDLkh+jvOcDwiqmoCmTFskO/xI+1nlRJm5mIcA==,east_village,2018-03-28,2,1,6284311.507573407,1840443.9375605497
JDLkh+jvOcDwiqmoCmTFskO/xI+1nlRJm5mIcA==,east_village,2018-03-28,2,1,6284783.805434556,1839977.3580268235
JDLkh+jvOcDwiqmoCmTFskO/xI+1nlRJm5mIcA==,east_village,2018-03-28,2,1,6284852.588025368,1840959.9164630466
JDLkh+jvOcDwiqmoCmTFskO/xI+1nlRJm5mIcA==,east_village,2018-03-28,2,1,6284025.125486989,1840774.6625926346
JDLkh+jvOcDwiqmoCmTFskO/xI+1nlRJm5mIcA==,east_village,2018-03-28,3,1,6284482.665602243,1841085.8062637332
JDLkh+jvOcDwiqmoCmTFskO/xI+1nlRJm5mIcA==,east_village,2018-03-28,3,1,6282717.8298706375,1840699.5967588848
JDLkh+jvOcDwiqmoCmTFskO/xI+1nlRJm5mIcA==,east_village,2018-03-28,3,1,6282703.328286762,1840564.6529021899
JDLkh+jvOcDwiqmoCmTFskO/xI+1nlRJm5mIcA==,east_village,2018-03-28,3,1,6282701.160057672,1840186.6354592075
JDLkh+jvOcDwiqmoCmTFskO/xI+1nlRJm5mIcA==,east_village,2018-03-28,3,1,6283027.945243383,1840198.651606163
JDLkh+jvOcDwiqmoCmTFskO/xI+1nlRJm5mIcA==,east_village,2018-03-28,3,1,6284039.941000081,1840485.6744136827
JDLkh+jvOcDwiqmoCmTFskO/xI+1nlRJm5mIcA==,east_village,2018-03-28,2,1,6283619.6052254755,1840916.9153105253
JDLkh+jvOcDwiqmoCmTFskO/xI+1nlRJm5mIcA==,east_village,2018-03-28,1,2,6284778.887579992,1840077.2875859311
JDLkh+jvOcDwiqmoCmTFskO/xI+1nlRJm5mIcA==,east_village,2018-03-28,1,2,6284018.495659445,1841533.4475015453
JDLkh+jvOcDwiqmoCmTFskO/xI+1nlRJm5mIcA==,east_village,2018-03-28,1,2,6283895.31110363,1841118.17719615
JDLkh+jvOcDwiqmoCmTFskO/xI+1nlRJm5mIcA==,east_village,2018-03-28,1,2,6282770.674736168,1840818.1652237873
JDLkh+jvOcDwiqmoCmTFskO/xI+1nlRJm5mIcA==,east_village,2018-03-28,1,2,6282334.102794417,1840812.0483095492
JDLkh+jvOcDwiqmoCmTFskO/xI+1nlRJm5mIcA==,east_village,2018-03-28,1,2,6282404.895800075,1840709.1192357296
JDLkh+jvOcDwiqmoCmTFskO/xI+1nlRJm5mIcA==,east_village,2018-03-28,1,2,6283456.601907489,1840739.4430881152
JDLkh+jvOcDwiqmoCmTFskO/xI+1nlRJm5mIcA==,east_village,2018-03-28,1,2,6283049.072472597,1840052.7450814492
JDLkh+jvOcDwiqmoCmTFskO/xI+1nlRJm5mIcA==,east_village,2018-03-28,1,2,6284412.361068863,1840316.570144924
JDLkh+jvOcDwiqmoCmTFskO/xI+1nlRJm5mIcA==,east_village,2018-03-28,1,2,6284819.050004616,1841335.395951084
JDLkh+jvOcDwiqmoCmTFskO/xI+1nlRJm5mIcA==,east_village,2018-03-28,8,1,6282332.085256629,1840938.9666399958
JDLkh+jvOcDwiqmoCmTFskO/xI+1nlRJm5mIcA==,east_village,2018-03-28,9,1,6284784.927646745,1841130.3361770962
JDLkh+jvOcDwiqmoCmTFskO/xI+1nlRJm5mIcA==,east_village,2018-03-28,14,1,6282633.805243858,1840888.9921926134
JDLkh+jvOcDwiqmoCmTFskO/xI+1nlRJm5mIcA==,east_village,2018-03-28,4,2,6282490.298801062,1840760.0348907541
JDLkh+jvOcDwiqmoCmTFskO/xI+1nlRJm5mIcA==,east_village,2018-03-28,3,2,6282616.480779961,1840740.560187543
JDLkh+jvOcDwiqmoCmTFskO/xI+1nlRJm5mIcA==,east_village,2018-03-28,1,3,6285303.130798869,1841487.1075253284
JDLkh+jvOcDwiqmoCmTFskO/xI+1nlRJm5mIcA==,east_village,2018-03-28,1,3,6282852.573413705,1840736.7872483563
JDLkh+jvOcDwiqmoCmTFskO/xI+1nlRJm5mIcA==,east_village,2018-03-28,1,3,6282826.346663926,1840472.2873095633
JDLkh+jvOcDwiqmoCmTFskO/xI+1nlRJm5mIcA==,east_village,2018-03-28,1,3,6284479.486513156,1841010.215249725
JDLkh+jvOcDwiqmoCmTFskO/xI+1nlRJm5mIcA==,east_village,2018-03-28,1,3,6284488.28456979,1840629.4477837968
JDLkh+jvOcDwiqmoCmTFskO/xI+1nlRJm5mIcA==,east_village,2018-03-28,1,3,6284693.23259919,1840461.1044649247
JDLkh+jvOcDwiqmoCmTFskO/xI+1nlRJm5mIcA==,east_village,2018-03-28,4,1,6284165.3331240965,1840328.4933562423
JDLkh+jvOcDwiqmoCmTFskO/xI+1nlRJm5mIcA==,east_village,2018-03-28,4,1,6283732.935644076,1840092.8409024456
JDLkh+jvOcDwiqmoCmTFskO/xI+1nlRJm5mIcA==,east_village,2018-03-28,9,1,6282485.706180862,1840916.6670663091
JDLkh+jvOcDwiqmoCmTFskO/xI+1nlRJm5mIcA==,east_village,2018-03-28,2,3,6285298.836620536,1841217.1075406438
JDLkh+jvOcDwiqmoCmTFskO/xI+1nlRJm5mIcA==,east_village,2018-03-28,2,3,6283947.4900130825,1841120.640303565
JDLkh+jvOcDwiqmoCmTFskO/xI+1nlRJm5mIcA==,east_village,2018-03-28,2,3,6285271.223132139,1841668.1655681012
JDLkh+jvOcDwiqmoCmTFskO/xI+1nlRJm5mIcA==,east_village,2018-03-28,2,2,6284778.248416412,1840444.5170051309
JDLkh+jvOcDwiqmoCmTFskO/xI+1nlRJm5mIcA==,east_village,2018-03-28,2,2,6284102.141466867,1840320.679897995
JDLkh+jvOcDwiqmoCmTFskO/xI+1nlRJm5mIcA==,east_village,2018-03-28,2,2,6284824.27048325,1840330.8997042351
JDLkh+jvOcDwiqmoCmTFskO/xI+1nlRJm5mIcA==,east_village,2018-03-28,3,2,6284804.308987539,1840201.3810459021
JDLkh+jvOcDwiqmoCmTFskO/xI+1nlRJm5mIcA==,east_village,2018-03-28,7,1,6284800.846943937,1840555.1223167265
5bt8QAyQzbyVnhbhX8u7asP6z3JjNmydzh+Dnw==,east_village,2018-04-25,1,1,6285336.333666956,1840095.8821596615
5bt8QAyQzbyVnhbhX8u7asP6z3JjNmydzh+Dnw==,east_village,2018-04-25,1,1,6282128.87334311,1840931.3089200754
5bt8QAyQzbyVnhbhX8u7asP6z3JjNmydzh+Dnw==,east_village,2018-04-25,1,1,6282403.44962794,1840935.6329290308
5bt8QAyQzbyVnhbhX8u7asP6z3JjNmydzh+Dnw==,east_village,2018-04-25,1,1,6282210.548105379,1840810.8973319544
5bt8QAyQzbyVnhbhX8u7asP6z3JjNmydzh+Dnw==,east_village,2018-04-25,1,1,6282488.405619488,1840429.9710898255
5bt8QAyQzbyVnhbhX8u7asP6z3JjNmydzh+Dnw==,east_village,2018-04-25,1,1,6282620.314960683,1840451.698675759
5bt8QAyQzbyVnhbhX8u7asP6z3JjNmydzh+Dnw==,east_village,2018-04-25,1,1,6282754.265216506,1840350.588286843
5bt8QAyQzbyVnhbhX8u7asP6z3JjNmydzh+Dnw==,east_village,2018-04-25,1,1,6282902.823345345,1840402.946681295
5bt8QAyQzbyVnhbhX8u7asP6z3JjNmydzh+Dnw==,east_village,2018-04-25,1,1,6283751.501363301,1840457.6776918976
5bt8QAyQzbyVnhbhX8u7asP6z3JjNmydzh+Dnw==,east_village,2018-04-25,1,1,6283823.411267101,1840549.4694004057
5bt8QAyQzbyVnhbhX8u7asP6z3JjNmydzh+Dnw==,east_village,2018-04-25,1,1,6284398.217528207,1840722.7017872715
5bt8QAyQzbyVnhbhX8u7asP6z3JjNmydzh+Dnw==,east_village,2018-04-25,1,1,6284629.4357726,1841305.0774276874
5bt8QAyQzbyVnhbhX8u7asP6z3JjNmydzh+Dnw==,east_village,2018-04-25,1,1,6283871.069144727,1841199.6842107633
5bt8QAyQzbyVnhbhX8u7asP6z3JjNmydzh+Dnw==,east_village,2018-04-25,1,1,6284040.206391785,1841489.2307901527
5bt8QAyQzbyVnhbhX8u7asP6z3JjNmydzh+Dnw==,east_village,2018-04-25,1,1,6284854.592859854,1840352.1231632382
5bt8QAyQzbyVnhbhX8u7asP6z3JjNmydzh+Dnw==,east_village,2018-04-25,1,1,6284597.025017346,1839962.4859550435
5bt8QAyQzbyVnhbhX8u7asP6z3JjNmydzh+Dnw==,east_village,2018-04-25,4,1,6283891.31078033,1840420.7463023565
5bt8QAyQzbyVnhbhX8u7asP6z3JjNmydzh+Dnw==,east_village,2018-04-25,4,1,6282768.577482844,1840931.16702208
5bt8QAyQzbyVnhbhX8u7asP6z3JjNmydzh+Dnw==,east_village,2018-04-25,25,1,6282644.936493473,1840914.9846393089
5bt8QAyQzbyVnhbhX8u7asP6z3JjNmydzh+Dnw==,east_village,2018-04-25,4,2,6282496.250268637,1840840.294356635
5bt8QAyQzbyVnhbhX8u7asP6z3JjNmydzh+Dnw==,east_village,2018-04-25,10,1,6282347.916307791,1840827.0167665705
5bt8QAyQzbyVnhbhX8u7asP6z3JjNmydzh+Dnw==,east_village,2018-04-25,5,1,6284638.855757765,1840554.1047380816
5bt8QAyQzbyVnhbhX8u7asP6z3JjNmydzh+Dnw==,east_village,2018-04-25,5,1,6282484.692066221,1840739.8512181619
5bt8QAyQzbyVnhbhX8u7asP6z3JjNmydzh+Dnw==,east_village,2018-04-25,5,2,6282765.223584252,1840825.1031426585
5bt8QAyQzbyVnhbhX8u7asP6z3JjNmydzh+Dnw==,east_village,2018-04-25,2,2,6282616.761527411,1840789.4936643725
5bt8QAyQzbyVnhbhX8u7asP6z3JjNmydzh+Dnw==,east_village,2018-04-25,1,2,6284595.825348007,1840710.6293897287
5bt8QAyQzbyVnhbhX8u7asP6z3JjNmydzh+Dnw==,east_village,2018-04-25,1,2,6282393.852280154,1840698.3943855695
5bt8QAyQzbyVnhbhX8u7asP6z3JjNmydzh+Dnw==,east_village,2018-04-25,1,2,6282629.960344467,1840697.3116773034
5bt8QAyQzbyVnhbhX8u7asP6z3JjNmydzh+Dnw==,east_village,2018-04-25,1,2,6284773.607844191,1841550.0735373127
5bt8QAyQzbyVnhbhX8u7asP6z3JjNmydzh+Dnw==,east_village,2018-04-25,2,1,6284841.9864867795,1840547.5901333322
5bt8QAyQzbyVnhbhX8u7asP6z3JjNmydzh+Dnw==,east_village,2018-04-25,2,1,6282748.046400623,1840702.3532952259
5bt8QAyQzbyVnhbhX8u7asP6z3JjNmydzh+Dnw==,east_village,2018-04-25,2,1,6283592.178241335,1840921.8071607244
5bt8QAyQzbyVnhbhX8u7asP6z3JjNmydzh+Dnw==,east_village,2018-04-25,2,1,6282950.392541661,1840559.055875119
5bt8QAyQzbyVnhbhX8u7asP6z3JjNmydzh+Dnw==,east_village,2018-04-25,2,1,6282903.679372008,1840073.5387403958
5bt8QAyQzbyVnhbhX8u7asP6z3JjNmydzh+Dnw==,east_village,2018-04-25,2,1,6283183.810590052,1840089.0035141998
5bt8QAyQzbyVnhbhX8u7asP6z3JjNmydzh+Dnw==,east_village,2018-04-25,2,1,6284066.164311224,1841706.8533936343
5bt8QAyQzbyVnhbhX8u7asP6z3JjNmydzh+Dnw==,east_village,2018-04-25,3,1,6284927.775102305,1840187.085567567
5bt8QAyQzbyVnhbhX8u7asP6z3JjNmydzh+Dnw==,east_village,2018-04-25,3,1,6282084.793532069,1840426.2387935272
5bt8QAyQzbyVnhbhX8u7asP6z3JjNmydzh+Dnw==,east_village,2018-04-25,3,1,6285330.050803076,1840436.4812239339
5bt8QAyQzbyVnhbhX8u7asP6z3JjNmydzh+Dnw==,east_village,2018-04-25,3,1,6284834.758914926,1840723.4915219701
5bt8QAyQzbyVnhbhX8u7asP6z3JjNmydzh+Dnw==,east_village,2018-04-25,5,1,6282705.984101525,1840549.0104081675
5bt8QAyQzbyVnhbhX8u7asP6z3JjNmydzh+Dnw==,east_village,2018-04-25,9,1,6283754.798604581,1840075.218926841
5bt8QAyQzbyVnhbhX8u7asP6z3JjNmydzh+Dnw==,east_village,2018-04-25,1,3,6284247.210794063,1841200.750917344
5bt8QAyQzbyVnhbhX8u7asP6z3JjNmydzh+Dnw==,east_village,2018-04-25,1,3,6283942.578748539,1841221.6887685787
5bt8QAyQzbyVnhbhX8u7asP6z3JjNmydzh+Dnw==,east_village,2018-04-25,8,2,6284823.43227119,1840184.7724875174
5bt8QAyQzbyVnhbhX8u7asP6z3JjNmydzh+Dnw==,east_village,2018-04-25,6,1,6284781.418008089,1840039.804058542
5bt8QAyQzbyVnhbhX8u7asP6z3JjNmydzh+Dnw==,east_village,2018-04-25,8,1,6284779.867305385,1841684.0396873802
x85VKZQRaqUJNaOCOpm3r3cCOBwnynzyDysz3g==,east_village,2018-08-31,4,1,6283757.447215328,1840058.8055470213
x85VKZQRaqUJNaOCOpm3r3cCOBwnynzyDysz3g==,east_village,2018-08-31,4,1,6282713.776493733,1840949.6019958619
x85VKZQRaqUJNaOCOpm3r3cCOBwnynzyDysz3g==,east_village,2018-08-31,4,1,6284630.4357672995,1840522.0239237244
x85VKZQRaqUJNaOCOpm3r3cCOBwnynzyDysz3g==,east_village,2018-08-31,1,1,6285356.941807785,1840338.2555191976
x85VKZQRaqUJNaOCOpm3r3cCOBwnynzyDysz3g==,east_village,2018-08-31,1,1,6285296.001800339,1841678.6133917486
x85VKZQRaqUJNaOCOpm3r3cCOBwnynzyDysz3g==,east_village,2018-08-31,1,1,6284556.896250111,1841102.6991433168
x85VKZQRaqUJNaOCOpm3r3cCOBwnynzyDysz3g==,east_village,2018-08-31,1,1,6283745.352818208,1840821.2266377334
x85VKZQRaqUJNaOCOpm3r3cCOBwnynzyDysz3g==,east_village,2018-08-31,1,1,6283879.83497619,1840812.8562870699
x85VKZQRaqUJNaOCOpm3r3cCOBwnynzyDysz3g==,east_village,2018-08-31,1,1,6282474.854267578,1840460.6806061706
x85VKZQRaqUJNaOCOpm3r3cCOBwnynzyDysz3g==,east_village,2018-08-31,1,1,6282334.189826619,1840348.6894499147
x85VKZQRaqUJNaOCOpm3r3cCOBwnynzyDysz3g==,east_village,2018-08-31,1,1,6282694.999200095,1840548.3922746936
x85VKZQRaqUJNaOCOpm3r3cCOBwnynzyDysz3g==,east_village,2018-08-31,1,1,6282930.51084458,1840443.4606983217
x85VKZQRaqUJNaOCOpm3r3cCOBwnynzyDysz3g==,east_village,2018-08-31,1,1,6283482.689189982,1840500.8945141553
x85VKZQRaqUJNaOCOpm3r3cCOBwnynzyDysz3g==,east_village,2018-08-31,1,1,6283228.246622056,1840177.8662357524
x85VKZQRaqUJNaOCOpm3r3cCOBwnynzyDysz3g==,east_village,2018-08-31,1,1,6282354.571235044,1840073.1066965305
x85VKZQRaqUJNaOCOpm3r3cCOBwnynzyDysz3g==,east_village,2018-08-31,1,1,6282195.364444238,1840078.865458226
x85VKZQRaqUJNaOCOpm3r3cCOBwnynzyDysz3g==,east_village,2018-08-31,1,1,6282408.712574559,1839939.2150854035
x85VKZQRaqUJNaOCOpm3r3cCOBwnynzyDysz3g==,east_village,2018-08-31,1,1,6282142.44764408,1839947.9236994942
x85VKZQRaqUJNaOCOpm3r3cCOBwnynzyDysz3g==,east_village,2018-08-31,1,1,6282702.601242094,1839959.8611467327
x85VKZQRaqUJNaOCOpm3r3cCOBwnynzyDysz3g==,east_village,2018-08-31,1,1,6283882.575951535,1840334.014801205
x85VKZQRaqUJNaOCOpm3r3cCOBwnynzyDysz3g==,east_village,2018-08-31,1,1,6284098.919863054,1840715.9920337084
x85VKZQRaqUJNaOCOpm3r3cCOBwnynzyDysz3g==,east_village,2018-08-31,1,1,6285074.33143367,1840847.2409618117
x85VKZQRaqUJNaOCOpm3r3cCOBwnynzyDysz3g==,east_village,2018-08-31,1,1,6285223.140120027,1840943.1608964396
x85VKZQRaqUJNaOCOpm3r3cCOBwnynzyDysz3g==,east_village,2018-08-31,1,1,6285330.15666984,1841411.0204426728
x85VKZQRaqUJNaOCOpm3r3cCOBwnynzyDysz3g==,east_village,2018-08-31,1,1,6285061.167992731,1840467.417253219
x85VKZQRaqUJNaOCOpm3r3cCOBwnynzyDysz3g==,east_village,2018-08-31,1,1,6285076.964868152,1840349.6743824224
x85VKZQRaqUJNaOCOpm3r3cCOBwnynzyDysz3g==,east_village,2018-08-31,4,2,6282482.849382253,1840896.6936896462
x85VKZQRaqUJNaOCOpm3r3cCOBwnynzyDysz3g==,east_village,2018-08-31,3,2,6282779.452798254,1840911.9826770993
x85VKZQRaqUJNaOCOpm3r3cCOBwnynzyDysz3g==,east_village,2018-08-31,3,2,6282613.802553803,1840751.9047047445
x85VKZQRaqUJNaOCOpm3r3cCOBwnynzyDysz3g==,east_village,2018-08-31,6,1,6282082.328239417,1840475.0634161
x85VKZQRaqUJNaOCOpm3r3cCOBwnynzyDysz3g==,east_village,2018-08-31,6,1,6282359.303033037,1840897.010811609
x85VKZQRaqUJNaOCOpm3r3cCOBwnynzyDysz3g==,east_village,2018-08-31,13,1,6282633.8812017,1840901.6561228572
x85VKZQRaqUJNaOCOpm3r3cCOBwnynzyDysz3g==,east_village,2018-08-31,3,1,6282911.856454787,1840063.6510840384
x85VKZQRaqUJNaOCOpm3r3cCOBwnynzyDysz3g==,east_village,2018-08-31,3,1,6282770.555766812,1840796.9782440558
x85VKZQRaqUJNaOCOpm3r3cCOBwnynzyDysz3g==,east_village,2018-08-31,3,1,6283753.071399234,1841209.0894807174
x85VKZQRaqUJNaOCOpm3r3cCOBwnynzyDysz3g==,east_village,2018-08-31,3,1,6284508.041641621,1840722.9670477356
x85VKZQRaqUJNaOCOpm3r3cCOBwnynzyDysz3g==,east_village,2018-08-31,3,1,6284918.034610994,1840403.5833846095
x85VKZQRaqUJNaOCOpm3r3cCOBwnynzyDysz3g==,east_village,2018-08-31,7,1,6282482.035144287,1840754.917981532
x85VKZQRaqUJNaOCOpm3r3cCOBwnynzyDysz3g==,east_village,2018-08-31,2,1,6282625.624916356,1840420.1678122508
x85VKZQRaqUJNaOCOpm3r3cCOBwnynzyDysz3g==,east_village,2018-08-31,2,1,6282079.310730423,1840905.7546614732
x85VKZQRaqUJNaOCOpm3r3cCOBwnynzyDysz3g==,east_village,2018-08-31,2,1,6283868.3045102665,1841195.4184334157
x85VKZQRaqUJNaOCOpm3r3cCOBwnynzyDysz3g==,east_village,2018-08-31,2,1,6282778.254485775,1840703.331634969
x85VKZQRaqUJNaOCOpm3r3cCOBwnynzyDysz3g==,east_village,2018-08-31,2,1,6284867.606613677,1840705.9937903022
x85VKZQRaqUJNaOCOpm3r3cCOBwnynzyDysz3g==,east_village,2018-08-31,2,1,6282456.107699902,1840064.8209117237
x85VKZQRaqUJNaOCOpm3r3cCOBwnynzyDysz3g==,east_village,2018-08-31,2,2,6285344.4588370705,1840554.9668371833
x85VKZQRaqUJNaOCOpm3r3cCOBwnynzyDysz3g==,east_village,2018-08-31,1,2,6282339.255111101,1840752.6094202173
x85VKZQRaqUJNaOCOpm3r3cCOBwnynzyDysz3g==,east_village,2018-08-31,1,2,6282693.20623046,1840714.2501502081
x85VKZQRaqUJNaOCOpm3r3cCOBwnynzyDysz3g==,east_village,2018-08-31,1,2,6283049.145539119,1840065.9737396627
x85VKZQRaqUJNaOCOpm3r3cCOBwnynzyDysz3g==,east_village,2018-08-31,1,2,6284030.897521598,1840823.1687470023
x85VKZQRaqUJNaOCOpm3r3cCOBwnynzyDysz3g==,east_village,2018-08-31,1,2,6284133.202135481,1840948.6336302275
x85VKZQRaqUJNaOCOpm3r3cCOBwnynzyDysz3g==,east_village,2018-08-31,1,2,6284795.813977184,1841112.786094298
x85VKZQRaqUJNaOCOpm3r3cCOBwnynzyDysz3g==,east_village,2018-08-31,1,2,6284797.448817932,1840441.3436464667
x85VKZQRaqUJNaOCOpm3r3cCOBwnynzyDysz3g==,east_village,2018-08-31,2,2,6284025.540340487,1840368.4235228475
x85VKZQRaqUJNaOCOpm3r3cCOBwnynzyDysz3g==,east_village,2018-08-31,2,2,6284874.998073031,1840558.8469140027
x85VKZQRaqUJNaOCOpm3r3cCOBwnynzyDysz3g==,east_village,2018-08-31,5,1,6284029.161504802,1840520.8922372495
x85VKZQRaqUJNaOCOpm3r3cCOBwnynzyDysz3g==,east_village,2018-08-31,1,3,6284741.088844409,1841145.0271977203
x85VKZQRaqUJNaOCOpm3r3cCOBwnynzyDysz3g==,east_village,2018-08-31,2,3,6284701.434027889,1840454.9653636855
x85VKZQRaqUJNaOCOpm3r3cCOBwnynzyDysz3g==,east_village,2018-08-31,2,3,6285311.783312779,1841558.1955075911
x85VKZQRaqUJNaOCOpm3r3cCOBwnynzyDysz3g==,east_village,2018-08-31,1,3,6285299.552514568,1840862.713175288
x85VKZQRaqUJNaOCOpm3r3cCOBwnynzyDysz3g==,east_village,2018-08-31,7,1,6284804.926090353,1841265.2407143905
qiYTtRkgj6fr+M+MbiQgy2gMX9yW+DlwtPJHzQ==,east_village,2018-06-28,1,1,6282749.782133316,1840165.6196715152
qiYTtRkgj6fr+M+MbiQgy2gMX9yW+DlwtPJHzQ==,east_village,2018-06-28,1,1,6284154.264212229,1841488.3215944895
qiYTtRkgj6fr+M+MbiQgy2gMX9yW+DlwtPJHzQ==,east_village,2018-06-28,1,1,6284857.517892621,1841318.4163692412
qiYTtRkgj6fr+M+MbiQgy2gMX9yW+DlwtPJHzQ==,east_village,2018-06-28,1,1,6284639.604408874,1840932.8992365089
qiYTtRkgj6fr+M+MbiQgy2gMX9yW+DlwtPJHzQ==,east_village,2018-06-28,1,1,6283801.4643095955,1841095.2736026705
qiYTtRkgj6fr+M+MbiQgy2gMX9yW+DlwtPJHzQ==,east_village,2018-06-28,1,1,6283894.695350841,1840714.20577826
qiYTtRkgj6fr+M+MbiQgy2gMX9yW+DlwtPJHzQ==,east_village,2018-06-28,1,1,6282894.537307317,1840803.4595081843
qiYTtRkgj6fr+M+MbiQgy2gMX9yW+DlwtPJHzQ==,east_village,2018-06-28,1,1,6282127.841776084,1840545.4264059954
qiYTtRkgj6fr+M+MbiQgy2gMX9yW+DlwtPJHzQ==,east_village,2018-06-28,1,1,6282386.631999053,1840555.2636977572
qiYTtRkgj6fr+M+MbiQgy2gMX9yW+DlwtPJHzQ==,east_village,2018-06-28,1,1,6282070.938700454,1840395.868913977
qiYTtRkgj6fr+M+MbiQgy2gMX9yW+DlwtPJHzQ==,east_village,2018-06-28,1,1,6282418.321118083,1840329.3120170082
qiYTtRkgj6fr+M+MbiQgy2gMX9yW+DlwtPJHzQ==,east_village,2018-06-28,1,1,6282613.303157325,1840415.479496924
qiYTtRkgj6fr+M+MbiQgy2gMX9yW+DlwtPJHzQ==,east_village,2018-06-28,1,1,6283322.916856518,1840552.8458982112
qiYTtRkgj6fr+M+MbiQgy2gMX9yW+DlwtPJHzQ==,east_village,2018-06-28,1,1,6283758.663960649,1840446.664910297
qiYTtRkgj6fr+M+MbiQgy2gMX9yW+DlwtPJHzQ==,east_village,2018-06-28,1,1,6284152.828119985,1840385.239994463
qiYTtRkgj6fr+M+MbiQgy2gMX9yW+DlwtPJHzQ==,east_village,2018-06-28,1,1,6284516.635708072,1840334.3990437798
qiYTtRkgj6fr+M+MbiQgy2gMX9yW+DlwtPJHzQ==,east_village,2018-06-28,1,1,6284630.9618779775,1840549.4680900224
qiYTtRkgj6fr+M+MbiQgy2gMX9yW+DlwtPJHzQ==,east_village,2018-06-28,1,1,6285058.187635807,1840485.3314045307
qiYTtRkgj6fr+M+MbiQgy2gMX9yW+DlwtPJHzQ==,east_village,2018-06-28,1,1,6285064.58897584,1840340.8632265963
qiYTtRkgj6fr+M+MbiQgy2gMX9yW+DlwtPJHzQ==,east_village,2018-06-28,1,1,6283873.258959943,1840173.2240542846
qiYTtRkgj6fr+M+MbiQgy2gMX9yW+DlwtPJHzQ==,east_village,2018-06-28,1,1,6283329.148260208,1839990.781578036
qiYTtRkgj6fr+M+MbiQgy2gMX9yW+DlwtPJHzQ==,east_village,2018-06-28,1,1,6282353.985485193,1840045.8276451551
qiYTtRkgj6fr+M+MbiQgy2gMX9yW+DlwtPJHzQ==,east_village,2018-06-28,1,1,6282210.918982242,1840025.1859418135
qiYTtRkgj6fr+M+MbiQgy2gMX9yW+DlwtPJHzQ==,east_village,2018-06-28,1,1,6282138.459447553,1840164.571916839
qiYTtRkgj6fr+M+MbiQgy2gMX9yW+DlwtPJHzQ==,east_village,2018-06-28,3,2,6282642.684693611,1840562.4816651377
qiYTtRkgj6fr+M+MbiQgy2gMX9yW+DlwtPJHzQ==,east_village,2018-06-28,3,2,6284846.796676689,1840380.821542773
qiYTtRkgj6fr+M+MbiQgy2gMX9yW+DlwtPJHzQ==,east_village,2018-06-28,3,2,6284022.652980531,1840506.3902552738
qiYTtRkgj6fr+M+MbiQgy2gMX9yW+DlwtPJHzQ==,east_village,2018-06-28,4,2,6282613.115580849,1840890.8572213985
qiYTtRkgj6fr+M+MbiQgy2gMX9yW+DlwtPJHzQ==,east_village,2018-06-28,5,1,6284932.635092356,1840304.4344652176
qiYTtRkgj6fr+M+MbiQgy2gMX9yW+DlwtPJHzQ==,east_village,2018-06-28,5,1,6282340.767720493,1840846.9118232836
qiYTtRkgj6fr+M+MbiQgy2gMX9yW+DlwtPJHzQ==,east_village,2018-06-28,5,1,6282749.090788776,1840722.4168982282
qiYTtRkgj6fr+M+MbiQgy2gMX9yW+DlwtPJHzQ==,east_village,2018-06-28,16,1,6282619.435667969,1840759.5212212445
qiYTtRkgj6fr+M+MbiQgy2gMX9yW+DlwtPJHzQ==,east_village,2018-06-28,2,2,6283824.437075333,1840942.8834510169
qiYTtRkgj6fr+M+MbiQgy2gMX9yW+DlwtPJHzQ==,east_village,2018-06-28,2,2,6282492.469323823,1840807.1241753101
qiYTtRkgj6fr+M+MbiQgy2gMX9yW+DlwtPJHzQ==,east_village,2018-06-28,2,2,6284850.801750549,1840178.57889378
qiYTtRkgj6fr+M+MbiQgy2gMX9yW+DlwtPJHzQ==,east_village,2018-06-28,3,2,6282770.308491582,1840853.6817866308
qiYTtRkgj6fr+M+MbiQgy2gMX9yW+DlwtPJHzQ==,east_village,2018-06-28,8,1,6282481.925474752,1840730.9859888845
qiYTtRkgj6fr+M+MbiQgy2gMX9yW+DlwtPJHzQ==,east_village,2018-06-28,7,1,6282758.554668874,1840528.039333553
qiYTtRkgj6fr+M+MbiQgy2gMX9yW+DlwtPJHzQ==,east_village,2018-06-28,3,1,6284020.955489414,1840335.679055304
qiYTtRkgj6fr+M+MbiQgy2gMX9yW+DlwtPJHzQ==,east_village,2018-06-28,3,1,6282762.169728749,1840388.831137906
qiYTtRkgj6fr+M+MbiQgy2gMX9yW+DlwtPJHzQ==,east_village,2018-06-28,3,1,6283736.171281876,1840076.4014974665
qiYTtRkgj6fr+M+MbiQgy2gMX9yW+DlwtPJHzQ==,east_village,2018-06-28,2,1,6284777.002237562,1840089.4720866021
qiYTtRkgj6fr+M+MbiQgy2gMX9yW+DlwtPJHzQ==,east_village,2018-06-28,2,1,6283261.342433138,1840713.214912985
qiYTtRkgj6fr+M+MbiQgy2gMX9yW+DlwtPJHzQ==,east_village,2018-06-28,2,1,6283811.749538894,1840323.087326834
qiYTtRkgj6fr+M+MbiQgy2gMX9yW+DlwtPJHzQ==,east_village,2018-06-28,2,1,6284854.017976373,1840548.8920848365
qiYTtRkgj6fr+M+MbiQgy2gMX9yW+DlwtPJHzQ==,east_village,2018-06-28,2,1,6285132.133404038,1840550.800291704
qiYTtRkgj6fr+M+MbiQgy2gMX9yW+DlwtPJHzQ==,east_village,2018-06-28,2,1,6284933.415120325,1840178.365558526
qiYTtRkgj6fr+M+MbiQgy2gMX9yW+DlwtPJHzQ==,east_village,2018-06-28,1,2,6284354.162747512,1840334.8186031128
qiYTtRkgj6fr+M+MbiQgy2gMX9yW+DlwtPJHzQ==,east_village,2018-06-28,1,2,6283888.431445986,1841281.5229695474
qiYTtRkgj6fr+M+MbiQgy2gMX9yW+DlwtPJHzQ==,east_village,2018-06-28,1,2,6283042.235226337,1840075.5670780444
qiYTtRkgj6fr+M+MbiQgy2gMX9yW+DlwtPJHzQ==,east_village,2018-06-28,1,3,6283122.573514536,1840443.0547206409
qiYTtRkgj6fr+M+MbiQgy2gMX9yW+DlwtPJHzQ==,east_village,2018-06-28,4,1,6282910.02133353,1840081.1612855631
qiYTtRkgj6fr+M+MbiQgy2gMX9yW+DlwtPJHzQ==,east_village,2018-06-28,1,2,6284504.239292572,1840557.6745107467
qiYTtRkgj6fr+M+MbiQgy2gMX9yW+DlwtPJHzQ==,east_village,2018-06-28,7,1,6284792.1259718565,1841205.650308533
qiYTtRkgj6fr+M+MbiQgy2gMX9yW+DlwtPJHzQ==,east_village,2018-06-28,5,1,6283883.638913639,1841165.9740274304
qiYTtRkgj6fr+M+MbiQgy2gMX9yW+DlwtPJHzQ==,east_village,2018-06-28,1,3,6284964.454216047,1840057.47130002
ww6TKbivhm3fPs4SYlIir694q99BmfCNnFpV3Q==,east_village,2018-11-28,1,1,6282767.271189622,1840934.918602465
ww6TKbivhm3fPs4SYlIir694q99BmfCNnFpV3Q==,east_village,2018-11-28,1,1,6282343.591273661,1840909.8560651229
ww6TKbivhm3fPs4SYlIir694q99BmfCNnFpV3Q==,east_village,2018-11-28,1,1,6282414.770578174,1840545.6393510182
ww6TKbivhm3fPs4SYlIir694q99BmfCNnFpV3Q==,east_village,2018-11-28,1,1,6282205.608214484,1840456.0550999579
ww6TKbivhm3fPs4SYlIir694q99BmfCNnFpV3Q==,east_village,2018-11-28,1,1,6284879.639706063,1840505.0083381024
ww6TKbivhm3fPs4SYlIir694q99BmfCNnFpV3Q==,east_village,2018-11-28,1,1,6282210.717860539,1840044.252862379
ww6TKbivhm3fPs4SYlIir694q99BmfCNnFpV3Q==,east_village,2018-11-28,1,1,6282760.938893676,1840063.5528012547
ww6TKbivhm3fPs4SYlIir694q99BmfCNnFpV3Q==,east_village,2018-11-28,1,1,6283181.941215347,1840165.6683209862
ww6TKbivhm3fPs4SYlIir694q99BmfCNnFpV3Q==,east_village,2018-11-28,1,1,6283743.363710693,1840392.1488759054
ww6TKbivhm3fPs4SYlIir694q99BmfCNnFpV3Q==,east_village,2018-11-28,1,1,6283790.649707258,1840936.5986744065
ww6TKbivhm3fPs4SYlIir694q99BmfCNnFpV3Q==,east_village,2018-11-28,1,1,6283746.818434416,1841130.6913136162
ww6TKbivhm3fPs4SYlIir694q99BmfCNnFpV3Q==,east_village,2018-11-28,1,1,6284117.652124567,1840550.2203461349
ww6TKbivhm3fPs4SYlIir694q99BmfCNnFpV3Q==,east_village,2018-11-28,1,1,6283869.5909384545,1840056.9601142716
ww6TKbivhm3fPs4SYlIir694q99BmfCNnFpV3Q==,east_village,2018-11-28,1,1,6284158.459005944,1840069.2179122665
ww6TKbivhm3fPs4SYlIir694q99BmfCNnFpV3Q==,east_village,2018-11-28,1,1,6284637.062808209,1839993.1319343762
ww6TKbivhm3fPs4SYlIir694q99BmfCNnFpV3Q==,east_village,2018-11-28,1,1,6285069.281780288,1840318.368045788
ww6TKbivhm3fPs4SYlIir694q99BmfCNnFpV3Q==,east_village,2018-11-28,1,1,6285127.994530658,1841306.4414322833
ww6TKbivhm3fPs4SYlIir694q99BmfCNnFpV3Q==,east_village,2018-11-28,1,1,6284756.102729422,1840776.4274303776
ww6TKbivhm3fPs4SYlIir694q99BmfCNnFpV3Q==,east_village,2018-11-28,1,1,6284846.8048547665,1840691.0919222538
ww6TKbivhm3fPs4SYlIir694q99BmfCNnFpV3Q==,east_village,2018-11-28,4,1,6284824.660129702,1840547.7102759986
ww6TKbivhm3fPs4SYlIir694q99BmfCNnFpV3Q==,east_village,2018-11-28,1,1,6284932.1568542635,1840765.1757041214
ww6TKbivhm3fPs4SYlIir694q99BmfCNnFpV3Q==,east_village,2018-11-28,2,2,6284893.068179374,1840162.2500278545
ww6TKbivhm3fPs4SYlIir694q99BmfCNnFpV3Q==,east_village,2018-11-28,2,2,6282624.168358924,1840882.2932244544
ww6TKbivhm3fPs4SYlIir694q99BmfCNnFpV3Q==,east_village,2018-11-28,2,2,6282489.386886847,1840901.3684363812
ww6TKbivhm3fPs4SYlIir694q99BmfCNnFpV3Q==,east_village,2018-11-28,2,2,6282346.228366092,1840790.2964810345
ww6TKbivhm3fPs4SYlIir694q99BmfCNnFpV3Q==,east_village,2018-11-28,2,2,6282343.1432218375,1840439.6267838273
ww6TKbivhm3fPs4SYlIir694q99BmfCNnFpV3Q==,east_village,2018-11-28,2,2,6283286.499614895,1840186.5504830608
ww6TKbivhm3fPs4SYlIir694q99BmfCNnFpV3Q==,east_village,2018-11-28,2,2,6284764.031726277,1840436.3453163558
ww6TKbivhm3fPs4SYlIir694q99BmfCNnFpV3Q==,east_village,2018-11-28,3,1,6284021.29357806,1840473.5189689007
ww6TKbivhm3fPs4SYlIir694q99BmfCNnFpV3Q==,east_village,2018-11-28,2,1,6282613.025118137,1840736.2158483535
ww6TKbivhm3fPs4SYlIir694q99BmfCNnFpV3Q==,east_village,2018-11-28,2,1,6282065.31460912,1840464.5231950798
ww6TKbivhm3fPs4SYlIir694q99BmfCNnFpV3Q==,east_village,2018-11-28,2,1,6282904.254359137,1840339.3378381853
ww6TKbivhm3fPs4SYlIir694q99BmfCNnFpV3Q==,east_village,2018-11-28,2,1,6282884.84291842,1840177.3497868767
ww6TKbivhm3fPs4SYlIir694q99BmfCNnFpV3Q==,east_village,2018-11-28,3,1,6282412.179050336,1840713.0188620181
ww6TKbivhm3fPs4SYlIir694q99BmfCNnFpV3Q==,east_village,2018-11-28,3,1,6282714.779355084,1840701.317862508
ww6TKbivhm3fPs4SYlIir694q99BmfCNnFpV3Q==,east_village,2018-11-28,6,1,6282497.5006734375,1840755.2226926112
ww6TKbivhm3fPs4SYlIir694q99BmfCNnFpV3Q==,east_village,2018-11-28,6,2,6282758.896672309,1840807.4280977976
ww6TKbivhm3fPs4SYlIir694q99BmfCNnFpV3Q==,east_village,2018-11-28,1,2,6284771.846811652,1839976.7133850555
ww6TKbivhm3fPs4SYlIir694q99BmfCNnFpV3Q==,east_village,2018-11-28,1,2,6283460.43810875,1840842.1308377679
ww6TKbivhm3fPs4SYlIir694q99BmfCNnFpV3Q==,east_village,2018-11-28,1,2,6283738.674271432,1841244.9571061118
ww6TKbivhm3fPs4SYlIir694q99BmfCNnFpV3Q==,east_village,2018-11-28,1,2,6284008.249872416,1841220.089995289
ww6TKbivhm3fPs4SYlIir694q99BmfCNnFpV3Q==,east_village,2018-11-28,1,2,6282706.402306406,1840571.1706952343
ww6TKbivhm3fPs4SYlIir694q99BmfCNnFpV3Q==,east_village,2018-11-28,1,2,6282161.318764354,1840169.2918074473
ww6TKbivhm3fPs4SYlIir694q99BmfCNnFpV3Q==,east_village,2018-11-28,1,2,6282884.731538306,1840060.4566322046
ww6TKbivhm3fPs4SYlIir694q99BmfCNnFpV3Q==,east_village,2018-11-28,1,2,6283008.645688515,1840184.8802682513
ww6TKbivhm3fPs4SYlIir694q99BmfCNnFpV3Q==,east_village,2018-11-28,1,2,6283539.948897349,1840560.2413640255
ww6TKbivhm3fPs4SYlIir694q99BmfCNnFpV3Q==,east_village,2018-11-28,1,2,6284158.780489456,1840406.6140632525
ww6TKbivhm3fPs4SYlIir694q99BmfCNnFpV3Q==,east_village,2018-11-28,1,2,6284092.670329139,1840316.521938079
ww6TKbivhm3fPs4SYlIir694q99BmfCNnFpV3Q==,east_village,2018-11-28,1,2,6284527.549175944,1840546.1084288582
ww6TKbivhm3fPs4SYlIir694q99BmfCNnFpV3Q==,east_village,2018-11-28,1,2,6284916.078631691,1841214.2102854264
ww6TKbivhm3fPs4SYlIir694q99BmfCNnFpV3Q==,east_village,2018-11-28,3,1,6283742.930847066,1839937.8595702471
ww6TKbivhm3fPs4SYlIir694q99BmfCNnFpV3Q==,east_village,2018-11-28,3,1,6283044.26698285,1840035.9801937765
ww6TKbivhm3fPs4SYlIir694q99BmfCNnFpV3Q==,east_village,2018-11-28,3,1,6283745.833732951,1840097.2495598085
ww6TKbivhm3fPs4SYlIir694q99BmfCNnFpV3Q==,east_village,2018-11-28,4,2,6284890.557655255,1840414.6427422524
